,movie,valence,energy,darkness,tension,warmth,humor,url
0,"Lock, Stock and Two Smoking Barrels",-1.1556079082430393,-0.29894779087695644,0.7605675121712401,-0.8709533993777477,-0.8453937919766712,1.33955230378029,/6pJB2t3MbQUy9m5pFIBHXLqnqNd.jpg
1,Brother Bear,1.0946212765571857,0.024559270389897876,-0.3511495262427541,-1.1572237356163235,0.42119450638377487,-0.07967397869327218,/otptPbEY0vBostmo95xwiiumMJm.jpg
2,Beauty and the Beast,2.2263628903730144,-0.7544311696755505,-1.993755427205086,-0.6721818361487325,2.4775180042262313,-0.08468416121693072,/hUJ0UvQ5tgE2Z9WpfuduVSdiCiU.jpg
3,Captain America: The Winter Soldier,-1.425456401184312,0.9136157265482552,-0.05792239919054571,-0.18691837160488778,-0.7171486713176052,-1.1041828035462167,/tVFRpFw3xTedgPGqxW0AOI8Qhh0.jpg
4,13 Going on 30,0.6081123174597872,-1.4076298082006342,-1.1912656374730137,-0.8654560812337392,2.5756572801083664,1.254420635660372,/iNZdSIfhSCMtRILDNyhLn8UKeSG.jpg
5,The Aristocats,0.41531827619515294,-0.1943006828714175,-0.42015580686262277,-1.0777828607692392,0.32543660083104986,1.5302283195556663,/1BVOSmQUhphMgnTxnXyfQ9tL1Sc.jpg
6,The Hunger Games: Catching Fire,-0.5272351230974174,0.832411844993557,-0.5721057482399785,-0.7998733759888276,-0.47956831329312916,-0.3252534064727821,/vrQHDXjVmbYzadOXQ0UaObunoy2.jpg
7,Iron Man 2,-0.16960614689856898,1.296664933926701,0.028423152991434147,-0.3496678730326517,-0.6091919141791835,-0.7025397201412331,/6WBeq4fCfn7AN0o21W9qNcRF2l9.jpg
8,The Chronicles of Narnia: The Voyage of the Dawn Treader,-0.20281877280152638,-0.3840965460537488,-0.09147258348375249,-0.5403506436438333,0.8740278603786508,-1.1347068547568142,/pP27zlm9yeKrCeDZLFLP2HKELot.jpg
9,The Little Mermaid,0.7478821568475179,-0.5266804684596823,-1.1077412571223555,-0.8655357231640542,1.6509181309256429,-0.6540968921950442,/plcZXvI310FkbwIptvd6rqk63LP.jpg
10,Mulholland Drive,0.1068339960028464,-0.5889992626594905,0.39396013419473175,3.228431491762745,0.11246776379584011,-0.7987480725899817,/x7A59t6ySylr1L7aubOQEA480vM.jpg
11,How to Train Your Dragon,0.8403056813091372,0.7261287515944447,-2.7497248957197122,-0.31923679735130084,2.0670491612176995,0.6908242089251144,/ygGmAO60t8GyqUo9xYeYxSZAR3b.jpg
12,Shrek Forever After,0.1807936221925968,-0.5466803802722128,-0.2489815631771158,-1.1893716642976797,0.4562381992763359,1.1550850813492233,/6HrfPZtKcGmX2tUWW3cnciZTaSD.jpg
13,Toy Story 3,0.6867188350571302,-0.8231570690413478,-0.46410421287957865,-1.5104263613474578,0.11257558353680155,2.1527918119329086,/AbbXspMOwdvwWZgVN0nabZq03Ec.jpg
14,Thor,1.2643133106984272,1.1422825457084087,0.13065606785108563,-0.5240114337770174,-0.35688201471449993,-1.2372490543630499,/prSfAi1xGrhLQNxVSUFh61xQ4Qy.jpg
15,The Princess and the Frog,1.5880596251769277,-0.5305504142741136,-0.3176697888191954,-0.3538997724912464,2.467776826499666,0.1180444811151685,/v6nAUs62OJ4DXmnnmPFeVmMz8H9.jpg
16,Yes Man,2.6194966424647435,-0.5021874673916188,-1.134660709488494,-0.8807648876331146,1.4579345424753767,1.863692937679996,/16zVbgFLTUaUTG1wQHuGjfWNuDM.jpg
17,Inside Out 2,2.146218588073711,0.4547163033841361,-0.36423699402196497,0.7233185758919162,1.0298546028675135,0.9162835359826061,/vpnVM9B6NMmQpWeZvzLvDESb2QY.jpg
18,The Amazing Spider-Man 2,1.4556711514179246,1.5918543114205195,-0.915009831718357,-0.23284176266337292,-0.23261454020393968,-0.16768967040093913,/dGjoPttcbKR5VWg1jQuNFB247KL.jpg
19,Maleficent,-0.23708508111554397,1.1526101028970364,0.6352506637784998,1.1713968571940874,1.538035444762544,-0.8972413337947384,/bDG3yei6AJlEAK3A5wN7RwFXQ7V.jpg
20,Ant-Man,1.111367867274987,0.9739130559592936,-0.4685486300536587,-0.573939697419962,-0.7461532632492869,-0.10476525542763337,/rQRnQfUl3kfp78nCWq8Ks04vnq1.jpg
21,Taxi Driver,-0.07148846869952606,-0.5113088423990428,0.4211418775111095,-0.31891320440444015,0.6992700435197999,0.18046892494766006,/ekstpH614fwDX8DUln1a2Opz0N8.jpg
22,Lady and the Tramp,-0.14932960794518005,-0.3462666646908214,-0.513392458645437,-1.0947920233097168,2.074882217010604,1.7800679581582879,/340NcWz9SQXWQyf4oicMxjbrLOb.jpg
23,The Iron Giant,-0.08210992746045814,-0.6799494642561165,-1.1076380815822213,0.5390912602467609,0.9821361586184099,-0.48630518889801505,/ct04FCFLPImNG5thcPLRnVsZlmS.jpg
24,Back to the Future,1.2876936243949184,-0.2524283240911868,-0.5110522707845012,-1.598262474686299,0.8287503235635426,1.2189937897468495,/vN5B5WgYscRGcQpVhHl6p9DDTP0.jpg
25,Madagascar: Escape 2 Africa,0.3670460115111563,0.19178703496620902,-0.21195085292707072,-1.3488859793585903,-0.09444095198316418,1.7584465392997624,/agRbLOHgN46TQO4YdKR462iR7To.jpg
26,Sherlock Holmes,0.31295589760115267,1.2363030782152085,0.9418661030108172,1.7412245766384384,-0.6884331262363623,-1.4413818454492187,/zz0vClg5NdYbhpqaEGyJENrGVSw.jpg
27,Pocahontas,-0.07547971034052153,0.28426669697214757,-0.18883367418638602,-0.8061785479142012,1.474007653658864,-0.7700911561807536,/kZ1ft0QZ4e3zDUPMBftEkwI9ftd.jpg
28,The Hunchback of Notre Dame,0.12243409058847364,-0.7701797522087518,-0.4478948167893586,-0.04027861022279419,0.6753102655396861,0.023258187524828694,/7k0fr2xLCTChjN8MnGNThTP9uEB.jpg
29,Shark Tale,-0.3711918632626469,0.47649822974436357,0.05458850513794752,-0.148232494374214,-0.06358288803932162,0.3956589699123039,/r08DpyPyhXcJTfNZAICNGMzcQ8l.jpg
30,The Good Dinosaur,0.7554221917098525,0.005460393951244647,0.6392935887463397,-0.5980786890555544,-0.2313857566434381,-0.7341525853527788,/8RSkxOO80btfKjyiC5ZiTaCHIT8.jpg
31,Predator,-1.202049440621414,1.5304633609203464,-0.1381620211489606,0.3934734309721313,-1.6011991322787134,-0.15650145263181472,/k3mW4qfJo6SKqe6laRyNGnbB9n5.jpg
32,Mean Girls,1.3806172464018722,-1.3618343586882713,-1.0937324190211712,0.24218485289325248,1.186166451646551,2.1082998921901295,/2ZkuQXvVhh45uSvkBej4S7Ix1NJ.jpg
33,The Wolf of Wall Street,1.719355187087011,-0.33403052716841286,0.08022898414497391,-0.4320193659786788,0.15634100541192592,2.3629101517522098,/kW9LmvYHAaS9iA0tHmZVq8hQYoq.jpg
34,Mulan,0.0021360266089391878,0.2947207814512736,-1.268336381194189,-1.170350070746403,0.8801179622402308,-0.22578922232331883,/bj3iSjLlkwHtJrPmvHXa8P7edI9.jpg
35,WALL·E,0.3571637714554896,-0.7172390061824031,-0.6663612419963912,-1.1618632449636608,0.27806636197241036,-0.234068649853955,/hbhFnRzzg6ZDmm8YAmxBnQpQIPh.jpg
36,Peter Pan,0.3777380688243466,-0.3354445162193893,0.0003396897435562272,-1.5247523413690909,0.3427298853660521,-0.8129794749027767,/fJJOs1iyrhKfZceANxoPxPwNGF1.jpg
37,Snatch,-0.07756542006286231,0.03260885130517958,0.9481657676209918,-0.6488000651988504,-0.003267249780605104,1.4271077888901345,/kJZoAHq1SLDdWjeNGtlHAnGpmFV.jpg
38,Quantum of Solace,0.0071400087380237365,2.060691385385734,0.5528268591564436,0.4253903014523464,-0.9236561655895885,-0.01944836205360875,/e3DXXLJHGqMx9yYpXsql1XNljmM.jpg
39,Escape Plan,0.07604076865227392,0.5017775801379131,-0.7795844509992251,0.2556927057517923,-1.3085520759429465,0.26831727152690477,/qOZPLflxDqKogu9v9hYw3lolxGs.jpg
40,The World's End,0.5656408155533497,0.006034301538461542,-0.0200548438719534,-0.8397215572479958,-0.4667343342668625,1.3299465435156343,/kpglnOBYmKn0AkkWDzGxzKHDbds.jpg
41,Atlantis: The Lost Empire,0.7344159550651513,-0.15495119789385053,-0.8404682075486222,-1.435190258100619,0.4042413606831155,0.0666555780504388,/rdCyK9hgoA2vYrLtVFpDc3KWBaC.jpg
42,Sleeping Beauty,0.727198084788517,-0.7418703295883688,-1.2899243353362402,-1.2737644113137288,2.008766414648322,-0.19069553347262833,/n3pxoMDDxp10c1smgbDzW4bwlzq.jpg
43,Pinocchio,0.7905944211616478,-0.8062749839924104,-0.7007211806352615,-0.5950862182985832,1.245373445088866,0.09715671700416975,/bnZJrLRnoQHpzEJdka1KYfsAF3N.jpg
44,The Thing,-0.9530482115202032,-0.33109935779990574,2.33751926053324,1.29517765686421,-1.3586871881087799,-0.494088718102095,/tzGY49kseSE9QAKk47uuDGwnSCu.jpg
45,This Is the End,1.55092340279772,0.3273946025847844,-0.15558187250019284,-0.12834965518066072,-0.7052075211521122,1.3513446642296711,/tNIW0NhX1hKvUsy6PQ80DOKUhkD.jpg
46,Captain Phillips,-0.01617711421907938,0.7059423902629905,0.4662620094959972,1.4749576571415175,-0.6035098522562369,-1.1177912922587836,/8Td0kkocW6sD3uRpzwfMfkqMWhx.jpg
47,The Hangover Part III,-1.2085772796106333,-1.0541604547560137,0.1424698210585669,-1.0337402416685713,-0.024044039858790705,0.36955569947747036,/vtxuPWkdllLNLVyGjKYa267ntuH.jpg
48,Frozen,0.15877442984592444,0.034601228829527805,-0.8166137764902104,-0.011339014068713626,0.016959853170481678,-1.0740119651178728,/itAKcobTYGpYT8Phwjd8c9hleTo.jpg
49,Star Wars,1.0362831834240567,2.08184067529347,-0.9985277278797655,-0.5147512991556258,-0.2585778782358361,-1.4655643107269731,/6FfCtAuVAW8XJjZ7eWeLibRLWTw.jpg
50,The Notebook,0.022296372147711907,-1.4128010472394223,-0.22000613925206572,-0.2847371373989924,2.7536457413085045,-0.2789278509329705,/rNzQyW4f8B8cQeg7Dgj3n6eT5k9.jpg
51,Snowpiercer,0.23189140624154206,0.3223174044118718,-0.9990849285492162,0.17838669721799005,0.07697850326204093,-0.3560793855542362,/nzccOvhrLGI0nvAknCEAk8bchD9.jpg
52,Scarface,-1.7694645346224112,-0.007678072396714477,0.6252822668709678,0.11971312913649869,-0.09904621832390874,-0.5809909469313571,/iQ5ztdjvteGeboxtmRdXEChJOHh.jpg
53,Cinderella,-1.0359272460698825,-0.7816122866842432,-0.9139868244774271,-0.48613330815121786,2.478776589072051,-0.4772916783533686,/4nssBcQUBadCTBjrAkX46mVEKts.jpg
54,The Prestige,-0.8764750366180206,-0.39207434040114625,-0.2503690697751067,2.096143015027125,0.6984640482608611,0.02131888982099196,/bdN3gXuIZYaJP7ftKK2sU0nPtEA.jpg
55,Hellboy II: The Golden Army,-0.3451480475480132,0.44025063243320367,-0.09448751168198592,-0.22681634068146747,-0.8065725940413517,-1.3190055543266304,/zO0Wdrxnhx3KoJEvychSmnY3urC.jpg
56,Seven Pounds,-0.34979378146142426,-1.6048699785079468,-0.9521335296383077,-0.4476853535241233,0.41509244415916674,-0.30038368055565684,/85zUipgVy2QbvAJ6djZXYaGckMv.jpg
57,Shutter Island,-0.9387261160298989,-1.241461188067062,-0.09435340985617399,2.0182427480219176,-0.14430005358191617,-0.29264918786393607,/nrmXQ0zcZUL8jFLrakWc90IR8z9.jpg
58,Dumbo,-0.981203868061203,-0.4449288024221031,-0.5251644822485423,-0.6137030536140922,0.2266972858889328,0.4578750835139046,/4x9FmvdJ464Fg7A9XcbYSmxfVw3.jpg
59,Pretty Woman,0.9964401927860571,-0.7533052546397209,-1.0928700548213726,-1.04686813731233,1.5810951141357834,1.6981854707605955,/hVHUfT801LQATGd26VPzhorIYza.jpg
60,Pitch Perfect,0.5078487563029637,-1.1982514716360708,-0.42793100918247023,-1.2912434649585731,1.243380914643636,0.8027172688677009,/gsFoJk9g8W3zgaipRrrURk7LbiF.jpg
61,The Big Lebowski,-0.9525643335205313,-0.41226293447656126,0.3057813148792002,-0.993846684758646,-0.1668648496204637,1.3052267451290467,/9mprbw31MGdd66LR0AQKoDMoFRv.jpg
62,Lilo & Stitch,0.00983493204754299,-0.8793130433617807,-0.36206835143222027,-0.8368355543946016,0.3768661191584374,0.9731070507867864,/m13Vbzv7R2GMAl3GXFrkmMEgCFQ.jpg
63,Mamma Mia!,1.1423647991293686,-0.8177846828690827,-0.8054303414285866,-0.8913839695842333,1.543667887687753,0.9735722552544706,/zdUA4FNHbXPadzVOJiU0Rgn6cHR.jpg
64,The Secret Life of Walter Mitty,0.21564770857535867,-0.3507999279394064,-0.49813763412418116,-0.4705852601426526,0.5597014021987056,1.3817853276732694,/tY6ypjKOOtujhxiSwTmvA4OZ5IE.jpg
65,The Emperor's New Groove,0.5798567066529094,0.6350834428042255,-0.2695704026671005,-0.7481644547716606,0.20896345752058004,2.0001154187092665,/xU635vn1lMD9DWDloeuKmuhxxnQ.jpg
66,The Untouchables,-1.786428095394862,-0.040926170675063656,0.93061528733175,0.1928346388147379,-1.2255550409147296,0.3159337592932122,/8BquGK22zCcsmBWiaIakaaPpSZb.jpg
67,White House Down,-1.3315649396535014,0.15276779399295148,-0.4257719170341806,1.0321106264009012,-0.6422816944812002,-0.2737190598275969,/6TeIVKPw7nXXWy2zKmDmlnSwzb7.jpg
68,Olympus Has Fallen,-1.9078650620118842,0.8280141554980681,0.14066734832887762,0.8569093961914438,-1.5554514552821417,-0.6842779019523708,/u3GTFGwesNBNd0t1hiLaEk1iqZU.jpg
69,Charlie and the Chocolate Factory,2.9423770836388368,0.2292235530380243,-0.6685558927791184,-1.314364351460726,0.14633365125779949,1.736097088832638,/iKP6wg3c6COUe8gYutoGG7qcPnO.jpg
70,Guardians of the Galaxy,1.1092662623363903,1.2392799880384344,-0.6955889997946286,-0.7112037347030762,-0.9843070896557646,-0.9555338625945767,/r7vmZjiyZw9rpJMQJdXpjgiCOk9.jpg
71,The Wild Robot,-0.5819222257793536,-0.5751470496603416,-1.0641090377574718,-0.20384230966313485,-0.020319619244990407,0.3598447783777942,/wTnV3PCVW5O92JMrFvvrRcV39RU.jpg
72,Dawn of the Planet of the Apes,-1.1552406803927273,0.15207275619632665,-0.18963549364283164,2.586771488447961,-1.201464103123013,-0.8311192371438461,/kScdQEwS9jPEdnO23XjGAtaoRcT.jpg
73,Hercules,3.5864293189713887,0.21265432161263542,-1.5085606463016237,-0.8675589848828958,1.2781518702717058,1.2149998300551879,/dK9rNoC97tgX3xXg5zdxFisdfcp.jpg
74,Finding Nemo,-0.6558439137111652,-1.0581629755174295,-0.6702855392714098,-0.9585392732014633,0.8301058835565266,-0.25153100158477326,/eHuGQ10FUzK1mdOY69wF5pGgEf5.jpg
75,The Lord of the Rings: The Fellowship of the Ring,0.1454789934595914,2.02600605442187,-0.2333743394553481,-0.11623500664263436,-0.6129983025593602,-0.3652966138997459,/6oom5QYQ2yQTMJIbnvbkBL9cHo6.jpg
76,The Grand Budapest Hotel,1.4093949197370454,-1.0163919276572937,-0.1630113246610481,-0.45245981943847113,0.7063042284680109,0.7348894938797125,/eWdyYQreja6JGCzqHWXpWHDrrPo.jpg
77,Alice in Wonderland,0.24626970425791922,0.313483768508001,-0.36875662779134477,-0.8376312305959991,0.6383599165837541,-0.9349187200789697,/20cvfwfaFqNbe9Fc3VEHJuPRxmn.jpg
78,The Lord of the Rings: The Two Towers,0.32216565323110946,1.6648708132619963,-0.07269997639284895,-0.15802479202682532,-0.5994044192209712,-0.6395322685794453,/5VTN0pR8gcqV3EPUHHfMGnJYN9L.jpg
79,Alice in Wonderland,0.39195032236932403,0.313483768508001,0.36877993920817065,0.4090866304268393,0.6383599165837541,-0.9349187200789697,/o0kre9wRCZz3jjSjaru7QU0UtFz.jpg
80,The Hurt Locker,-0.762179057817272,0.06192967614313549,2.723746959928806,1.485011712386416,-0.9049131922645169,-0.5460842306620258,/io2dfBJhasvGbgkCX9cCGVOiA99.jpg
81,Assassin's Creed,1.4841646059779476,0.952485874118781,0.26449259141078535,-0.8115717482139244,-1.0006800068929869,-0.8291170913335586,/kDXewoEcvbn0pUvJ8W3vfkuWgHw.jpg
82,The Lord of the Rings: The Return of the King,0.4739861089115546,1.8630386963839534,-1.7018249181998564,0.10956466281395516,-0.2355171768549175,-0.5666277156296166,/rCzpDGLbOoPwLjy3OAm5NUPOTrC.jpg
83,One Hundred and One Dalmatians,2.139917161892914,-0.16963640724424353,-0.3829877746724439,-1.3294072388980003,0.5565149702131826,1.6713489781273836,/kSlYq6FrBUviGSEh8v4L9nrSnBT.jpg
84,About Time,0.5358367350315807,-0.9558636709278181,-2.7446729429833594,-0.13072728354768465,3.1681055798474085,0.22489643341132434,/iR1bVfURbN7r1C46WHFbwCkVve.jpg
85,The Hobbit: The Battle of the Five Armies,-1.0518635431030654,1.0118757470922768,-0.40156904322971554,-0.47027477365295045,-0.5876151218321489,-1.016919224871515,/xT98tLqatZPQApyRmlPL12LtiWp.jpg
86,Slumdog Millionaire,0.1484050732633717,-1.5938444193626082,-0.5243695865873975,0.09156099790945103,1.2096149767646722,-0.6266708136593493,/5leCCi7ZF0CawAfM5Qo2ECKPprc.jpg
87,Harry Potter and the Deathly Hallows: Part 1,1.0837443269828813,-0.21135214849665793,0.1070840617000419,-0.9861379793984004,-0.18237649690340363,-0.5121234479880902,/iGoXIpQb7Pot00EEdwpwPajheZ5.jpg
88,Harry Potter and the Deathly Hallows: Part 2,-0.09661401136535806,0.09121391477660962,0.3811851383964638,-0.5189999741362812,-0.37010057833157983,-0.9071316128976974,/c54HpQmuwXjHq2C9wmoACjxoom3.jpg
89,Grave of the Fireflies,-0.9941098578103508,-1.9052052456974853,1.4254453096971087,-0.15353329925979692,0.25781073859354015,-1.1217100376492837,/k9tv1rXZbOhH7eiCk378x61kNQ1.jpg
90,Godzilla,-1.7457219476789338,0.371033475502308,-0.10285785267347211,1.1091221251326782,0.4436246131366229,-1.1523400848145435,/zokD6uxR2iWfYM3Y84yGJvnNTK7.jpg
91,Ghost Rider,-1.0177605179896525,0.8755018632509217,0.5601062737721437,1.400132512385693,-0.5756608784562967,-0.3581467649152879,/1pyU94dAY7npDQCKuxCSyX9KthN.jpg
92,Bridge to Terabithia,-0.03029252429528691,-0.9239479664573701,0.22016249744018046,-0.304460609132968,0.5907318268715324,-0.5444556402919571,/3xFxGodKPMFLheS8rujFSmLfcq4.jpg
93,Alien: Covenant,-0.12329264565979575,-0.28480312691458654,1.2283450353991703,0.7576361108934798,-1.5970639548851306,-1.0528287271119245,/zecMELPbU5YMQpC81Z8ImaaXuf9.jpg
94,300,-0.7245888267295667,1.051025734472206,0.04169279351811659,-0.37654201786589747,-0.367579295664077,-0.6924537767886328,/h7Lcio0c9ohxPhSZg42eTlKIVVY.jpg
95,Finding Dory,2.1965767308987534,-0.4405451638153304,0.20946556340487962,-1.119688133454528,0.5910251859423402,0.9665251302687415,/3UVe8NL1E2ZdUZ9EDlKGJY5UzE.jpg
96,X-Men: Days of Future Past,-0.20165463449344842,0.771323223423851,-0.5716199835537908,-0.6453162927182712,-0.8044459435804382,-0.984374719458461,/tYfijzolzgoMOtegh1Y7j2Enorg.jpg
97,Princess Mononoke,0.32071345489892616,-0.06670521686605804,-0.19725905385543938,-0.6938628701178646,0.11443999976501248,-0.6091982905995477,/cMYCDADoLKLbB83g4WnJegaZimC.jpg
98,Spirited Away,-0.5791881252418446,-1.1613927376569342,-0.30616458410865327,-1.0663117847926626,0.3000845876371947,-0.37497902958228096,/39wmItIWsg5sZMyRUHLkWBcuVCM.jpg
99,Forrest Gump,1.8537621045201358,-1.031011119003293,-0.8541507260782614,-0.3168211407520968,1.511034199406389,2.3406731276609976,/saHP97rTPS5eLmrLQEcANmKrsFl.jpg
100,Bolt,1.1585219323400255,-0.03972187477754999,-0.27212687670505464,-1.1560522821475023,0.1959841011640708,1.1665368500296187,/v5aC4nrzXFGJDWY4JO1eengXzqk.jpg
101,The Hunger Games: Mockingjay - Part 1,-1.0735272620853453,-0.12415245631081864,0.45767298647451565,0.336791189811671,-0.6961894301994084,-0.8467888653748008,/4FAA18ZIja70d1Tu5hr5cj2q1sB.jpg
102,The Hunger Games: Mockingjay - Part 2,0.6128419119487291,0.9128190989014343,-2.7964939240604263,-0.9255215717852222,0.5637045801074126,0.011069158093115037,/lImKHDfExAulp16grYm8zD5eONE.jpg
103,Watchmen,-0.2955569002751818,0.4178361928063582,-0.20433989841797154,0.4594851102811683,-0.6850810153286634,-0.26253712901044995,/aVURelN3pM56lFM7Dgfs5TixcIf.jpg
104,Gran Torino,-1.1319969299346588,-1.751485882346896,-0.9990376708987504,-0.6312486148657774,0.8117746916972653,-0.1294381158076304,/zUybYvxWdAJy5hhYovsXtHSWI1l.jpg
105,Angels & Demons,-1.1191630904149337,0.24373679683354685,0.9086876935548127,2.083341675448464,-0.7866335559499272,-1.5301651277405637,/tFZQAuulEOtFTp0gHbVdEXwGrYe.jpg
106,Star Trek,-0.9521922012668836,0.5390880174680216,-0.10545211085149714,-0.749653166244903,-0.7624498983044138,-0.6398699866803261,/hN2ZtF3Uw6mhIHZiqL0SKzELtKn.jpg
107,Jurassic World,0.5944449496197663,2.4193285171160044,0.2319051553590883,1.6095942631147606,-1.345498625021524,0.13016902646246345,/rhr4y79GpxQF9IsfJItRXVaoGs4.jpg
108,American Psycho,-0.8101570474470642,-0.04545948781746861,1.5042240767879482,1.6547521107479088,-0.15220892190915258,0.4345226115291371,/9uGHEgsiUXjCNq8wdq4r49YL8A1.jpg
109,Rocky,-0.18697012259896692,-1.3837164967567337,-1.944072228372994,0.24715641725865575,1.3654736353769614,-0.7107235714407505,/hEjK9A9BkNXejFW4tfacVAEHtkn.jpg
110,First Blood,-1.2995152429172439,1.5863035713509657,1.3516606431863298,0.46563005089117737,-1.2711209499953091,0.34708982476681133,/a9sa6ERZCpplbPEO7OMWE763CLD.jpg
111,Groundhog Day,0.7878263079725166,-1.9651836160851113,-0.22356288190796966,-0.5342543111772045,1.7682331249669865,0.9043001515509324,/gCgt1WARPZaXnq523ySQEUKinCs.jpg
112,The Lego Movie,1.6581555610257415,1.4129926111643758,-0.8465661149617595,-0.32639994527123944,1.4385889826070037,1.3622640976710951,/lbctonEnewCYZ4FYoTZhs8cidAl.jpg
113,Edge of Tomorrow,-0.24499620678524978,0.3626874939767302,-0.6221477974913794,0.018065912402729076,0.36804969780147295,-0.23841384159538373,/nBM9MMa2WCwvMG4IJ3eiGUdbPe6.jpg
114,Blood Diamond,-0.26125236567180443,0.2126812839207361,0.40124427457547907,1.639890112854716,-0.5457044670584704,-0.7242995119005727,/bqKNoySmI4eOjsSjJEnLj4j2HAp.jpg
115,Fast & Furious,0.7748341649102822,0.46269751613952814,0.808123567224789,1.6111287310784088,-0.217546489464809,-0.306811211006406,/lUtVoRukW7WNtUySwd8hWlByBds.jpg
116,The Expendables 3,-0.16915699809179469,1.0914751403414775,0.07933889728859378,0.7529207587235364,-1.4509910478416315,-0.29043012507976357,/utS5euWHlEdKBNnEFwjpZ2oGuhF.jpg
117,Knowing,-0.5512867977101314,0.3514518567220747,0.9734632275216165,1.2947198504520911,-1.1734401357202668,-0.9482609341054302,/OG0mxQt4YaNIWiz8EKJSHe9lPh.jpg
118,We're the Millers,-0.3755759434320356,-0.7756249604801516,-0.7217715075672759,-1.470822521233256,-0.3369827970606692,2.2707988213243726,/qF2LJ0jwWrtXSuT4AFD5OS2IqaT.jpg
119,The Conjuring,-1.1714949258908387,-0.3028958981282345,2.4824125137005586,1.5613844780069046,-1.2225599975084638,-1.6450961131144037,/wVYREutTvI2tmxr6ujrHT704wGF.jpg
120,Sweeney Todd: The Demon Barber of Fleet Street,-0.8528842158216137,-1.4841557620211305,2.136528384764082,0.2322433218312125,0.8022838362283257,-0.3324930672214912,/gAW4J1bkRjZKmFsJsIiOBASeoAp.jpg
121,American Beauty,-0.016176712744399455,-1.6013127400338385,-0.6224976799472496,-0.8820673778072023,1.2951368097027385,0.5452993049465615,/wby9315QzVKdW9BonAefg8jGTTb.jpg
122,The Pursuit of Happyness,-0.7027300729174056,-1.2500459269131727,-1.1982380641932557,-0.692187881612836,0.8831702243989434,-0.14959661918522313,/lBYOKAMcxIvuk9s9hMuecB9dPBV.jpg
123,Kung Fu Panda 3,1.3859691796626827,0.6369355578131601,-0.6278125171020102,-0.5139325589335882,-0.3317994654825464,1.7313176348769568,/oajNi4Su39WAByHI6EONu8G8HYn.jpg
124,Star Wars: The Force Awakens,0.7423116519262549,1.3295526750289657,-0.4637530555661605,-0.13700281500190914,-0.8350059235123428,-0.03085855890645276,/wqnLdwVXoBjKibFRR5U3y0aDUhs.jpg
125,Donnie Darko,-1.1671207093410838,-1.2845645796908378,-0.22649175722174864,0.7448427225035699,0.4551336162014956,-0.259029596532062,/fhQoQfejY1hUcwyuLgpBrYs6uFt.jpg
126,Justice League,0.07072573482618891,1.464859191770514,-1.0333481538568994,-0.684182232792326,-0.3700371758835885,-0.557337253715431,/eifGNCSDuxJeS1loAXil5bIGgvC.jpg
127,Up,1.7320547841455036,0.008464843516353997,-0.4034905612779748,-1.0463146379720445,0.2621465836676346,1.1821703668306858,/mFvoEwSfLqbcWwFsDjQebn9bzFe.jpg
128,2012,-1.2872132892950048,1.0463629027818666,-0.35690704669071927,0.04577840605550478,-0.5853439991803173,-1.0426496893324764,/c2PkTPT5D9zB8SIm5wNlDAANEqM.jpg
129,Pan's Labyrinth,0.6809787160381595,-0.6986537378458032,0.645190508273029,-0.44214036540269774,0.4189051158571414,-0.5901385048853334,/z7xXihu5wHuSMWymq5VAulPVuvg.jpg
130,Brokeback Mountain,1.5174621778616226,-1.322667887498621,-0.623230283430989,0.13633343581870916,2.305311348171654,-0.4449898929698294,/aByfQOQBNa4CMFwIgq3QrqY2ZHh.jpg
131,The Departed,-0.7331765408982253,-0.15020269620270776,2.1093465095658894,1.6112326724360277,-0.7431639979336796,-0.7207420092888918,/nT97ifVT2J1yMQmeq20Qblg61T.jpg
132,Prisoners,-1.447356688659093,-0.7328619468235735,0.8550948363291954,1.801259990146492,-0.2740087959146843,-1.2750084536788677,/jsS3a3ep2KyBVmmiwaz3LvK49b1.jpg
133,Coraline,0.1661954308540515,-0.748624749626068,0.2513000577854226,-0.4782945692730718,0.45392070104267984,-0.6106794502326772,/4jeFXQYytChdZYE9JYO7Un87IlW.jpg
134,Hellboy,-0.46591462088753677,0.07679818029921878,-0.4726708599530716,-0.7149118588914816,-0.3049289814489826,-0.5045092981782278,/lbaTEneOofwvAyg77R8HbFML2zT.jpg
135,The Illusionist,-0.024044256608795098,-0.5190618841199205,-0.3439728695414394,1.853328293948671,2.486812803101785,-0.6676247597420949,/1O9jUvqkHaGBMVRyOJz1AlkmALW.jpg
136,Citizen Kane,0.7677141710011287,-1.1076650379244068,0.12225805365869782,0.6627600559052503,0.5810567129302817,-0.9634653578687002,/sav0jxhqiH0bPr2vZFU0Kjt2nZL.jpg
137,Inside Out,1.927028028588591,0.23187487489801115,-1.910866123735786,-0.08496001816738229,1.5640867777071075,1.2205550951696984,/2H1TmgdfNtsKlU9jKdeNyYL5y8T.jpg
138,Cinderella,-0.7445660098470728,-1.2982912893820633,-0.9139868244774271,0.13722562236020122,2.4787765890720506,-0.4772916783533686,/j91LJmcWo16CArFOoapsz84bwxb.jpg
139,Dallas Buyers Club,-0.775019521685452,-1.7943255214664584,-0.5895162359823278,-0.5716468848292042,0.3085161312292879,-0.30358449071990606,/7Fdh7gUq3plvQqxRbNYhWvDABXA.jpg
140,Her,0.5975250853233084,-1.5690330136075645,-0.33520435536939636,-0.5766028440578069,2.427842164877262,0.07344435128000644,/eCOtqtfvn7mxGl6nfmq4b1exJRc.jpg
141,Lost in Translation,0.5305080772771216,-1.4244854390832002,-1.1561189139046375,-0.5133517877589885,1.7206806200810907,1.0700399230589686,/3jCLmYDIIiSMPujbwygNpqdpM8N.jpg
142,Collateral,0.2386491260966132,-0.4231841320895452,0.3242180849275574,0.5421977413900968,-0.20797703203846005,0.2023216205552609,/nV5316WUsVij8sVXLCF1g7TFitg.jpg
143,The Dark Knight,-0.8432325400025248,0.9703418050920555,0.041065651525976445,1.277088145129757,0.1477020482896357,-0.37597753288852376,/qJ2tW6WMUDux911r6m7haRef0WH.jpg
144,The Equalizer,-1.8272543057482131,0.8577237703515762,1.366446990529348,0.7187179214774576,-1.2446415544624876,-0.7312958873080088,/9u4yW7yPA0BQ2pv9XwiNzItwvp8.jpg
145,28 Weeks Later,-1.8345637715272358,-0.20444497797560257,2.4015825887370643,0.9010991494390903,-1.2156775230194194,-0.45047009795911164,/oix0aNv1lvW3nUGspUyvSIBlpbs.jpg
146,Live Free or Die Hard,-1.3314353757408754,0.7422761714910203,0.5025586325918814,0.6666847292330812,-1.7043787533427945,-0.1190607906463293,/31TT47YjBl7a7uvJ3ff1nrirXhP.jpg
147,Die Hard: With a Vengeance,-0.38813194807766677,0.876102994916221,0.20847844999800139,0.4729885695505976,-1.411075684472758,-0.12106582725538066,/buqmCdFQEWwEpL3agGgg2GVjN2d.jpg
148,Die Hard 2,-1.3807308743260327,2.1220350864042348,0.2588733490461155,1.3236033424238645,-1.292188800716614,-0.44703319947184467,/ybki0UWO3OPhaM6MSniuKC7sy1R.jpg
149,Interstellar,0.44629370074576113,-0.27233317490482545,-0.076685444849843,0.9812115560510594,0.041892542070819126,-1.1904453093157743,/gEU2QniE6E77NI6lCU6MxlNBvIx.jpg
150,Divergent,0.019845867938368945,0.6355721981562642,-0.20094295256155068,-0.8127982376562833,-0.5032355007169567,-0.6289395553556055,/aNh4Q3iuPKDMPi2SL7GgOpiLukX.jpg
151,Transcendence,0.32718234896957515,-1.1360912253547994,0.358428205824299,2.4095758660227435,0.412668705908843,-0.30726581587862445,/qmOKJWl3wnXDcLhjtJHnCCCvAiO.jpg
152,Resident Evil,-1.5207006913884145,-0.06533760729651988,1.4113105904032637,-0.3375484221995499,-1.741195010746543,-0.5646661780472925,/1UKNef590A0ZaMnxsscIcWuK1Em.jpg
153,Apocalypto,-0.5565137130970392,-0.44943142318461166,0.08550819672438886,-0.14684025608597856,-0.054356102698885474,-1.2430986391943366,/cRY25Q32kDNPFDkFkxAs6bgCq3L.jpg
154,The Purge,-2.0818944176097767,-0.7050630526584016,2.91536187388486,1.8777460602066804,-1.6455071254057412,-1.0346541682190715,/46X1ei9uf13nkkr0OhWldGyr5Uh.jpg
155,The Holiday,1.2351986841771112,-0.4190258389413094,-0.46578927782323815,-0.32399796174428025,1.5659596191315495,0.9908115101260484,/n26GUumac5MrzpJiv0DPI7MMIUJ.jpg
156,School of Rock,1.2974437052190393,-1.3099648909132189,-1.0535627347354943,-1.6724488770420636,-0.24834019743338345,1.5189161957275412,/zXLXaepIBvFVLU25DH3wv4IPSbe.jpg
157,Tomorrowland,0.7077962619355913,-0.29092591138501755,-0.5579879098184867,-0.05044962968352286,-0.0988285294699295,0.344045492468965,/kziYpr5Nfw60P0My8aj1sgCEqed.jpg
158,Night at the Museum,0.4137455970731977,1.063303231651701,-0.32694179479142693,-0.9184678641758703,-0.516743374471858,1.0786663877691662,/pDsAAYf6Zn0yiAGJ6lYGs6hoZ4E.jpg
159,Meet the Parents,1.0019482746078292,-0.5262220283812429,-0.603231724965781,-0.39819010456108234,1.1108906478557168,1.1541961371747849,/5tXJ9ctuyEOMUFLaeqRisbXowWs.jpg
160,Hotel Transylvania 2,1.2288109223351555,-1.0351538753332117,-0.31166411075552625,-1.2759613173345652,-0.04127362307904335,0.7342470941544864,/3nFnrivNgipSKZ8LZJJbRSlAcTR.jpg
161,Ocean's Eleven,0.8500037744810328,0.44643537169897596,0.19097744736978275,0.09628528587796685,-0.3750891199421025,-0.14930689690914584,/hQQCdZrsHtZyR6NbKH2YyCqd2fR.jpg
162,Edward Scissorhands,-0.6692178417162731,-1.2637380791172739,0.009430874756921939,-0.0240585845882935,2.8558871626915656,0.1442955805747713,/e0FqKFvGPdQNWG8tF9cZBtev9Em.jpg
163,Liar Liar,0.3001329585343656,-0.6315548082074485,-1.2435597006017016,-0.8736470131874419,0.6934236404592142,2.0601221483492216,/p1habYSdC7oD3WygQ5lynU5G5rV.jpg
164,Ocean's Twelve,-0.6498791387025179,-0.13078899516652753,0.4845921970573269,0.2002991888054557,-0.46266661537013265,-0.3251245282399077,/pE5anFf7nf6ah7V3VRezQ1KSovi.jpg
165,The Island,0.3736136311431688,1.4131860591807477,0.04050201062788056,0.20225310055325302,-0.5247800225699792,-0.1992375226189589,/9MaZYEyFmQwNeDTxZGQEN8E0e4p.jpg
166,Speed,-0.13547998320783733,1.4203152722391021,0.25674027058588494,0.7362710252119299,-1.251157276743958,0.6681095242355454,/82PkCE4R95KhHICUDF7G4Ly2z3l.jpg
167,Back to the Future Part II,0.4021801682052195,-0.43300141489382654,-0.4710646053841787,-1.3126290230934015,-0.41184002514805623,1.136118336528546,/YBawEsTkUZBDajKbd5LiHkmMGf.jpg
168,Fantastic Four,0.35887283556273386,1.1556378576896218,-0.18232640561869867,-0.5645282208379196,-0.46517325356648376,-0.8970855518613714,/cDroz5qSlP8xZ6tOpeYoPkBvKyL.jpg
169,Pirates of the Caribbean: Dead Men Tell No Tales,0.5005129644863119,0.9289076359503927,-0.31245979770756266,-0.705383622446591,-0.43120619259099546,-0.08496745949575524,/6lAPOAFYFWIO3SQRemEY2wInQMC.jpg
170,How to Train Your Dragon: The Hidden World,0.45563393040059286,0.22315134406785422,-2.7271522240237602,0.7555990089044993,2.1509604438910284,-0.3170015378903581,/xvx4Yhf0DVH8G4LzNISpMfFBDy2.jpg
171,Furious 7,-1.717490508845563,1.7915625722998432,1.0470163755057154,1.22136942827902,-1.1380360664443072,-0.8076561460677267,/ktofZ9Htrjiy0P6LEowsDaxd3Ri.jpg
172,American Hustle,-1.2059886537265891,-0.8015894553048463,0.9029495377533878,0.25473330565679425,0.20409151664100997,-0.7222519698430353,/z6O1KDhfWDTm5ZBr6Ovr0eg8LqO.jpg
173,Inglourious Basterds,0.27886927992479327,-0.28618651967418895,2.1244468675110286,1.3143061920464307,-0.5857116109856146,-0.9956637168964786,/7sfbEnaARXDDhKm0CZ7D7uc2sbo.jpg
174,17 Again,1.071475574277194,-1.6567318857500024,-0.9038312652937465,0.003233685023492082,1.5461417928582049,1.947490442213243,/yEcfFXEWpuXcfsR9nKESVCFneqV.jpg
175,28 Days Later,-1.5561644466535265,-0.5997939868757955,2.3491624246126905,0.5336187988563711,-1.2050573639252111,-1.2361439127024194,/sQckQRt17VaWbo39GIu0TMOiszq.jpg
176,Misery,-1.4070923792746564,-0.45398152440230455,0.02986178577313899,1.1489451245312114,0.29429018739253715,-0.2824029893345479,/klPO5oh1LOxiPpdDXZo1ADgpKcw.jpg
177,The Incredible Hulk,-0.8506942744582983,1.493664668505951,0.41901315115078175,-0.615268211680114,-0.8589885576835847,-0.25315348915745267,/gKzYx79y0AQTL4UAk1cBQJ3nvrm.jpg
178,Iron Man,0.877795557325717,1.1902513943864848,-0.25596360627971954,-0.9085201932356018,-0.754339721867898,0.10402889513139583,/78lPtwv72eTNqFW9COBYI0dWDJa.jpg
179,The Mummy Returns,0.049001734731253445,1.0174874410719477,-0.21517937471525997,-0.5356715362618645,-0.34071168644409244,-0.5319907301569136,/kdJsW7hcy1lrj7tdMPycTAQPAiR.jpg
180,Moon,0.06027552177364228,-1.7362160309152632,-0.6082911510049985,-0.8714082798267162,0.3719076919317422,0.1094235538906021,/35IU0Mq0zFsN1mYwDGts5mKc77n.jpg
181,The Adventures of Tintin,-0.20629562952781444,0.5035793506201003,-0.13291930136684157,0.5325800354942153,-0.0268368073967507,-0.1439155272365329,/fQZ3sLR1Fi63NMsNRbjm9q5qODJ.jpg
182,Saw,-1.6159553466693468,-0.0892176046607086,3.114938383126321,0.975728301107715,-1.1097810323422135,-0.24504726115806733,/rLNSOudrayDBo1uqXjrhxcjODIC.jpg
183,District 9,-0.8907900671348967,-0.7517002735907286,-0.31748856122473273,-0.7545594212550415,-0.2687284607258968,-0.6724232715562918,/tuGlQkqLxnodDSk6mp5c2wvxUEd.jpg
184,Captain America: The First Avenger,0.1762599585807433,1.4476949648761586,-0.21918902150505046,-0.6220477611866848,-0.780443811911161,-0.03077105549854736,/vSNxAJTlD0r02V9sPYpOjqDZXUK.jpg
185,Big Hero 6,1.4554597633307986,0.9982469624715055,-2.612651333004588,0.15502521294594934,0.4460735558168891,1.0812446590663611,/2mxS4wUimwlLmI1xp6QW6NSU361.jpg
186,Mission: Impossible - Rogue Nation,-1.937579203947507,1.0574000490984468,-0.461561201776932,-0.3994637716759479,-0.8380722964515684,-0.6963417940589426,/fRJLXQBHK2wyznK5yZbO7vmsuVK.jpg
187,The Fifth Element,-0.010208385505746145,1.4815825364229873,-0.45470279787612894,0.08015420023445752,-0.6797415116376261,0.19778685665491821,/fPtlCO1yQtnoLHOwKtWz7db6RGU.jpg
188,Minority Report,-1.302073880382587,0.5337167900128811,0.2192613489965456,0.9158121368533803,-1.6305176766240193,-0.4694047763268375,/qtgFcnwh9dAFLocsDk2ySDVS8UF.jpg
189,The Devil's Advocate,-0.6359973857002994,-1.115007828340803,1.6158341403970422,2.1896285965937814,0.5374929606508965,-0.03963981197177612,/5ZzBGpxy55OQzHxKVY11IpY6a0o.jpg
190,Night at the Museum: Secret of the Tomb,1.0586832465804208,0.04299307399569776,-0.4486132100075041,-1.2416270439660282,0.1839580941868718,1.297646214238138,/xwgy305K6qDs3D20xUO4OZu1HPY.jpg
191,Star Wars: The Last Jedi,0.21428095808811629,1.2736925777788657,0.21474646297251437,-0.8637472258663443,-0.4772463320581005,-0.1463241279183006,/ySaaKHOLAQU5HoZqWmzDIj1VvZ1.jpg
192,Star Wars: The Rise of Skywalker,0.8067212238097686,0.9314093870623863,-0.19866843085446018,-1.0284289033156477,-0.39649224935499183,-0.5399626966137266,/db32LaOibwEliAmSL2jjDF6oDdj.jpg
193,Enemy,0.3532083978676093,0.4238180834337739,0.2112462316744472,1.747546198978856,-0.05926359449093183,-0.44727726425811704,/vf40tyDRKZsBmaLsYeopzfFLzLx.jpg
194,The Twilight Saga: New Moon,-0.15736122788177195,-0.5007051717736898,-1.0135786301441847,0.30555433174508967,3.004789099773021,-1.1668724513986062,/k2qTooPlHffgNABNWxeJdGMglPK.jpg
195,50 First Dates,1.5671021670483412,-0.6495731674542801,-0.09505218565430042,-1.1037710611157139,2.522014368801432,2.0896982745252757,/lzUI2Cg7OMfcUNv3f7MywYNBjs6.jpg
196,The Proposal,0.5504612478206254,-1.3660003663518463,-0.8738903565795195,0.20886317641641375,1.5250078570039594,1.4627909094673741,/6stnAm1wSek8ZrislwK4xGTyCnt.jpg
197,Lord of War,-0.2992589252651507,-0.4138601163199266,1.4394886348929818,1.1498205262618706,-0.6151979334362787,-1.6378924567289608,/3MGQD4yXokufNlW1AyRXdiy7ytP.jpg
198,Night at the Museum: Battle of the Smithsonian,2.909370843733202,1.0077538322723603,-0.8316253120327756,-0.9482631791529433,-0.537455303347637,1.2027592780241794,/l9yAQn6TyrA3gv5xZZkiMMoZsiw.jpg
199,Jackie Brown,-0.902755236758526,-0.3917291004414969,0.11278581812045656,0.7425030945024101,-0.010884296066076214,0.7274453872771176,/rOUx7qg4KmEh1juEDwqzbDSL1Nr.jpg
200,A Clockwork Orange,-0.1973075210539066,-0.41581875631312193,-0.1451252930731931,-1.0839231105494362,-0.044583131241946974,0.010185580097715344,/4sHeTAp65WrSSuc05nRBKddhBxO.jpg
201,Transformers,0.0533286470315634,1.170491610337332,-1.2451372269151724,-0.6090335136671852,-1.1513499827890064,-0.11947192647047412,/4N4sipl8T72tNE4earcctQa2Kw2.jpg
202,Pirates of the Caribbean: On Stranger Tides,0.1268909053875274,0.9643824728777561,-0.17623016870855496,-0.2234012308028108,0.11779226010609058,-1.1499760538257113,/keGfSvCmYj7CvdRx36OdVrAEibE.jpg
203,Sin City,-0.48127537820248195,0.16766500815671773,1.7675215930014367,0.6936920193228161,-0.6183362051784788,-0.35866678749285824,/i66G50wATMmPrvpP95f0XP6ZdVS.jpg
204,22 Jump Street,1.2412055494803385,0.6687025191907047,-0.13348563485199852,-1.0955508695305098,-0.7124701256940975,2.2619415638062264,/850chzYHYbT3IISl6Q7dbBuFP2B.jpg
205,The Hangover,0.029280887359064145,-0.6789786710317116,-0.4101929380011805,-0.4026365932282296,0.07970912074604386,1.8929245705794002,/A0uS9rHR56FeBtpjVki16M5xxSW.jpg
206,Clash of the Titans,-0.21253464563398286,0.6979863228240625,0.01392219789662734,-0.28759937028508126,-0.6213731895531469,-1.2620619578831465,/6iHYLipwEyZUPNO8MM3l1yHDaFE.jpg
207,Star Trek Beyond,-2.084845333655037,1.1424842240809658,-0.15110393536473493,-0.1285942657000118,-1.1654480970437453,-1.4637994545271895,/m7SHlvcGfCkbzk2xP7XHDOI6o93.jpg
208,The Empire Strikes Back,0.732992536658519,1.8282576268988924,-0.1509432044023934,-0.11165951551126742,-0.448969800897041,-0.7153069564349634,/nNAeTmF4CtdSgMDplXTDPOpYzsX.jpg
209,Return of the Jedi,0.5275348082423887,1.687398044954425,-0.2929000759826141,0.5197358746770709,-0.650603923998541,-1.6342225041867118,/jQYlydvHm3kUix1f8prMucrplhm.jpg
210,Star Wars: Episode I - The Phantom Menace,0.4313210430801644,0.9613161070128914,-0.41495109102359945,-0.5504631624191036,-0.5823266033868871,-0.6267139615075602,/6wkfovpn7Eq8dYNKaG5PY3q2oq6.jpg
211,Star Wars: Episode II - Attack of the Clones,0.1886357396999946,1.8997186145187752,-0.09039422984102091,-0.20638028081078585,-0.4029150383064094,-0.7580695489654296,/oZNPzxqM2s5DyVWab09NTQScDQt.jpg
212,Star Wars: Episode III - Revenge of the Sith,-1.5809119099497924,0.8350622506586075,-1.4981614794248652,-0.4456830286971564,0.6502258661801814,-1.1754883165133372,/xfSAoBEm9MNBjmlNcDYLvLSMlnq.jpg
213,American Sniper,-0.267669367140711,0.6966657009662145,-0.18959472018161555,-0.6321079934649003,-0.18245275773787362,0.07171940095115358,/i1U46OwMc6vlm7OoSUKfqUH615e.jpg
214,Hulk,-0.7079451128861664,1.9004925759648397,0.623275443268541,0.2867742927072062,-0.9315571779906091,-0.3465410644127339,/UllIft2jLSBaay3zQyMV4GNdfy.jpg
215,The Amazing Spider-Man,-0.34655088997374783,1.2937206683599998,-0.5418152647941175,-0.4815747597398056,0.08721394967968217,-0.19859541411494125,/jexoNYnPd6vVrmygwF6QZmWPFdu.jpg
216,The Others,-1.7554621417281102,-0.49041011255836076,2.558481549093967,2.1159458314507154,-1.4607941906093986,-0.890538963328214,/p8g1vlTvpM6nr2hMMiZ1fUlKF0D.jpg
217,Amélie,0.8810660912795341,-0.7699728422861222,-0.04373334458881573,-0.9213667969997564,1.9282896233698297,0.8676530973379971,/vZ9NhNbQQ3yhtiC5sbhpy5KTXns.jpg
218,Birdman or (The Unexpected Virtue of Ignorance),1.8125182310262515,-1.383044502417603,-0.2108792582273708,-0.39339837081976287,0.8108236265138923,1.688785034296116,/rHUg2AuIuLSIYMYFgavVwqt1jtc.jpg
219,Zodiac,-1.1455183240732896,0.3584523020468531,2.9679045122549996,2.4476459348311908,-1.9698390676878113,-1.7450170006418537,/6YmeO4pB7XTh8P8F960O1uA14JO.jpg
220,The Butterfly Effect,-0.8781936737029913,-1.3318633434108256,1.080164518085119,0.2986356457241519,-0.3618672260954309,-1.1042860157687366,/ea5iv7TWMh18fOKoRGgmtcg85Gx.jpg
221,Neighbors,0.07716456097651418,-1.1354143189789556,-0.3745847050104715,-1.1466606835373374,-0.25233504976811183,1.8334227885367969,/sN1RU08CMi8xkRIibremh3AOdgw.jpg
222,Back to the Future Part III,0.4903635779278942,-0.3506658247176774,0.026680114999819367,-1.4613662263267708,0.04641052508641659,1.131242201414218,/crzoVQnMzIrRfHtQw0tLBirNfVg.jpg
223,Braveheart,-1.2218504206890273,-0.32352516656936925,1.0764843780107414,-0.6117943781854726,-0.08145486400871926,-0.5297358000547489,/or1gBugydmjToAEq7OZY0owwFk.jpg
224,Fantastic Four: Rise of the Silver Surfer,2.5543827750345276,1.8066699954579184,-0.14918437356340225,0.6093863824096941,-0.18692716313377417,0.11998388588562545,/1rxTraSO45jbvTrCeSvJ6RmOu1b.jpg
225,Chappie,-1.0438653697916243,0.5630233252894911,0.5541334562607759,-0.9079719699177582,-0.77017816571919,-0.03814958165452599,/uuDUpzlMFomdSfNWlpEPS9nVZWV.jpg
226,The Maze Runner,-0.3315684376117466,0.5032932668267253,-0.06712344175601867,1.715742447162902,-1.5753454498835788,-0.8229056213237272,/ode14q7WtDugFDp78fo9lCsmay9.jpg
227,Zombieland,-0.651236822935912,-0.5695915053417148,2.4075635609406763,0.11120871970854028,-0.8940840541475681,1.5490703745896774,/dUkAmAyPVqubSBNRjRqCgHggZcK.jpg
228,Death Proof,-1.4887725489076584,1.0783304454077804,1.1627950804230407,1.8465239155547974,-1.4417104807164682,0.9637419976991719,/vtu6H4NWnQVqEp3aanUq3hNeeot.jpg
229,(500) Days of Summer,1.2171688568963166,-1.536060851686247,-0.9045920035647399,-0.39953497940137295,2.104897135134287,1.5042715162581843,/qXAuQ9hF30sQRsXf40OfRVl0MJZ.jpg
230,Lara Croft: Tomb Raider,-0.7411723733072554,0.9742136294910599,-0.3126466302791731,-0.6663959530167183,-0.76794534640036,-0.5075535234094531,/sJpl1EfHGZhbKtZ3fWTlwrpM1tH.jpg
231,Avatar,-0.14752543803708754,1.026752635586887,-1.0866719282187933,-0.5713118109602693,0.2204826505187329,-0.4219587921542679,/gKY6q7SjCkAU6FqvqWybDYgUKIF.jpg
232,"Love, Rosie",0.9248903653729686,-1.365516322859475,-0.8342767959284695,-0.37853148703254774,2.8394940079052873,1.524370276461331,/8Mf9GgyNv5jjLAAPGsom9skH2Du.jpg
233,Crimson Peak,0.10889335045914758,-1.2273313449051186,1.7507782514018555,0.4264245318938127,0.2777154639347721,-0.9322136819026634,/f9TOb5anVwZeSbYjU1qNxPk3KUk.jpg
234,Training Day,-0.5876931811855198,0.08713455297693126,0.14667403748646382,-0.5845636931314188,-0.36210603486699017,0.24024997099881387,/bUeiwBQdupBLQthMCHKV7zv56uv.jpg
235,Despicable Me,1.7926841593578944,-0.48006152908092053,-1.2420147490965994,-0.9772000444080837,0.626319030311522,1.6443246435318501,/9lOloREsAhBu0pEtU0BgeR1rHyo.jpg
236,The Man from U.N.C.L.E.,0.35867018715817095,1.2358929924417448,-0.3276077430077062,-0.8466273876086172,-1.0526850999014339,1.1990934239921776,/y5yZaForGSJbPD66Cvq9AT5WMAD.jpg
237,"I, Robot",-1.3180726114899137,-0.2132171672258605,0.5501457458129221,-0.6522747904155949,-0.8032837788435166,-0.6909801653522749,/efwv6F2lGaghjPpBRSINHtoEiZB.jpg
238,The Book of Eli,0.5914680088143447,0.6800064822601061,-0.21173020365999842,0.17729909349315717,-0.8080868807464456,-0.42385601267610223,/1H1y9ZiqNFaLgQiRDDZLA55PviW.jpg
239,TRON: Legacy,-0.7466543033764602,1.3635066283634716,-0.2851112458751899,-0.3754183922836161,-0.16044924770299349,-0.6852600240656209,/vuifSABRpSnxCAOxEnWpNbZSXpp.jpg
240,The Imitation Game,0.23494206261156592,-0.3465865553074036,0.6234772444261836,0.8721543329951994,-0.21076978534466984,-1.3156774954834765,/zSqJ1qFq8NXFfi7JeIYMlzyR0dx.jpg
241,National Treasure,-0.8408287646367207,1.4537911642952268,-0.5653966785146495,2.325226228197107,-0.9025407822451529,-0.3029496391914516,/pxL6E4GBOPUG6CdkO9cUQN5VMwI.jpg
242,Ratatouille,1.0572067041886724,-1.1864722844129416,-0.29590614611892246,-1.1557242027238115,0.5720312356991245,1.1396658819444858,/t3vaWRPSf6WjDSamIkKDs1iQWna.jpg
243,Predestination,-0.04014410461462666,0.6895653672961196,0.07877048666484635,0.7802561653920501,-1.4229216669233868,-0.7067419479651453,/38Xr1JnV1ZcLQ55zmdSp6n475cZ.jpg
244,Spectre,0.39201791803680935,1.56922629828519,-0.2325340105088483,0.22575415791194173,-0.7885489645397887,0.0680241035984115,/zj8ongFhtWNsVlfjOGo8pSr7PQg.jpg
245,Dead Poets Society,-0.3314280911030957,-1.864786744084272,-0.5833659275279295,-1.0159609377606638,0.32427153281704857,0.05103851953033182,/l5NbiHKUmahlAT3Q1ig8Tyl9xrc.jpg
246,Kingsman: The Secret Service,1.0540888663157406,1.8856430270350688,-0.35345339165373907,0.04986297630291084,0.14714911632344846,1.5760868033859252,/r6q9wZK5a2K51KFj4LWVID6Ja1r.jpg
247,Inferno,0.16080577976300486,0.35150317133757736,0.5162240064855378,1.4987445671668156,-1.128949520772223,-0.7253309917260438,/cnqvFvjAaV28F1tU7986VVg0WP7.jpg
248,X-Men Origins: Wolverine,-0.43882976266704293,1.095309192871967,0.3313221626698773,-0.7138736064117801,-0.5755322234327627,-0.7484396087751155,/yj8LbTju1p7CUJg7US2unSBk33s.jpg
249,Batman v Superman: Dawn of Justice,-1.5171265701465944,1.3023369889844731,-1.0047190295984054,-0.2516250713489664,-0.7398886317399637,-0.5010292047334369,/5UsK3grJvtQrtzEgqNlDljJW96w.jpg
250,American Pie,-0.35799874277713434,-1.0520229488742423,-0.9768753274906596,-1.057603635441736,1.2718558008257688,1.9794438863457793,/5P68by2Thn8wHAziyWGEw2O7hco.jpg
251,Gone Girl,-2.145892229096278,-0.9645468891808143,0.05451786044557616,2.5511621639375446,0.44467823231331305,-0.41805963995538736,/ts996lKsxvjkO2yiYG0ht4qAicO.jpg
252,The Breakfast Club,0.8287597668505593,-1.3983147157077398,-0.6622769720794687,-1.0965416842520914,0.5098896354017536,0.9453785090471304,/wM9ErA8UVdcce5P4oefQinN8VVV.jpg
253,Rush Hour,0.7448259886995058,0.5116113313536808,0.7260220597789118,0.3967788032995004,-0.9974610695895709,2.3054292414718844,/nwPhAsfnb7f46bZkWLG7IRP5HXr.jpg
254,Minions,1.4848307755820636,0.26543686618071743,0.13871624479339614,-0.26251093611797327,-0.2172550516803036,0.9906067987469427,/dr02BdCNAUPVU07aOodwPYv6HCf.jpg
255,L.A. Confidential,-1.341892610888059,-0.4254244211846641,0.9827459708716398,3.323801616528611,-0.3977996633364031,-0.26778660543175486,/lWCgf5sD5FpMljjpkRhcC8pXcch.jpg
256,Orphan,-0.4844674579161648,-0.3444082864501213,1.7678912357492926,0.30249492609776996,-0.4817404626600427,-0.8976292361621546,/lCGpOgoTOGLtZnBiGY9HRg5Xnjd.jpg
257,Ted 2,-1.2652457132110828,-1.2848625740183743,-0.5798040195009282,-0.8833179623238834,0.07647986542359447,0.9814371550904127,/38C91I7Xft0gyY7BITm8i4yvuRb.jpg
258,Saw II,0.21866747191683406,-0.6673301339762905,1.1865347962824837,-0.62158626713212,-0.9627667661691071,0.03943645929288751,/gTnaTysN8HsvVQqTRUh8m35mmUA.jpg
259,Fifty Shades of Grey,0.3841524183899524,-0.9539790040517643,0.0462840610934833,0.8836839003684629,1.0370853311349733,-0.9063367503043512,/63kGofUkt1Mx0SIL4XI4Z5AoSgt.jpg
260,Indiana Jones and the Kingdom of the Crystal Skull,0.6516395365502086,1.1323183868471214,-1.084529947736033,-0.892899404854247,0.05543715508935477,-0.5647955145253049,/56As6XEM1flWvprX4LgkPl8ii4K.jpg
261,The Terminator,-0.8368895721090189,0.5830858386231996,0.37819375110225373,0.8735129830842253,-1.3284953124007364,-1.0962968115859635,/hzXSE66v6KthZ8nPoLZmsi2G05j.jpg
262,Pirates of the Caribbean: The Curse of the Black Pearl,-1.1132820849886824,1.6312517869197785,-0.07381701536805563,0.0830697413825098,-0.3889077226191645,-0.2468894836980923,/kvDwL2gTf6yxujbsWbsGQB3Z9Wa.jpg
263,The Fault in Our Stars,1.5096632919523587,-2.1498890540113433,-1.3541924979794562,-0.17385098302131863,1.8963073223038578,-0.48436578412755743,/kcVuktIlrn9SAN1uBmPDnocTQmF.jpg
264,Sausage Party,0.9096715714586008,0.12382213943238883,-0.5524187605633099,-1.2923421594770612,0.1033619341019763,1.7412339311687874,/vNgdPJQ5CI60oEiiHLKRNrsDhMy.jpg
265,Scott Pilgrim vs. the World,0.3882742916204754,-0.14267238993966835,-0.4318109721872606,-0.32121346659026573,0.7588847111447629,1.2020678417865942,/g5IoYeudx9XBEfwNL0fHvSckLBz.jpg
266,Non-Stop,-0.8469195192334911,0.7056394608013904,0.44346052285057874,1.7704491801808857,-1.2917156305954922,0.4487533286155581,/Nkgaj3X0W2jHQ1TzHEgWFpN3kJ.jpg
267,Cloudy with a Chance of Meatballs,0.4395780975133036,-1.3685520924329666,-1.1442696625085496,-1.5910287506774248,0.07083549629155783,1.5140525874078545,/qhOhIKf7QEyQ5dMrRUqs5eTX1Oq.jpg
268,Law Abiding Citizen,-1.3433457958396415,-0.5708831092271954,0.4082107556238831,0.9224080752057013,-0.22119477021401754,-0.4960694505882086,/fcEXcip7v0O1ndV4VUdFqJSqbOg.jpg
269,Fury,-0.39688050219985527,0.47904923980759295,1.9402976292544212,0.16005881701890715,-0.7462529424290252,-0.559008349533985,/pfte7wdMobMF4CVHuOxyu6oqeeA.jpg
270,The Blind Side,1.003436337802694,-1.615220710039059,-0.7631490864087175,-0.9991519761210587,0.520881741292429,0.5083151322058218,/bMgq7VBriuBFknXEe9E9pVBYGZq.jpg
271,The Interview,0.20197376141612322,0.6307236329648914,-0.11548032715239762,-0.8078402627641773,-1.2696825327515495,1.523407319273217,/tIDC4xT65l7a8qbgg8GvwD5g8c5.jpg
272,The Cabin in the Woods,-0.4125931782676572,-1.233145602655814,1.70104306915425,0.19811671753615948,-0.7767618446087764,0.03922123397161242,/zZZe5wn0udlhMtdlDjN4NB72R6e.jpg
273,Space Jam,0.8022077099763767,-0.7986400236305667,-0.41266151280926705,-1.1573900975211455,0.02954150326231751,2.7376185388779857,/4RN5El3Pj2W4gpwgiAGLVfSJv2g.jpg
274,The Town,-0.6970440452746438,-0.4188796712030767,0.7791949613441537,0.6923580773670576,-0.2293708396548433,-0.42480601480309055,/3NIzyXkfylsjflRKSz8Fts3lXzm.jpg
275,Kick-Ass,0.9404977126360531,0.6602754313159878,-0.4904762897715033,-1.335418820609767,-0.19266430904660897,0.5844069942190075,/iHMbrTHJwocsNvo5murCBw0CwTo.jpg
276,Stand by Me,0.8141765029990953,-1.2692213556731975,0.292185728446116,-0.969999629935262,0.6043166588166727,-0.40172031001088454,/vz0w9BSehcqjDcJOjRaCk7fgJe7.jpg
277,Sucker Punch,-0.06766138808058032,0.5156053869358397,0.21125632063331426,1.2309427338451948,-1.2787596143096238,-1.1729272829421034,/jtaUDnvIiHUd2ranDcjB5AbPx6o.jpg
278,The Godfather,-0.6637825891353184,-0.7309005120508689,0.6819063836596078,-0.5787033326262686,1.0956293014827767,-0.52781213407756,/3bhkrj58Vtu7enYsRolD1fZdja1.jpg
279,Paranormal Activity,-0.368283216694272,-0.5658286773435607,2.70289156530989,1.4295641162100468,-0.640238940188841,-0.6795757500969581,/tmclkEpjeo4Zu564gf3KrwIOuKw.jpg
280,The Purge: Anarchy,-1.6712708273176107,-0.18505575243269756,2.9183270826387417,1.1342064536626038,-1.535592541945418,-0.26043487590964787,/qwqHHZLZSUvMkAMQ47ymtfjEifY.jpg
281,Spy,-0.8357669505493304,1.3153124650233265,0.7366225222663537,-0.26015669687860693,-1.233374605008263,1.2375529747685194,/vPBmfMHxQvRRNGYD5S5ko2KnX56.jpg
282,Kill Bill: Vol. 1,-1.1781718979245959,0.8177811819630713,0.9347518483884206,-0.43404847033504834,-0.2764097206691316,-0.8469810499592638,/v7TaX8kXMXs5yFFGR41guUDNcnB.jpg
283,The Godfather Part II,0.3810480705529116,0.1730289830435461,-0.16020828657932415,-0.009763136759913183,0.9318352323287721,0.1856490521772949,/hek3koDUyRQk7FIhPXsa6mT2Zc3.jpg
284,The Twilight Saga: Eclipse,0.001731530828841302,-0.27323941488186604,-0.6478823357080594,0.4433887460670406,2.840582736810192,-1.3085894710485744,/dK4Gi1UdMiHzHc7r7CZQG4IQ9Sr.jpg
285,Lucy,1.1050392603775057,-0.03114806097861128,-0.5031815310796524,-0.551915257553496,0.048200950444345,-0.2147190347970433,/kRbpUTRNm6QbLQFPFWUcNC4czEm.jpg
286,Alice Through the Looking Glass,-0.5976151811203195,-0.31722871311440837,0.4954715456234272,-0.6285404176841919,-0.7819595787182952,-0.6173196149924756,/kbGamUkYfgKIYIrU8kW5oc0NatZ.jpg
287,The Godfather Part III,-1.290175606979049,-0.7593245822240579,1.365007632397659,1.4592686427305197,0.0005526943418188746,-1.5727485207263452,/lm3pQ2QoQ16pextRsmnUbG2onES.jpg
288,The Babadook,-2.605457298780808,-1.2476057148441964,2.5302468174039916,0.912867837667509,0.0440076363504151,-1.8814389334900259,/qt3fqapeo94TfvMyld8P7gkpXLz.jpg
289,Nightcrawler,0.24773456999223398,-0.382654285844764,1.272313377550533,0.8861172149230583,-0.5797381041622877,-0.7492352208348081,/j9HrX8f7GbZQm1BrBiR40uFQZSb.jpg
290,The Avengers,0.6495045200442263,1.2181780938955944,-0.5125757255537172,-1.1318588211534586,-0.3510740373799694,0.07416962056978643,/RYMX2wcKCBAr24UyPD7xwmjaTn.jpg
291,Whiplash,0.8862976687078448,-1.0436598984060441,-0.46071474032602305,-0.02735428730410882,0.7379378004151047,-0.12318560930335211,/7fn624j5lj3xTme2SgiLCeuedmO.jpg
292,The Chronicles of Narnia: Prince Caspian,-0.9459139560846577,-0.394826882553708,0.11538898931116169,-1.1448829983701247,0.34694120262422623,-1.3730427202799504,/qxz3WIyjZiSKUhaTIEJ3c1GcC9z.jpg
293,John Wick,-0.7976647146595915,1.042922844870092,0.9165126812599195,1.0206611561077759,-0.9944173535969679,-0.7083110392726639,/fZPSd91yGE9fCcCe6OoQr6E3Bev.jpg
294,X-Men: Apocalypse,0.9114405445709041,1.0816133874368,-1.3992179168406897,-0.37939398665903123,0.030141599249300828,-1.0029999217585601,/ikA8UhYdTGpqbatFa93nIf6noSr.jpg
295,The Princess Bride,1.1884485678479564,-0.22343070049016772,-0.9668929071501057,-0.07637307800104605,2.1227021080228443,1.0106100555242723,/2FC9L9MrjBoGHYjYZjdWQdopVYb.jpg
296,The Bourne Identity,-1.112805319132339,0.17169853711227245,0.04898420937900599,2.3996090880786656,-0.38984260630234296,-0.5100762271304154,/aP8swke3gmowbkfZ6lmNidu0y9p.jpg
297,The Bourne Supremacy,-1.332024089564566,0.02840946026983888,-0.02623249582271503,1.4691580266270834,-0.6607419113895051,-0.9867522408415225,/7IYGiDrquvX3q7e9PV6Pejs6b2g.jpg
298,The Bourne Ultimatum,-0.24808862656199152,0.3467321670519169,0.3579264834384649,3.097705923200174,-0.8367450434101119,-0.907826903533634,/15rMz5MRXFp7CP4VxhjYw4y0FUn.jpg
299,Annabelle,-0.5182663265402353,-0.2856091474842747,1.980802095528121,-0.18534808613677434,-0.2891911133777037,-0.7737833186228363,/yLsuU2P2SpDYFwtZQ7dtfVAf6TE.jpg
300,Ghost,-1.3874187508829976,-1.2070037124739108,0.4003039572327135,2.635956223054985,2.925439263880984,-1.2447589212841834,/w9RaPHov8oM5cnzeE27isnFMsvS.jpg
301,Everest,0.7357029236582032,0.029580911733784028,0.5644187651703643,0.22739849346968297,0.2548907534388356,-0.9702481353674994,/2jKOu2bjpLP6NXJcm7Ep14bDGtA.jpg
302,King Kong,-0.2953371611337562,0.49961957920640876,-2.4342322716995817,-0.01976270406881606,1.8460649738988284,-0.8997113607382325,/6a2HY6UmD7XiDD3NokgaBAXEsD2.jpg
303,San Andreas,-1.2419748466179386,0.39304942422604894,-0.2566146408607245,1.0159343230157583,-0.14283456754891302,-0.5761623493966954,/2Gfjn962aaFSD6eST6QU3oLDZTo.jpg
304,The Lobster,-0.5845783533737575,-1.0925842999062159,0.1408303542525322,0.7484467938690933,1.8274753192207185,0.8979346126736678,/7Y9ILV1unpW9mLpGcqyGQU72LUy.jpg
305,Pitch Perfect 2,0.7258537692194555,-0.6443789504004926,-0.5023726889165444,-0.793814978866659,0.29375585632411044,1.0651686059425802,/oFBQUufCV4c8WZoNhtGM17p884H.jpg
306,Focus,0.10611688941872621,-0.7044352666496866,0.2978593940398817,-0.8088477229650127,1.3035130487128124,1.4271133135277714,/lOzGWjceYTd0kd5HyX7Ch46O9kh.jpg
307,The Aviator,0.23375753233107288,-0.9637613251652728,0.00881542628573349,0.04064345219228913,0.6737777764258427,0.06585397025997716,/lx4kWcZc3o9PaNxlQpEJZM17XUI.jpg
308,The Intern,1.3680978798796677,-0.8417972089855532,-2.401614997387184,-1.8822548789467088,0.3483763821447721,2.115304094167551,/bTQ46fupPbjBfFBHuzfD3hxxL0Q.jpg
309,Pixels,1.4851539846441302,0.5201900648884498,-1.586903994589249,-0.8505164106298758,-0.43774387446331847,1.267345664598609,/d26S5EfVXLNxRXqyFy1yyl3qRq3.jpg
310,The Legend of Tarzan,-0.04839151060971032,0.7275690494909576,-0.7872913715092248,-1.0234699995463508,-0.3499696535496349,-0.41168869421376886,/eJrfz178xBGlxjDGxnBXTzWWa4w.jpg
311,Fantastic Beasts and Where to Find Them,-0.8751928807567916,-0.3813612807199705,-0.2609404303419826,-0.4069973558194652,0.05740002656676996,-1.2700324254072668,/fLsaFKExQt05yqjoAvKsmOMYvJR.jpg
312,The Conjuring 2,-1.6562097123855175,-0.9951798668478031,1.8904678877452774,-0.3880765733096745,-0.68662071282408,-1.315108757593409,/zEqyD0SBt6HL7W9JQoWwtd5Do1T.jpg
313,Taken 3,-2.5925054805111665,0.7251613575302427,0.2544074571164513,2.1774559954078376,-0.901668153930884,-0.7516450763373724,/vzvMXMypMq7ieDofKThsxjHj9hn.jpg
314,Incredibles 2,-0.7140790598708082,0.9109913285007838,-0.9476947614019814,-0.44965370002346167,0.011727621298015762,-0.5973009406217407,/9lFKBtaVIhP7E2Pk0IY1CwTKTMZ.jpg
315,Cars 3,2.0451965322048924,-0.492137255498453,-0.478427567129843,-0.7789965081586142,-0.39446297253025264,1.0420062414498308,/fyy1nDC8wm553FCiBDojkJmKLCs.jpg
316,Insurgent,-0.1515629463404697,0.6414706303542653,-0.2892603357043099,0.9156303184321085,-1.381085188032746,-0.4952590633348362,/dP5Fb6YRfzmCQtRbHOr2kO7tJW9.jpg
317,Allegiant,-0.9077433668937397,0.971057838381024,-0.5062688074437035,0.8506164390011254,-0.7250480043720796,-0.754993584905113,/faq9JlF8znUGQ5p3En1W61Fi5p0.jpg
318,Logan,-0.06558932678575877,-0.5258315330112524,-1.026541293765559,-0.29062946985704013,0.3245490519496713,-0.5609637072309526,/fnbjcRDYn6YviCcePDnGdyAkYsB.jpg
319,Room,0.845485256025226,-0.6469898749930308,0.20104581069327768,0.7139903267061437,0.1983346739856349,-0.5222817148430893,/2hHDMeYyZjbGWn0BeNH1cTMxuM7.jpg
320,Ex Machina,0.9963301565790449,-1.2794336493796512,-0.7688730868953055,-0.8832490953689786,0.10331691907548998,0.24498445697372928,/dmJW8IAKHKxFNiUnoDR7JfsK7Rp.jpg
321,The Game,-0.6043478604898761,-0.4059189813186228,0.726266260940158,2.4786794245256805,-0.14249753123615574,-0.020120924587267136,/4UOa079915QjiTA2u5hT2yKVgUu.jpg
322,The Blair Witch Project,-1.1609844644632112,-0.7670417306609939,1.332356991986001,1.188698699648525,-0.41820282727157576,-1.5892641893954227,/9050VGrYjYrEjpOvDZVAngLbg1f.jpg
323,Sleepy Hollow,-0.23032874931976333,-1.6053970369675812,2.5703913122629545,1.518725830187476,-1.1511496282070033,-0.8899827522327888,/1GuK965FLJxqUw9fd1pmvjbFAlv.jpg
324,The Theory of Everything,0.26806879099525877,-1.4925128745452618,-0.430606341706423,-0.7105972800741587,1.5402874911761522,-0.4424457759246927,/kJuL37NTE51zVP3eG5aGMyKAIlh.jpg
325,Signs,-2.212154567824757,-0.9083214495763049,-0.025717936940196657,3.1435226420021007,-0.1503910805072709,-0.6247113338974787,/YtrIdrTxpRhvCnlw43dwOjfLqx.jpg
326,London Has Fallen,-1.670850420040179,1.2731004232841112,1.019555372445536,1.582314198949259,-1.1792912067949806,-1.7550918625991945,/iEbLkYzyiUdOKNK4WNBFyGH7r2Y.jpg
327,Batman,-0.3923826837777142,0.6479176400442084,0.6185644929458316,-0.4940711210705045,-0.4175076774237322,-0.4250532316306817,/oYWUsIVoMl2H6Xl3FTBi9R9Y4OS.jpg
328,Pacific Rim: Uprising,0.12623095189891506,0.8499117687919105,-1.9432805198557186,-0.7744283180019645,0.1861006628605977,-0.14926878119211584,/nFWhttU8PM50t25NPdy7PE7rv3G.jpg
329,Zootopia,0.3199812752929791,-0.25505433895324964,-0.47066687180967287,-0.6543699472289819,-0.3613039903419601,1.6017847966821088,/hlK0e0wAQ3VLuJcsfIYPvb4JVud.jpg
330,The Sorcerer's Apprentice,0.14352358210738636,0.7614223513051641,-0.2422446004478596,-0.5651925538045778,-0.3857725107032978,-0.19933880764230233,/b5pIUsGll0418NyfNA5eYCI9aoK.jpg
331,It Follows,-0.7175660250660499,-1.0754175630996843,0.7659773262132865,0.07349372349493917,0.15763791636154878,-0.7916959154730719,/iwnQ1JH1wdWrGYkgWySptJ5284A.jpg
332,Captain America: Civil War,-1.2856579805454047,1.5870835227101383,-0.7511420164403753,-0.31201044862731925,-1.0139703269955378,-0.5192396844775918,/rAGiXaUfPzY7CDEyNKUofk3Kw2e.jpg
333,Batman Begins,-1.5889925854973983,0.5085524413315241,-0.25493132335111723,0.7974228004826351,0.8639569273028284,-0.546134766107077,/sPX89Td70IDDjVr85jdSBb4rWGr.jpg
334,Inception,-0.7339959213754007,0.7607726228127007,-0.3255107122436453,-0.7084069319262871,-0.9292209650051894,-0.00035442208733690937,/xlaY2zyzMfkhk0HSC5VUwzoZPU1.jpg
335,The Hateful Eight,-0.35282721259327243,-1.4006448534994702,-0.4514702646827263,1.4773724777512494,0.4760420499707971,-0.38276662731795413,/jIywvdPjia2t3eKYbjVTcwBQlG8.jpg
336,Sicario,-0.8383488561019362,1.346487822392989,0.4614540271277145,0.6018970499755333,-1.15056865257667,-0.4123718327882367,/lz8vNyXeidqqOdJW9ZjnDAMb5Vr.jpg
337,The Silence of the Lambs,-0.21689926125477196,-0.45974077196128643,1.0147886361149736,0.5256511875568127,-0.02494320184848809,-0.4734823550493993,/uS9m8OBk1A8eM9I042bx8XXpqAq.jpg
338,Geostorm,-1.5837722503794347,0.7646937677558784,-0.18376961030333255,0.6073187017836018,-1.5925892790859728,-0.08158543907568246,/nrsx0jEaBgXq4PWo7SooSnYJTv.jpg
339,King Arthur: Legend of the Sword,-0.4759201658421523,-0.23044874599664775,-1.455810777639114,-0.35557716678819834,0.6415795797064402,-0.8211708743990649,/9kKXH6eJpzoFGhCbTN3FVwSQK3n.jpg
340,Passengers,-1.0977067422542826,-1.423543798565713,0.23047922719225294,0.3208474029648575,0.5260795892559502,-1.4350682338830765,/jK9S6HANSf2no64v1x1HxfcpmcA.jpg
341,Fargo,-0.21717247056160044,-0.3709447602331982,0.6111737920583591,1.0364546877802514,-0.06911919549064,0.01614094675042318,/rt7cpEr1uP6RTZykBFhBTcRaKvG.jpg
342,Salt,-0.8676733769667156,0.8299753515981424,0.04218328396935141,1.6539174960146847,-1.1081734422815572,-0.0726726782212755,/kqeIJG7VjwkcTR26QHg8D01x8yI.jpg
343,The Expendables,-0.6124095012867239,1.2679496831446138,0.22474914915201274,0.7260628320860367,-1.3655784151243144,-0.9839067312586339,/j09ZkH6R4JWVylBcDai1laCmGw7.jpg
344,Underworld,-0.8894487769971173,0.49289437731812263,0.03838878038084576,1.1157482705712347,0.04632975990294778,-1.5628081344448186,/zsnQ41UZ3jo1wEeemF0eA9cAIU0.jpg
345,American Pie 2,2.4411908787110774,-0.7853262252887825,-0.5228938290746992,-0.9633069954674078,0.9032161785151793,1.2898526207716963,/854ZZxXdeabAs90mrV72NqShJqR.jpg
346,Moana,0.6220140517765375,-0.541973486534683,-0.10951597205750836,-0.6106616310291804,0.6877936169315717,0.9269450630650121,/9tzN8sPbyod2dsa0lwuvrwBDWra.jpg
347,The Shawshank Redemption,0.0861715303812924,-1.0357120613233006,0.1391250784206853,0.6512213762467471,0.29589484571261326,-1.6228878192802358,/9cqNxx0GxF0bflZmeSMuL5tnGzr.jpg
348,The Jungle Book,0.9240404084502182,0.1453055633233513,-0.06192050632150178,-0.7576489596784213,-0.06217223694057484,-0.6825391400294257,/2Epx7F9X7DrFptn4seqn4mzBVks.jpg
349,Apocalypse Now,-0.26432580849561427,-0.7449727427195184,0.989045877265142,-0.33344258066448046,0.0026105841007187654,0.024280215509009172,/gQB8Y5RCMkv2zwzFHbUJX3kAhvA.jpg
350,Terminator 2: Judgment Day,-0.7256289940370446,0.8852526256834184,-0.48133091232221914,0.6734891447820416,-0.9199467025454493,-0.6511868214397702,/jFTVD4XoWQTcg7wdyJKa8PEds5q.jpg
351,War for the Planet of the Apes,-1.397355207717123,-1.0755730621678474,1.0421907099840366,0.12181125835689556,0.14467358873345168,-1.3943502626327304,/mMA1qhBFgZX8O36qPPTC016kQl1.jpg
352,Hachi: A Dog's Tale,0.03467154636512016,-1.832349016376776,-0.6130539528614052,-0.6512065630689559,0.9257586164738627,-0.02932515076233817,/lsy3aEsEfYIHdLRk4dontZ4s85h.jpg
353,The Revenant,-1.5925319564972127,-0.7547813486188225,-0.9596546836213697,0.1872838544996437,0.7738178306584371,-0.492494067850842,/ji3ecJphATlVgWNY0B0RVXZizdf.jpg
354,The Mummy,-0.44525561350258314,1.8021247369848847,2.108308973344979,1.1614998750821055,-1.3582980493578416,-0.7877532642474641,/zxkY8byBnCsXodEYpK8tmwEGXBI.jpg
355,Miss Peregrine's Home for Peculiar Children,0.6297375895813476,-0.6075612565650831,-0.6924660823700047,-0.01743876480340438,0.9982372494231657,-0.6521533118263729,/CIlbMFOfYDj0MP23hsIYhFGrL6.jpg
356,Guardians of the Galaxy Vol. 2,-0.024172989953866488,1.1482017424252409,-0.40326130672245697,-0.25720065668504777,-0.6036307509758074,-0.924650067537853,/y4MBh0EjBlMuOzv9axM4qJlmhzz.jpg
357,Doctor Strange,0.2985093557286198,1.4894378532154842,-0.4510735202218352,-0.627631585663446,-1.2392889646769656,-0.4573856380677904,/xf8PbyQcR5ucXErmZNzdKR0s8ya.jpg
358,Thor: Ragnarok,-0.5536727431701596,1.5474708722860364,-0.4501661733328836,-0.11498965170453515,-0.7832698105862841,0.7776498679897944,/rzRwTcFvttcN1ZpX2xv4j3tSdJu.jpg
359,Black Panther,-0.0907460963779098,1.2034312049932965,-0.1141347150110526,-0.6141731769377569,-0.6995634935820852,-0.3793559130434876,/uxzzxijgPIY7slzFvMotPv8wjKA.jpg
360,Pirates of the Caribbean: At World's End,0.3960882762394891,0.9862609153700083,-1.2810176969430207,-0.45376128784764946,0.4646419909551664,-0.6956695463011502,/jGWpG4YhpQwVmjyHEGkxEkeRf0S.jpg
361,The Martian,-0.052072362457046585,-0.7886168895322582,-0.2699527500298261,-0.5043812677568285,0.27698867690580903,-0.3344690887762868,/3ndAx3weG6KDkJIRMCi5vXX6Dyb.jpg
362,Paper Towns,0.8231236079403662,-1.861548264456532,-0.8980619194430132,1.7085377970100917,2.781796499375484,-0.3357325819691855,/eoF6wYVj1vbrCWjL0rBkdZpgrxS.jpg
363,Shazam!,0.8376134965544331,0.1947713282427387,-0.25465358024819096,-0.7305923276323266,-0.6457580129904357,1.1367388946631143,/xnopI5Xtky18MPhK40cZAGAOVeV.jpg
364,Casablanca,-1.1760372087505049,-1.797295667615308,0.00959823278048011,-0.21543811526885442,2.196949662155235,-0.5287652411365534,/lGCEKlJo2CnWydQj7aamY7s1S7Q.jpg
365,The Nice Guys,0.22471831856182797,0.5467506407576224,0.23607639034302014,-0.44932293614469004,-0.3510331922563479,1.8234153143106324,/clq4So9spa9cXk3MZy2iMdqkxP2.jpg
366,The Huntsman: Winter's War,-1.1069573120136715,0.5097818363507991,-1.213654927504855,0.35935527017074026,1.3660102150619498,-1.0998439287354191,/ekHPrneEoa1EoDclWdillOKznqM.jpg
367,The Addams Family,0.38113774455862237,-0.4598213355226701,0.6821088002657206,0.26248081021728775,-0.08711771449181324,0.9200612146761106,/qFf8anju5f2epI0my8RdwwIXFIP.jpg
368,Terminator: Dark Fate,0.5119433556528578,1.612829054644375,-0.37635948255895774,0.6737741986142677,-1.152535658377574,-0.4221756555948418,/vqzNJRH4YyquRiWxCCOH0aXggHI.jpg
369,Now You See Me 2,-0.11775799963148545,0.5730372435446254,0.4808424673451005,0.3256303773942703,-0.9382050420744592,0.1730151309572089,/A81kDB6a1K86YLlcOtZB27jriJh.jpg
370,Kong: Skull Island,1.132053228433548,1.2440047822232323,-2.3923647958750744,-0.7905823747783954,0.7955768249898514,-0.5444072461793236,/r2517Vz9EhDhj88qwbDVj8DCRZN.jpg
371,Deadpool,-0.5314019002641156,0.739170901987425,-0.14945827011338353,-0.5185840043528236,-0.7270801560103975,0.570751439019906,/3E53WEZJqP6aM84D8CckXx4pIHw.jpg
372,The Age of Adaline,1.496910139192948,-1.8609791457201545,-0.4200795352128008,-0.34436691952671866,2.263561654494896,-0.30924076676721085,/MbILysGhjAbnZi1Okae9wYqLMx.jpg
373,Maze Runner: The Scorch Trials,-0.11309714168220408,1.4117417818030815,0.3104588111814401,0.6943942504788473,-1.3073114942613708,-0.822548982409606,/mYw7ZyejqSCPFlrT2jHZOESZDU3.jpg
374,The Boss Baby,1.2357455547263523,-1.054488360153502,-0.3653684740559416,-1.2368276284103434,0.16626742360157962,1.6712931964179096,/unPB1iyEeTBcKiLg8W083rlViFH.jpg
375,Terminator 3: Rise of the Machines,-0.7554538357843503,1.0716905189405455,-0.12119163401426741,0.6237483099785993,-1.3798690138030905,-0.3602333862894429,/vvevzdYIrk2636maNW4qeWmlPFG.jpg
376,Me Before You,-1.0907116210590095,-1.850114652104646,-0.6126517133248792,-0.7583446329614876,2.046421647969365,0.18555680785941708,/Ia3dzj5LnCj1ZBdlVeJrbKJQxG.jpg
377,Bridge of Spies,-0.30630474981988304,-0.23815228239454256,0.3496346890581138,1.1114730389917031,-0.24533786737091678,-0.18058480419729614,/fmOOjHAQzxr0c1sfcY4qkiSRBH6.jpg
378,Meet Joe Black,0.2594184922730874,-1.2074001708100988,-1.8814802616213613,-0.45269025529189477,3.1776993451034246,-0.4277107322273209,/fDPAjvfPMomkKF7cMRmL5Anak61.jpg
379,Suicide Squad,-0.1777428656244293,1.000750022433407,0.09835996971943668,-0.6539412889831023,-0.5920051187164812,-0.30790050680714753,/sk3FZgh3sRrmr8vyhaitNobMcfh.jpg
380,Wonder Woman,-0.3416198366843277,1.2107559910243442,-1.8576944970280913,-0.6665470813356157,0.46642352146910065,-0.8734214731832207,/v4ncgZjG2Zu8ZW5al1vIZTsSjqX.jpg
381,Aquaman,0.7592574839617381,1.3065779706504133,-0.6338629250813526,-0.05135093779902609,-0.3788862221051492,-0.7773575536060271,/ufl63EFcc5XpByEV2Ecdw6WJZAI.jpg
382,Ocean's Thirteen,-0.9168830678498876,0.5672059476477774,0.29864356331338526,0.501385877912082,-0.33972101429938095,-0.10410987066262795,/pBsZs4zYUiUTemqbikTZ76iQRaU.jpg
383,The Visit,1.3267727437663313,-0.41873485081033784,1.737897464407451,0.6344410240246104,-1.1064392323376726,-0.6537959279237758,/hDrToKMpKYTdwdpOhshL8ko6WVp.jpg
384,Avengers: Endgame,0.14327543677361457,1.1775760299323716,-0.15572947023176498,-0.5881091616349924,-0.6086051746899425,-0.22195898676696085,/bR8ISy1O9XQxqiy0fQFw2BX72RQ.jpg
385,Avengers: Infinity War,-0.46299172240635844,1.9355009849797684,-1.2641036343335923,0.13542820784146237,-0.44543748756589274,-0.8461513907141347,/7WsyChQLEftFiDOVTGkv3hFpyyt.jpg
386,Captain Marvel,0.8747061173932393,1.2175867401090184,-1.258678236257044,-1.1359164353847961,0.17854499811456298,0.4319886529649888,/AtsgWhDnHTq68L0lLsUrCnM7TjG.jpg
387,The 5th Wave,-0.48502933073238236,0.8337161370240258,-0.019622491320943732,-0.1877281667395806,-0.6167791093682092,-1.4521591715060937,/ja34BV577dtjWl2S5G1tB93IjYb.jpg
388,Annihilation,-2.7302538142450583,-1.0814683377278353,2.093642176867489,0.14508905079407097,-0.8289146631862814,-0.8427714045598578,/4YRplSk6BhH6PRuE9gfyw9byUJ6.jpg
389,Don't Breathe,-1.4047320121114546,0.20722900016071735,1.9999805249448657,0.3574330888677708,-1.3401368842205006,-0.8361708544497815,/dSxHyPZ2nipSfvdft4IhQKjk5eZ.jpg
390,Toy Story 4,2.0001179181550732,-0.5002013492494768,-0.30539192152352995,-1.3531598361998805,0.21841383789140772,1.3098575906149592,/w9kR8qbmQ01HwnvK4alvnQ2ca0L.jpg
391,Central Intelligence,0.9117122933485118,0.22292273225888598,-0.9720587837945366,-0.9870864373200945,-0.46196751621155546,1.9081778038737933,/hXQVMbRNpf7c93e8clMY4W5DRm6.jpg
392,The Accountant,-0.9970296411786432,-0.21524144989149038,-0.2428515645222665,0.9070263333693266,-0.09079191695118426,-0.32030942109947547,/fceheXB5fC4WrLVuWJ6OZv9FXYr.jpg
393,Ace Ventura: Pet Detective,0.4960287508041317,0.009896763811067431,0.9101898713911679,0.7661267915165619,-0.20885000760743877,2.352907827430509,/pqiRuETmuSybfnVZ7qyeoXhQyN1.jpg
394,The Danish Girl,0.18247635344084007,-1.2355655044538678,-0.814640967405968,-0.8886672824651266,0.6958969763596502,-0.15490723064704542,/mXZZIacI5FC8thzSC0lgQBQ2uAX.jpg
395,Southpaw,0.13781748139260203,-0.5585960497442561,-0.027843014570301906,-0.25627276410435235,0.47244636977103294,-0.4372798114676665,/kSQ49Fi3NVTqGGXILmxV2T2pdkG.jpg
396,War Dogs,0.8821684069433152,-0.852560998149332,0.5353023815651097,-0.6985962517940761,0.8389703996907619,0.9535610755471967,/mDcPRjZC1bb6LavFU3gwsWdVfCM.jpg
397,Bruce Almighty,-0.21625498406975702,-0.5938118421775157,-1.0902344077336608,-1.0822187602364155,1.8653728480921667,0.8984761556420335,/f0QqG14SZYYZcV4VWykVc5w13dz.jpg
398,The Witch,-0.9409499158844081,-1.1801606021043474,2.1650230994725295,0.8827028481461544,0.41176084831965626,-1.3002951269963188,/zap5hpFCWSvdWSuPGAQyjUv2wAC.jpg
399,The Founder,-0.034902439442845296,-1.2817615159318356,-0.9909788787154997,-1.099148856750436,0.35871670944691914,0.5789451083285566,/8gLIksu5ggdfBL1UbeTeonHquxl.jpg
400,Once Upon a Time in America,-1.2897036720802908,-1.3683757441556839,0.13422742740818044,-0.4306483896893345,1.178354766250034,-1.1623386082712024,/i0enkzsL5dPeneWnjl1fCWm6L7k.jpg
401,The Great Wall,1.218797973017708,1.7824098926822718,-1.8860561210046443,0.22705321124042419,0.125528198434327,-0.8547438082388955,/p70dq1YxabemdZDm5K6Q8G10wSn.jpg
402,Creed,1.2167004749809864,-0.3209561020765298,-0.6454433573773461,-0.41701384727077906,-0.05625796266237487,-0.17221786897609004,/1BfTsk5VWuw8FCocAhCyqnRbEzq.jpg
403,Gangs of New York,-1.6171490025714756,-1.0502528448607065,1.3622799427930505,0.18001516755331787,-0.13771556348255695,-0.7996763401929337,/lemqKtcCuAano5aqrzxYiKC8kkn.jpg
404,La La Land,-0.18460393712126233,-1.1896037848085124,-1.5564915534347306,0.15605486402286595,2.4801929471027044,1.3987720594955249,/uDO8zWDhfWwoFdKS4fzkUJt0Rf0.jpg
405,Spotlight,-0.8229632700076709,-1.0960747870350263,0.6741234882338701,0.10346179105190516,-0.15585844082064568,-0.2437183502598167,/8DPGG400FgaFWaqcv11n8mRd2NG.jpg
406,Puss in Boots: The Last Wish,1.9080867640504098,-0.2712602721398206,0.0018307455468242618,-0.5102667265236666,0.32223459931059883,1.2636594143753306,/kuf6dutpsT0vSVehic3EZIqkOBt.jpg
407,Spider-Man: Homecoming,1.3182039712749358,1.1299806269294574,-0.21764111364925628,-1.0155773300585236,-0.7164030699146252,0.09943552296278849,/c24sv2weTHPsmDa7jEMN0m2P3RT.jpg
408,Ghost in the Shell,0.35314598737949277,-0.2270713742963394,-0.9914107257195507,-0.4110557503076424,0.0006055937580218467,-0.19824737050914393,/zCtL3UBgCoZzd7XTVGhvl6XY75E.jpg
409,The Greatest Showman,0.9133769450512651,-1.275214533206288,-0.22021328162322515,0.6802261052694277,0.34648871835229783,-0.1934741264174723,/b9CeobiihCx1uG1tpw8hXmpi7nm.jpg
410,The Purge: Election Year,-0.6641241733319054,0.3296573885000836,1.6124846719941133,0.710015103881605,-1.475050206134725,-0.3147709718684398,/gg7tlp45xqGWMra0sqQVPvybje2.jpg
411,Bambi,0.47066534937038285,-1.537241434303078,-0.58400335630166,-0.8094081424403674,0.644340660252155,0.40103887489115425,/wV9e2y4myJ4KMFsyFfWYcUOawyK.jpg
412,The Big Short,-0.6301012124472465,-1.6593947023918256,-0.40246825740672604,-0.6535841171258044,0.563964238393295,1.0924741274631744,/scVEaJEwP8zUix8vgmMoJJ9Nq0w.jpg
413,Insomnia,-0.8137103407324645,-0.9301806558244703,1.0741461134262773,0.7070452977280824,0.29252704430010845,-0.987300529007003,/riVXh3EimGO0y5dgQxEWPRy5Itg.jpg
414,Dark Phoenix,-0.2325027711356569,1.058781039733513,-0.4102307111510995,-0.45625235069717934,-0.5510837840712265,-0.6091270912966685,/cCTJPelKGLhALq3r51A9uMonxKj.jpg
415,Beauty and the Beast,1.3522791817045852,-0.7544311696755505,-0.14991400970629792,-0.04882290563731328,1.9999797034934732,-0.08468416121693072,/hKegSKIDep2ewJWPUQD7u0KqFIp.jpg
416,Mystic River,-1.851248403052892,-0.4688157982837403,1.9177561036471706,3.3803589237069462,-0.4400985460289953,-0.59558969482036,/hCHVDbo6XJGj3r2i4hVjKhE0GKF.jpg
417,John Wick: Chapter 2,-0.7883288479718082,0.9272008340776916,1.7254410511142342,1.133668447993856,-1.3819750282259375,-0.8977919774258782,/hXWBc0ioZP3cN4zCu6SN3YHXZVO.jpg
418,Jason Bourne,-0.3381837260687463,1.4852848262633471,0.5724358826999943,0.7776989293314672,-1.315463085091524,-0.7358612080219484,/xA7N41glw17MBQtcWSm2eBlBRuG.jpg
419,Hacksaw Ridge,0.9876638343819046,-0.9620411691739534,0.5924385514817774,0.09222233060278338,0.19959391349197314,-0.15924524892487565,/wuz8TjCIWR2EVVMuEfBnQ1vuGS3.jpg
420,The Lego Batman Movie,1.193374796511322,0.10755584516771761,-0.9958437131363094,-1.141106722462251,-0.05153756146096759,1.4989742881239707,/snGwr2gag4Fcgx2OGmH9otl6ofW.jpg
421,Despicable Me 3,-0.7197504540182245,0.4555552145820956,0.34937942081453693,0.1554479263778101,-0.23431852190999364,0.9010446838767289,/6t3YWl7hrr88lCEFlGVqW5yV99R.jpg
422,Spider-Man: Into the Spider-Verse,1.4042171332260014,2.052186494083116,-0.23594141898927898,-0.8158301856938518,-1.0955507051263425,-0.0880250680545893,/iiZZdoQBEYBv6id8su7ImL0oCbD.jpg
423,Percy Jackson & the Olympians: The Lightning Thief,0.811581663893961,-0.2937343953224611,-0.4835896411819333,-1.3066593151653836,0.43562507432764597,-0.05646268475478512,/brzpTyZ5bnM7s53C1KSk1TmrMO6.jpg
424,The Secret Life of Pets,-0.46643927536341756,-0.009005338592624557,-0.057245845478289814,-0.5603447623248107,0.1528424711403304,2.0487000371228072,/bc3rCMgP4bbxNqGQCRlpJyU8otF.jpg
425,Nerve,0.14690769819650984,0.5540310490776784,0.17352539487532584,0.5449626929680221,-0.4366085365758839,0.1670941326898005,/qmSpHC0CSNyNll9WhlwWYuwoQ28.jpg
426,Jurassic Park,1.3708530694205925,0.16654157608615439,-0.706625749307235,-1.4117282368058623,-0.6470696538017136,0.30579529976307457,/bRKmwU9eXZI5dKT11Zx1KsayiLW.jpg
427,Arrival,-0.9263137848407165,-0.7976710204508893,-0.3308153835084796,1.0411504406414744,0.144459770915579,-0.3957554144289196,/pEzNVQfdzYDzVK0XqxERIw2x2se.jpg
428,The Lost World: Jurassic Park,1.3239039983207253,1.7982208457631386,0.34445469556437547,0.4219509478790172,-1.045360658404,0.12945716726694734,/6fSkhv35nPSw9hwPVCMINQFG1WD.jpg
429,Frozen II,1.3654150208358768,-0.1481551776016559,-1.6283260395827344,-1.3430114813426006,0.6566199923863121,0.6893543812231381,/mINJaa34MtknCYl5AjtNJzWj8cD.jpg
430,Rogue One: A Star Wars Story,0.012356931238708836,1.2636292927848556,0.3247526898459949,-0.2698254910199664,-0.7559209404950802,-1.8312557376215786,/i0yw1mFbB7sNGHCs7EXZPzFkdA1.jpg
431,Jurassic Park III,0.9261724476075458,1.300808952911825,0.7921239071814286,1.5577314269471247,-0.9016446288474878,0.14775158402986632,/oQXj4NUfS3r3gHXtDOzcJgj1lLc.jpg
432,Little Women,-0.3279472181967162,-2.037997708137907,-1.0069219504699645,-0.5187686744270698,2.5444495847526705,-0.46471863093124527,/yn5ihODtZ7ofn8pDYfxCmxh8AXI.jpg
433,A Star Is Born,-0.6405091523931424,-1.2715022499119264,-1.8027984716253382,-0.08672676116129033,3.7719342703230407,-0.5572963542662579,/wrFpXMNBRj2PBiN4Z5kix51XaIZ.jpg
434,The Shallows,-0.35002283958318675,-1.0213892243928944,1.4580779702212865,1.555466452805767,-0.5350572391750184,-0.42001317751980005,/bnBV7hZmLuA0Si5Aop481sPF2RY.jpg
435,Ready Player One,0.32909355574834714,0.6713262820610143,-0.670522333070699,-1.0571735653025263,0.04651534192804544,-0.6574528418929356,/pU1ULUq8D3iRxl1fdX2lZIzdHuI.jpg
436,10 Cloverfield Lane,-0.7720119626549702,-0.95227157085146,1.8201791883538736,1.1536447322327754,-0.665966742751768,-0.14019381440708986,/84Dhwz93vCin6T1PX6ctSvWEuNE.jpg
437,The Magnificent Seven,-0.7064600506557416,0.9474026090415893,0.6040657578615816,0.2695563278630727,-1.0196133583430373,-0.6894739521298613,/ezcS78TIjgr85pVdaPDd2rSPVNs.jpg
438,Captain Fantastic,-0.451205239985905,-0.44527228698305277,-1.6741298468979027,-0.5057945822685169,1.561250005596939,-0.6277435912218228,/2sFME73GaD8UsUxPUKe60cPdLif.jpg
439,Manchester by the Sea,-2.533582856886837,-1.8530303462477726,-0.3716412127955016,-0.5141740484255786,0.6206781906535824,-0.10453688232531536,/o9VXYOuaJxCEKOxbA86xqtwmqYn.jpg
440,Lion,-1.3017262447591977,-1.666582424890617,0.0008794160724857867,-0.5794911133715464,0.4986215758709991,-0.6577826606185284,/iBGRbLvg6kVc7wbS8wDdVHq6otm.jpg
441,Uncharted,0.23552301488366761,0.9111819586402958,-0.5040240690465578,-0.9014055048386921,-0.7033113538887792,0.22024414462258374,/rJHC1RUORuUhtfNb4Npclx0xnOf.jpg
442,Sing,1.2236573841377834,-0.7363241935908441,-0.8581482837016537,-1.2854617803514596,0.3941930333196132,1.5351519922496613,/lW0kUtXTOVlHTVhDO2VzNBACAHX.jpg
443,Venom,-1.9771454819299252,-0.09248238447247858,0.17264679822209963,-0.28530727292976005,-0.9170720312839893,-1.2750518156603203,/2uNW4WbgBXL25BAbXGLnLqX71Sw.jpg
444,Blade Runner 2049,0.12241797352745759,-1.3941024517486,-1.1658468463023548,-0.6126419971993642,0.8255423447079279,0.11911693747777921,/gajva2L0rPYkEWjzgFlBXCAVBE5.jpg
445,Transformers: The Last Knight,0.06311427668455555,1.2907545911945393,0.25747477536579383,-0.8262718799678972,-1.1043232983848033,-0.929803344600305,/s5HQf2Gb3lIO2cRcFwNL9sn1o1o.jpg
446,Maze Runner: The Death Cure,0.4421070812868456,1.2602215403684522,0.011269505084293741,0.8486621742799959,-1.2758270767510742,-0.9146419080853151,/drbERzlA4cuRWhsTXfFOY4mRR4f.jpg
447,Fifty Shades Freed,0.586635850047696,-1.4195193930639274,-0.5356011914820433,0.2517571088282012,1.6078512318232052,-0.9935949756480091,/jjPJ4s3DWZZvI4vw8Xfi4Vqa1Q8.jpg
448,The Fate of the Furious,-0.8328654888205884,0.9529358259206125,0.5569564084966031,1.5862384449935818,-1.0498901549056638,-0.8901522386936279,/dImWM7GJqryWJO9LHa3XQ8DD5NH.jpg
449,Mulan,-0.8719476820594899,0.8113997841490939,-0.5307998141946743,-0.8586706054906933,-0.3137277895916636,-1.0880035381999162,/aKx1ARwG55zZ0GpRvU2WrGrCG9o.jpg
450,Cruella,0.5666411663996632,0.23930245954063958,0.3023764561138643,-1.3785086160659465,0.32985333917436643,1.1574135662199259,/hjS9mH8KvRiGHgjk6VUZH7OT0Ng.jpg
451,Bloodshot,1.4392375036381326,1.0646263634217257,-0.8555862596373082,-0.9047095210053633,-0.49848373273768753,0.02494627695744749,/8WUVHemHFH2ZIP6NWkwlHWsyrEL.jpg
452,Fantastic Beasts: The Crimes of Grindelwald,-0.482851782706389,-0.556177279716417,-0.29731295142254605,-1.1126279237048422,-0.4569812872604713,-0.5380464182333772,/fMMrl8fD9gRCFJvsx0SuFwkEOop.jpg
453,Fantastic Beasts: The Secrets of Dumbledore,-0.2268499909635882,-0.3846432603593518,0.8981123105925716,0.5217680721944852,-0.3945038318856249,-1.1228171065090893,/3c5GNLB4yRSLBby0trHoA1DSQxQ.jpg
454,Zombieland: Double Tap,0.4902700131063912,-1.0559811265706938,2.414992331712152,0.542338429129372,-0.8011613979077202,0.6552943906183027,/dtRbVsUb5O12WWO54SRpiMtHKC0.jpg
455,Tomb Raider,-0.9139490486689688,0.5586689895224185,-0.13007570962692705,-0.8014888791985757,-0.31856245751695966,-1.1442257197519714,/s4Qn5LF6OwK4rIifmthIDtbqDSs.jpg
456,Baby Driver,0.20249322910241868,0.6953390199032046,-0.054953255962508454,-1.1878005428400946,-0.7672393092634667,0.16908292515113355,/tYzFuYXmT8LOYASlFCkaPiAFAl0.jpg
457,Baywatch,0.9875115780839424,0.5549456425967774,-0.23251211812751618,-0.9569474377825294,-1.0173261737377146,1.9460654390227607,/6HE4xd8zloDqmjMZuhUCCw2UcY1.jpg
458,Valerian and the City of a Thousand Planets,0.07593931311596491,1.1777765149417774,-0.8667071937086521,-0.5667150764075555,-0.9287128203574817,-0.1956697416116744,/vlc95gl3PtrjxSEuM8RhTtSm2xU.jpg
459,Nocturnal Animals,-0.11645191203309789,-1.1448328029154489,1.2056193807975228,1.3617207282363974,0.48936108974563675,-2.3071225418121424,/mdLDgQBD0va09npSQX5Zgo2evXM.jpg
460,Atomic Blonde,-0.4716024262709245,1.727121408682491,0.4475558928202845,0.6179131034677683,-1.2172057283763955,-0.9561019580849185,/kV9R5h0Yct1kR8Hf8sJ1nX0Vz4x.jpg
461,Fifty Shades Darker,0.08805080960469742,-1.742295638736971,-0.5194592969009307,0.001937539080615987,1.8626516520269223,-0.9504729304926252,/w3qa274gvca9t8pkUoG8nfQgTU3.jpg
462,Jack Reacher: Never Go Back,-1.219019408510531,1.0215342356062742,1.1992872293001913,1.6254167200229492,-0.4504265984464308,-0.6406201489594588,/cOg3UT2NYWHZxp41vpxAnVCOC4M.jpg
463,Kingsman: The Golden Circle,-0.3699981894513324,2.214427124758405,0.41716941040306893,0.6743466470492395,-1.2083336267192015,0.6750058244724539,/34xBL6BXNYFqtHO9zhcgoakS4aP.jpg
464,Eyes Wide Shut,0.3808393775268646,-0.8229280972986547,0.006372535461167727,2.085799057211066,-0.20371120717628913,-0.5719565583956409,/knEIz1eNGl5MQDbrEAVWA7iRqF9.jpg
465,The Equalizer 2,0.11786519684984637,1.1715096799903177,1.3472729132125068,0.6697017223478822,-1.1806383842869839,-0.8923435712229948,/cQvc9N6JiMVKqol3wcYrGshsIdZ.jpg
466,Collateral Beauty,-0.5773778925892905,-1.8163693063480917,0.381945876667458,0.48911945084112474,2.0431752860829455,-0.7775455625922766,/4vfqosgik5pLb32RpskYifp8PWJ.jpg
467,The Meg,-0.8095747123687544,0.34380149812602145,2.3650578101007897,1.5166308777270696,-0.9786992391952312,-0.8526312232091793,/eyWICPcxOuTcDDDbTMOZawoOn8d.jpg
468,It,-2.8089826998804415,-0.40449335505214246,2.9215996419630748,1.260843569271111,-1.0844898171860284,-0.8080605131400999,/9E2y5Q7WlCVNEhP5GiVTjhEhx1o.jpg
469,The Girl on the Train,-0.5590832240309419,0.41036965833029715,1.0913783409150077,1.9286236549158784,-0.11670201400486852,-0.5966305665298136,/AhTO2QWG0tug7yDoh0XoaMhPt3J.jpg
470,Barbie,3.986883727447144,0.7104526254523156,-0.2484390893103688,-1.4991417110230183,-0.13390731785895446,3.4800904795933882,/iuFNMS8U5cb6xfzi51Dbkovj7vM.jpg
471,The Predator,0.28010775220707873,0.793645835680989,0.5248979833763461,1.6983182530049297,-1.4327380452190177,-0.3629445272631383,/a3eWGF6YPF7No5Rbtjc8QpDvz7l.jpg
472,Alien,0.0009196151870725534,-0.9074223659286133,1.4188606045235637,-0.7797026220213019,-0.9109392854055383,-0.23544766793077312,/vfrQk5IPloGg1v9Rzbh2Eg3VGyM.jpg
473,Solo: A Star Wars Story,-0.2300638778920656,0.8322439888424406,-0.17048111067706842,-0.8083523527593096,-0.6915125923859472,-0.13507485219662604,/4oD6VEccFkorEBTEDXtpLAaz0Rl.jpg
474,The Simpsons Movie,-0.9438154919468692,-1.2749420691510707,-0.28864699734216603,-1.087561754723991,0.3526131528885203,1.602342934976709,/s3b8TZWwmkYc2KoJ5zk77qB6PzY.jpg
475,The Devil Wears Prada,1.623698215248244,-1.6652242813855598,-0.5587979938686877,-1.0140206061973918,0.5120036907635711,1.1170403494887842,/8912AsVuS7Sj915apArUFbv6F9L.jpg
476,Jurassic World: Fallen Kingdom,-0.4395466230450869,1.5804547676618215,-0.30979345512735007,0.7379123326300309,-1.2664370532336544,-0.419935340086427,/x2Us3jR6ToMJjbcPbLimYoxf6xr.jpg
477,Mission: Impossible - Fallout,-0.4281297126109593,1.077222811925516,-0.9152160728971128,-1.0300233674570307,-0.9955412064618371,-0.29023601329612403,/AkJQpZp9WoNdj7pLYSj1L0RcMMN.jpg
478,Jumanji: Welcome to the Jungle,0.9334398393601453,0.9035193353506954,-0.5940283524882385,-0.829168026160212,-1.0799177677506955,1.3471935414452327,/pSgXKPU5h6U89ipF7HBYajvYt7j.jpg
479,The Dark Tower,-0.49540920977551706,0.2199050190397842,0.28449598554255323,-0.8003186797139618,-0.8201903867203978,-1.497244925554873,/i9GUSgddIqrroubiLsvvMRYyRy0.jpg
480,Coco,1.5843674718194367,-0.19531819818797114,0.02540146585016975,-0.9445801996700853,0.4514493575872985,-0.5884161241553818,/6Ryitt95xrO8KXuqRGm1fUuNwqF.jpg
481,Ford v Ferrari,1.1966388183053702,0.23192876871774346,-0.4739652909599472,-0.41055325561388856,-0.023464878776632267,0.447538901913672,/dR1Ju50iudrOh3YgfwkAU1g2HZe.jpg
482,"Three Billboards Outside Ebbing, Missouri",-0.6000986142370961,-0.9894796946143651,0.6455013976721895,0.8069258643556627,0.4402449282125415,-0.37853766710014275,/bRYLt8fV82tdVoDppSFTZIcJiLN.jpg
483,Top Gun: Maverick,-0.1527812322570939,-0.29509969515686796,0.046233462437030165,-0.282469515957641,-0.2175268211857687,-0.3375577466551733,/62HCnUTziyWcpDaBO2i1DX17ljH.jpg
484,Ant-Man and the Wasp,0.3347400042997097,1.0409674385060805,-1.3531022529930492,-0.6206377906328824,0.2728559189097926,-0.6028223662600588,/cFQEO687n1K6umXbInzocxcnAQz.jpg
485,Sully,-0.5645600431683242,-1.1079909415514475,-0.7955406889549128,0.14132093042793015,-0.1629947101144107,-0.5384508088604066,/4vs83YcJ8TsabADDtaeCJ6ZTjYY.jpg
486,Batman Returns,0.22823342930851426,0.10988067056864607,-0.8693215748536541,-0.954434546319023,-0.1748835159019659,0.275641270794207,/jKBjeXM7iBBV9UkUcOXx3m7FSHY.jpg
487,Casino Royale,0.11965091088994667,1.713692454646172,-0.5235137615276055,0.6406490446846274,-1.1996005550315763,0.005458867159474649,/lMrxYKKhd4lqRzwUHAy5gcx9PSO.jpg
488,Blade II,-1.0524858545330604,0.6328607846872764,2.1757581253721363,2.07836187194238,-1.3113368537762375,-1.3633973025389232,/yDHwo3eWcMiy5LnnEnlGV9iLu9k.jpg
489,Blade,-0.4621755823676035,0.15324895031640812,-0.6288203799144884,0.18383461767300682,0.736548292004738,-0.9373209738514525,/hx0sdduAsr4rq03RZKZzglR25z7.jpg
490,X-Men,0.19514418792555438,0.9580514888825805,-0.11273017367859088,-0.9726199181795365,-0.6069686657124918,-0.2692738678622744,/bRDAc4GogyS9ci3ow7UnInOcriN.jpg
491,X2,0.5723245655806956,0.8813997719089592,-1.040597103773277,-1.254964958742564,-0.5347955457488304,0.9183335020284393,/bWMw0FMsY8DICgrQnrTSWbzEgtr.jpg
492,X-Men: The Last Stand,-0.032242939889219606,1.1976100873292608,-0.023886208427822644,0.5047885872802452,-1.221852039085268,-0.6907416744542848,/a2xicU8DpKtRizOHjQLC1JyCSRS.jpg
493,First Man,0.47731395253057807,-0.8970006100422098,0.20126910858680583,-0.049642175319349724,0.24807587976414838,-1.0632440309449809,/i91mfvFcPPlaegcbOyjGgiWfZzh.jpg
494,No Time to Die,-0.31455740203048593,1.1269555591287423,-0.17293485977109055,0.5049866238972636,-1.1227248377862469,-0.4276079482712847,/iUgygt3fscRoKWCV1d0C7FbM9TP.jpg
495,Tarzan,0.9112659021527689,-0.8225489003830155,-0.47448671868701,-0.5500710183355826,0.6327727021612879,-0.2233796537592984,/bTvHlcqiOjGa3lFtbrTLTM3zasY.jpg
496,The Truman Show,0.12103967271599629,-0.4718409661729781,-0.6053957956525966,-0.11954910112682159,0.15271176674474007,1.1187037664892896,/vuza0WqY239yBXOadKlGwJsZJFE.jpg
497,Your Name.,-0.38926037973379074,-1.647314248716391,-0.8518096040544672,-0.6501949972309382,2.5765861152976286,0.07858451268140215,/q719jXXEzOoYaps6babgKnONONX.jpg
498,Godzilla: King of the Monsters,0.3856392150978651,1.2789213253728675,-0.40701897132390136,0.9730692601070517,-0.33995687709860933,-1.6484657138064553,/mzOHg7Q5q9yUmY0b9Esu8Qe6Nnm.jpg
499,Dunkirk,-1.6340348434482383,0.0912849776274862,0.7656537321992566,-0.05944257278106191,0.02832255384133612,-0.5222081600745507,/b4Oe15CGLL61Ped0RAS9JpqdmCt.jpg
500,The Favourite,1.0280459774079211,-1.382919368667301,-1.1350549701751982,-0.4685515021115586,1.19583968130405,1.2002059532496479,/cwBq0onfmeilU5xgqNNjJAMPfpw.jpg
501,Super 8,-1.2014867606029267,-0.11591829676206954,0.1613649903164473,2.448828414072264,-1.1929331649861903,-0.7559651074228968,/pUWIjaMMYJjeBm5bJyE3mIXdQ62.jpg
502,Moonlight,-1.4648112894514964,-1.5989171751449527,-0.3363235923748575,-0.7603507940512518,0.9097038642483797,-0.3415030445676489,/qLnfEmPrDjJfPyyddLJPkXmshkp.jpg
503,A Nightmare on Elm Street,-1.480765993509438,-0.6449148397474468,3.638300178990213,2.882426261653563,-0.6364650870132331,-1.7881083176770483,/avHGIO93jgCZLf33ec2aahgZJX6.jpg
504,The Tourist,-0.7250595919233354,0.6416370275226901,-0.5661679673308633,0.6504955330325334,0.5144851102982294,-0.2544507618692365,/oXe1nw4HcS32YVpvxwsWEVdvEXA.jpg
505,Skyfall,-0.5536260548278575,1.3604679716210657,0.12369888447065701,0.5037399778198703,-1.0287661101179406,-0.5143079282537214,/d0IVecFQvsGdSbnMAHqiYsNYaJT.jpg
506,Easy A,0.18438849330627113,-1.1355681473387076,-1.3759490850026137,-1.3975516202364653,0.5764718122243462,1.8316392727663273,/v5f1qO6NJnxWgONgkYg21TW39DT.jpg
507,The Social Network,0.8673619584593552,-1.4572306695278574,0.026406042607417884,-0.5279893131903206,0.22380679603691367,0.15484699606160865,/n0ybibhJtQ5icDqTp8eRytcIHJx.jpg
508,Eternal Sunshine of the Spotless Mind,-0.8232976681500047,-1.589085903044892,-1.4249873597778082,-0.25093339223781924,2.302026090911416,-0.5422783334899244,/5MwkWH9tYHv3mV9OdYTMR5qreIz.jpg
509,Rain Man,-1.0839069795237077,-1.3996438142935201,-0.41077318501784654,-0.44354914699369635,1.1535696748330007,-0.24405999984701557,/iTNHwO896WKkaoPtpMMS74d8VNi.jpg
510,Megamind,0.5871341031278167,0.2798170461353194,0.29563988903005395,-0.6748635974854759,-0.7740746624269664,0.7435401556462269,/uZ9ytt3sPTx62XTfN56ILSuYWRe.jpg
511,mother!,0.1937541080558064,-1.61146113876744,1.9732304527901183,0.30777345650832383,0.3382160580215687,-0.676726386115718,/fjny9chXPx69ln1LMJxbwi5yHMt.jpg
512,Hidden Figures,1.2061441782490834,-0.8827261312663381,0.597260480352024,0.07169054064884706,0.5221409665670166,-0.3511221239199418,/9lfz2W2uGjyow3am00rsPJ8iOyq.jpg
513,Split,-0.772072649829766,-0.22908490899449088,1.8458113862819168,1.2740893580078905,-0.7416819319114709,-0.796240465262562,/lli31lYTFpvxVBeFHWoe5PMfW5s.jpg
514,Deadpool 2,0.5352066366205036,0.8057868352133352,-0.2740740567565325,-0.8749646440597351,-0.4223472126076616,1.6611544456665628,/to0spRl1CMDvyUbOnbb4fTk3VAd.jpg
515,Transformers: Dark of the Moon,0.34768268255317497,1.2888281181126073,-1.2141081173826747,-0.5242611159658287,-0.5422449847099471,-0.5001983677554777,/28YlCLrFhONteYSs9hKjD1Km0Cj.jpg
516,Grown Ups,0.8459650570362728,-0.8225249176332343,0.019252553144983173,-0.41347826202051247,0.09757480628176843,1.9309522788471214,/cQGM5k1NtU85n4TUlrOrwijSCcm.jpg
517,Fast & Furious Presents: Hobbs & Shaw,1.6489178735787113,0.9793765188373487,-0.29818128327448495,-0.2589480604558495,-0.217546489464809,1.8487245786850874,/qRyy2UmjC5ur9bDi3kpNNRCc5nc.jpg
518,F9,-0.5994662913656181,1.7397393377230037,0.6101621266535409,-0.765825568345846,-0.6734295880217535,0.05270415495122209,/deEmLILTPejEb6OGsXRJ5MCvyDW.jpg
519,Fast X,-0.7626737610797297,1.1027045182139275,1.4733385425916574,0.2555517950819908,-1.3121276893746594,-0.04895645809876141,/fiVW06jE7z9YnO4trhaMEdclSiC.jpg
520,The Karate Kid,-0.06755653421816091,0.3861467191929142,-0.22171016220666784,-0.28350758266190423,0.21339312540912664,-0.1601109896212389,/b1RBy3l297N0c7PHjlz35cClWju.jpg
521,Bad Boys for Life,-0.29232290934414273,1.3985869009374545,0.8437963893345188,0.42859390599472225,-0.9976741473564237,-0.050051321363788384,/y95lQLnuNKdPAzw9F9Ab8kJ80c3.jpg
522,Tangled,1.6931530749754524,0.6127000383184286,-1.073333961921657,-1.207557221933632,0.3260451504777653,0.44070002150553694,/ym7Kst6a4uodryxqbGOxmewF235.jpg
523,Inside Man,-1.1825601031763964,-0.4306347216940828,0.7104607968697606,1.1039721699028353,-0.627706788124865,-0.09439381893048047,/ffMUgkDZICNiyaws1Jkv8qG8uFW.jpg
524,12 Angry Men,-0.6034215539954865,-1.717053236406407,0.3977799590917659,-0.1594874763611888,-0.0827797261161097,-1.8092261379776446,/ow3wq89wM8qd5X7hWKxiRfsFf9C.jpg
525,"I, Tonya",0.45097195864468914,-1.43475209625553,-0.4572800982507418,-0.7558053799633141,0.3228524849855705,0.6376165780196438,/6gNXwSHxaksR1PjVZRqNapmkgj3.jpg
526,The Hitman's Bodyguard,-0.4806653338151624,1.274770792934673,1.0374406567031047,0.9571928354340953,-1.004762911067384,1.7085948216895315,/5CGjlz2vyBhW5xHW4eNOZIdgzYq.jpg
527,Lady Bird,1.0717741963791707,-1.7752587541956903,-0.5300528685635258,-0.44427200851212856,1.3373595155281885,1.2142935650906126,/gl66K7zRdtNYGrxyS2YDUP5ASZd.jpg
528,Murder on the Orient Express,-0.7694462248909977,-0.9885269442708958,0.2740864879235999,1.0598183642024623,0.12335515246713905,-0.3905696426470327,/7GtdJU6iAg6fjQu3E3zta3bIAQh.jpg
529,Real Steel,0.5094350511998323,-0.3016595739035656,-0.6189513779350532,-0.33729300883847335,-0.10102275939757427,0.14957514271654113,/4GIeI5K5YdDUkR3mNQBoScpSFEf.jpg
530,Kill Bill: Vol. 2,-1.724168451774259,1.4691569313277497,1.6931250827890871,1.8794559001838975,-0.8844393676886534,-0.3913690020384558,/vr9w5OrpAPjCdccZ6xheBqGkxwM.jpg
531,Corpse Bride,1.247011300780135,0.45037396669107127,0.2593896663528373,-0.5117962157055728,1.4944440771947,-0.0165347452518518,/isb2Qow76GpqYmsSyfdMfsYAjts.jpg
532,Paul,0.1661007140558438,0.24197332945895467,-0.7888110896270092,-0.7973578093590117,-0.1798997809622499,1.1301629698758384,/bX8TP2qRWh2OcmeUHGn1ENDkCu6.jpg
533,RED,0.5307780560013963,2.4883058465490895,0.8664906121035301,0.42391888567239205,-0.9321338769799494,1.5030600874216826,/8eeK3OB5PeSRQD7BpZcGZKkehG.jpg
534,Contagion,-0.8603132096178594,-0.9462703785374633,0.15872779361740663,0.8348072464592186,-0.2054226463195478,-0.7403315606431753,/qL0IooP0bjXy0KXl9KEyPo22ll0.jpg
535,Wind River,-0.7991404116522639,-0.8085279766307517,0.3848099540493418,1.2811497721105578,0.07481250201129606,-0.42392603424615133,/pySivdR845Hom4u4T2WNkJxe6Ad.jpg
536,Life,0.7240289567137215,-0.8188856758628447,0.8209632510534386,0.12701107571432477,-0.3168261555057676,-0.40818756217797675,/wztfli5NgYDgurVgShNflvnyA3Z.jpg
537,Annabelle: Creation,-0.6465048934690626,-0.5865793570118779,1.5271684353998927,-0.6587117514367588,-0.42993487032857536,-0.428652460245848,/tb86j8jVCVsdZnzf8I6cIi65IeM.jpg
538,Train to Busan,-0.599275455968404,2.1168495924501274,3.0924544019511275,1.7599289121852952,-2.0326083735679243,-0.988862815160099,/vNVFt6dtcqnI7hqa6LFBUibuFiw.jpg
539,Call Me by Your Name,1.013329321083779,-1.4979175007704024,-0.8350333579419797,-0.6118487175011178,2.631136628022242,0.05800405975095718,/mZ4gBdfkhP9tvLH1DO4m4HYtiyi.jpg
540,The Irishman,-0.06305138787672435,-0.8519496112600492,0.3834294371875592,-0.5390948016822539,0.6428265229804406,-0.22999712039547215,/mbm8k3GFhXS0ROd9AD1gqYbIFbM.jpg
541,The Shape of Water,-0.5597272946648572,-1.2895730786418262,-0.0728513107758541,-0.3627685339971849,1.4169300232490873,-1.2637262014379649,/9zfwPffUXpBrEP26yp0q1ckXDcj.jpg
542,Isle of Dogs,0.37440032685272334,-0.16215925568569467,-0.5999230300240682,-1.3985261981847559,-0.013121384910022934,1.5780868849517626,/c0nUX6Q1ZB0P2t1Jo6EeFSVnOGQ.jpg
543,Darkest Hour,-1.5827204873265461,-1.5264108552984161,0.23560915505187577,-1.0521126522401671,0.5695907609103411,-0.6157521596629244,/xa6G3aKlysQeVg9wOb0dRcIGlWu.jpg
544,Godzilla vs. Kong,0.5722846226698267,1.9676657404903177,-1.0330065140144833,0.26592226305306765,0.23857312655188204,-1.9169467217689269,/pgqgaUx1cJb5oZQQ5v0tNARCeBp.jpg
545,Alita: Battle Angel,0.6310424474156587,0.9330305131599473,-0.17763789718488512,-0.7401041693948047,-0.12536203411773736,-0.551228246461773,/xRWht48C2V8XNfzvPehyClOvDni.jpg
546,Bright,-0.10944340732669959,0.7813203191081118,-0.0676974573569138,0.6092163049961103,-1.4612942658546346,-0.46422344780971647,/whkT53Sv2vKAUiknQ13pqcWaPXB.jpg
547,Gifted,0.9551825277203834,-1.3799544771658754,-2.131323656628928,-1.074854909821922,1.4737021833684738,1.1172509495320375,/9Ts7Vc4wLlpI9oox9mkVUE1tBHy.jpg
548,Beetlejuice,0.09084126097527238,-0.3751499948984213,-0.27847781037090924,-1.0218522670313457,0.09051970066048277,1.232972973079526,/nnl6OWkyPpuMm595hmAxNW3rZFn.jpg
549,Red Sparrow,-0.6519894309528771,0.4571646534198916,0.7327922127650067,2.628355388202874,-1.1288750602541773,-0.24316877729488598,/cdefNr6aS00IwVbSlxdFJnfmzKh.jpg
550,Ocean's Eight,0.25485072301423367,0.5700140081337806,-0.26787754570618993,-0.3642397825792453,-0.5119262614106697,1.7254629108478676,/MvYpKlpFukTivnlBhizGbkAe3v.jpg
551,Ralph Breaks the Internet,1.5147066141272598,-0.23530163809183355,-0.4250521390569753,-1.4330677969422165,0.14763592757731966,1.6218398737039397,/iVCrhBcpDaHGvv7CLYbK6PuXZo1.jpg
552,Bird Box,-1.3504429817817216,-0.9196980692138231,2.4776127849358804,1.615782963129215,-0.7384422162524842,-1.7188323595751585,/rGfGfgL2pEPCfhIvqHXieXFn7gp.jpg
553,What Happened to Monday,-0.24729611434694274,0.44495274501901144,-0.4669197577534495,1.0972101854639376,-1.254272962698288,-0.16394558064773346,/atOgZMJpMrTdpqvPiHVPfBhR61l.jpg
554,Wonder,0.9799739687403983,-1.4232975038095343,-0.676914095148526,-0.491618216495961,0.8834818499213779,-0.1166491150112101,/sONh3LYGFcVDTy8pm1tbSOB13Li.jpg
555,Snow White and the Seven Dwarfs,0.9166852340104459,-0.630991802570052,-0.8747704478933184,-1.3626026159432436,0.6769071817875489,0.19030403476221638,/3VAHfuNb6Z7UiW12iYKANSPBl8m.jpg
556,The Transporter,0.04412824614710858,1.4823895578778996,-0.5019284450218598,-0.06784014275456705,-0.5936505225379262,0.4154589285899235,/dncJ81z1BahrT3ogLvlxOUC5n4u.jpg
557,"The Chronicles of Narnia: The Lion, the Witch and the Wardrobe",0.9900833175958944,-0.3075297503417922,-0.16934093743343584,-1.5517103080800088,0.20356777399487436,-0.4934518858411543,/iREd0rNCjYdf5Ar0vfaW32yrkm.jpg
558,Men in Black 3,1.1550470380263147,0.10638126786222829,-1.040597103773277,-1.254964958742564,-0.5347955457488304,2.355357361822769,/90DdoEStzeObs96fsYf4GG544iN.jpg
559,Batman Forever,-0.38218959509801403,1.074634815303716,0.08335885284027679,-0.6049860241972244,-0.13613899863775283,-0.7571064376013815,/i0fJS8M5UKoETjjJ0zwUiKaR8tr.jpg
560,The Batman,-0.6847790332092004,0.3209376456355424,2.0674089715270276,1.8206792824668894,-0.8409674614335912,-0.4489419360794198,/74xTEgt7R36Fpooo50r9T25onhq.jpg
561,Batman & Robin,-0.3923826837777142,0.9062571413931181,-0.1189720740536839,-0.4940711210705045,-0.4175076774237322,-0.4250532316306817,/i7hEUpDuMN2LOrCEifFyGSHZQSY.jpg
562,Due Date,0.9514148222022634,-1.2174365858854135,-0.9398376384945574,-0.547933068150028,0.7678326395680392,1.7664057220020433,/sBxWS09pOOyXZ0dcnqfqqCAQGan.jpg
563,Get Out,-0.2424945350624192,-0.3794096315251057,1.2192014493445438,1.4099515245463037,-0.7586406564582842,0.2669382962767352,/tFXcEccSQMf3lfhfXKSU9iRBpa3.jpg
564,Ad Astra,-0.08053095488787972,-1.2398206909908662,-0.16732825608038177,-0.6972469183432703,0.15391022244515867,-1.0502107340983864,/xBHvZcjRiWyobQ9kxBhO6B2dtRI.jpg
565,Maleficent: Mistress of Evil,-0.7856111786269251,0.07897131769495053,0.02392917023512109,-0.24983475345196293,0.6560000288757832,-1.2453801218184768,/vloNTScJ3w7jwNwtNGoG8DbTThv.jpg
566,Aladdin,1.5383192134882862,0.25371580729172855,-0.907554838445947,-0.49891698048571514,2.4022828804707137,0.5809447808999024,/ykUEbfpkf8d0w49pHh0AD2KrT52.jpg
567,The Lion King,0.08296855177494132,-0.6379977527635604,-0.16289021319403868,-0.3253284854319772,1.1036675221893162,-0.5938951514118348,/dzBtMocZuJbjLOXvrl4zGYigDzh.jpg
568,The Pianist,-0.5814543450498685,-1.35058490921753,1.0636586296939037,-0.9232403980256615,0.5555431124424882,-1.024510676557753,/2hFvxCCWrTmCYwfy7yum0GKRi3Y.jpg
569,The Conjuring: The Devil Made Me Do It,-0.7380386247381224,0.07453932093364311,3.275079943655191,2.8190101438779904,-1.2363020333684225,-2.0899687365621253,/rQfX2xx8TUoNvyk892yKWNikJaM.jpg
570,Scream,-1.2849706180432174,0.9880473877065091,4.049015012452875,3.7990458401446583,-1.1448269396951352,-1.0188290192973044,/lr9ZIrmuwVmZhpZuTCW8D9g0ZJe.jpg
571,Schindler's List,-1.8625322145906011,-1.075757071066649,1.1477380346640613,-0.39583602323083766,0.08663224111420445,-0.6394768380484879,/sF1U4EUQS8YHUYjNl3pMGNIQyr0.jpg
572,Halloween,-0.5712512079603017,0.1396807731454852,2.785852370703361,1.4812798925408803,-0.8935408566986481,-0.7892235030852646,/f7JAX5EGk4GgsEnus6OxyzwpFp7.jpg
573,Bohemian Rhapsody,2.0549804020542752,-1.1605942352750984,0.05112506886633636,-0.4103310589011449,0.5103660432460893,-1.0670165533100242,/lHu1wtNaczFPGFDTrjCSzeLPTKN.jpg
574,Scary Movie,-0.6518117045368048,-0.9375343828367144,0.4470091108142393,-0.48723906213635365,-0.6869347790917063,0.8408045061766259,/fVQFPRuw3yWXojYDJvA5EoFjUOY.jpg
575,Bumblebee,-0.9106642397374882,1.1234306030526537,-0.16973674773146913,-0.5330182914548701,-0.4828388122282116,-0.7201304447504763,/fw02ONlDhrYjTSZV8XO6hhU3ds3.jpg
576,Scary Movie 2,0.6434715499239836,-1.318444967961408,-0.08404390063348642,-1.4463576144578272,-0.004739310882289195,0.7008641500333916,/7Eb1JWK0Cb0rbfsYjwfc9g0PbQH.jpg
577,Ice Age,0.26569602868572667,0.12888170662713272,-0.20439737690912016,-0.7675612868415912,-0.04834111032316894,1.2960455982347703,/gLhHHZUzeseRXShoDyC4VqLgsNv.jpg
578,Ghostbusters: Afterlife,1.5399188008902236,0.17316704361146712,-0.6715638697066721,-1.0379318743009565,-0.03303267108818522,1.5990367477028662,/sg4xJaufDiQl7caFEskBtQXfD4x.jpg
579,Vertigo,0.0914236280730348,0.189665289177151,-0.27517142336096373,2.4777975299434587,1.2243223237901453,-0.008764903444583952,/15uOEfqBNTVtDUT7hGBVCka0rZz.jpg
580,Rampage,-1.154716108678992,0.6764223661681854,-2.126622993087808,-0.504299452253888,0.5376003050513951,-0.4735437042231585,/MGADip4thVSErP34FAAfzFBTZ5.jpg
581,Mortal Engines,-0.10572119475796976,-0.09234535558624964,0.9524008883542626,-0.574686440370963,-0.2967721960299369,-0.8136211251616564,/gLhYg9NIvIPKVRTtvzCWnp1qJWG.jpg
582,"The Good, the Bad and the Ugly",-0.0630656947230899,-0.7991325900455728,-1.0235503900380047,-0.7960366023095353,0.30943789323860627,-0.13661596913744367,/bX2xnavhMYjWDoZp1VM6VnU1xwe.jpg
583,Spider-Man: Far From Home,-0.4560597756693956,1.0823525950682544,0.2132885974260852,-0.12065914652457785,-0.8563758929468215,-0.18667899343062505,/4q2NNj4S5dG2RLF9CpXsej7yXl.jpg
584,Ghostbusters,-0.1727588207734373,-0.0024188824936811743,-0.2807483756235427,-0.48660424888681003,-1.1195383204102212,0.34448883393266777,/wJmWliwXIgZOCCVOcGRBhce7xPS.jpg
585,Cube,0.2690809385678435,-0.17662367937965567,-0.06374462964919547,1.2489047293189328,-1.160222482935211,0.008593991951819707,/x4BTjxdrOKC27FcSkBh8KPEgnum.jpg
586,Love & Other Drugs,0.7304582045509196,-1.323106352217732,-0.5612624803405021,-0.3689901534192712,2.668682518805032,0.9714355267017479,/wZLM2uKJRYNchLmiCIjosX0rXy8.jpg
587,Pride & Prejudice,-1.2199084180706963,-1.3721769445534877,-0.2749734907365693,-0.11562608120038992,1.624112002867347,-0.28162207538056855,/v5gShop7147X33ytbcC2u05KDuc.jpg
588,The Day After Tomorrow,-1.0058201293875153,0.5187205113093285,0.15815608594827782,0.12012594073750806,-0.46955663268688386,-0.594207571811536,/Wr4HeYQRvwVCxzOV5TmGE7UkXq.jpg
589,Black Adam,0.8746274067939679,0.9984109536658351,-0.6100636426020198,-1.0680880580665455,-0.3389535671595514,0.09235520732458874,/rCtreCr4xiYEWDQTebybolIh6Xe.jpg
590,The Suicide Squad,0.7092231703269256,1.6102274228861826,-0.09552972970733797,-0.251078482854978,-0.19676810543057985,1.4158072582357166,/q61qEyssk2ku3okWICKArlAdhBn.jpg
591,Dune,0.38215279595188284,-0.09720723255109638,-0.8014700294278525,-1.0935010419240194,0.41728402698123934,-0.41685792420273154,/d5NXSklXo0qyIYkgV94XAgMIckC.jpg
592,The Nun,-0.9226734530684569,-0.007735461615613339,1.7271524814307926,-0.0388060983677546,-0.7159334221517252,-1.5356566518130041,/sFC1ElvoKGdHJIWRpNB3xWJ9lJA.jpg
593,Happy Death Day,0.9935971671017542,-0.997443984710361,1.7690094177002316,0.30187248549240386,-0.0134944702465209,0.6135154533950976,/cTaEIUYTt52ooq9quVbAQ7NpGwo.jpg
594,127 Hours,0.16668184650520648,-0.13465300496167157,-0.12522232694374283,0.8220677886789902,-0.22905325814487035,-0.3005464218193811,/h0RMdn0rfl9l5hWXz3tUh6QVkhi.jpg
595,Black Swan,0.36463809148042164,-0.024748400858861933,2.2011554637675137,2.1899667264686737,-0.17646881904151004,-0.3337828688244707,/viWheBd44bouiLCHgNMvahLThqx.jpg
596,True Grit,-0.03739388243053836,-0.6357184676403067,-0.2748457851787974,-0.6160906859884576,0.6390721587638178,0.11366028714508894,/tCrB8pcjadZjsDk7rleGJaIv78k.jpg
597,Game Night,0.6778206773672553,-0.18533252029437666,-0.02928386736256335,-0.005173368786128045,-0.1740115650190158,2.046262708325328,/85R8LMyn9f2Lev2YPBF8Nughrkv.jpg
598,Skyscraper,0.362704849348253,1.6624300006618868,-1.0029010167948187,0.818280180469392,-1.1233611108827235,-0.18214669206256268,/52ml62vClzrlqvXZq2FEW6UF6c1.jpg
599,A Quiet Place,-0.3546132728259413,-1.5344913096732877,1.5974177021285358,0.3028310495979308,-0.5170218400158819,-1.0767116499631353,/nAU74GmpUk7t5iklEp3bufwDq4n.jpg
600,Guardians of the Galaxy Vol. 3,0.47292898938407,1.4093060891158455,-1.3233640686091714,-1.017813137456099,-0.536720389989201,0.8349606900948715,/r2J02Z2OpNTctfOSN1Ydgii51I3.jpg
601,Pokémon Detective Pikachu,0.3840291235967836,1.1586489207963238,-0.38650330426108076,0.501570733761767,-0.5109913777274906,0.36363412305030957,/uhWvnFgg3BNlcUz0Re1HfQqIcCD.jpg
602,Hugo,0.8299276034959098,-0.7265085737958579,-0.13577536692844894,-0.8889890919677813,0.7067198809699278,0.05861273349060865,/1dxRq3o3l3bVWNRvvSb7rRf68qp.jpg
603,Battleship,-1.5691870242962938,2.314673294241037,0.263376783332522,1.4824276503525713,-1.3272718088196298,-0.8376651297439681,/9b0Im7SfedHiajTwzSL9zGyBI7M.jpg
604,Rango,0.5015686310180535,-0.16758721023566264,-0.6026090229947542,-1.1265794268871174,-0.14148998023548054,1.903393180741656,/A5MP1guV8pbruieG0tnpPIbaJtt.jpg
605,Green Lantern,0.6363024718214794,1.5859413124929562,-0.8780663063383466,0.6241798663213142,-0.6918390687399147,-0.30968669924313874,/fj21HwUprqjjwTdkKC1XZurRSpV.jpg
606,"Love, Simon",0.6957205431153238,-1.7136710142623226,-1.0045179428005957,0.14718099369237955,2.674917761749798,1.3169247370587915,/snIsqVPmlu4LPjvToHpDotxa7Eh.jpg
607,Glass,-0.8833110234060355,-1.3030113948045443,-0.8945221236003694,0.7219704964253182,0.48467719298398243,-1.1799615599333282,/svIDTNUoajS8dLEo7EosxvyAsgJ.jpg
608,Jungle Cruise,1.660252861247368,0.7701559217840251,0.032899111899663123,-0.7440364316492817,-0.31613635679607066,0.963588935257975,/yKy9ELL8CON5sqDg4yIvBb5LTZL.jpg
609,Enchanted,-0.32630371882849374,-0.3873189807214427,-0.35206588505574815,0.0872218038465797,1.8016988583032045,0.5058346983867792,/8KCNzCArLlvLdQoHx6npua2VSVc.jpg
610,The Hangover Part II,-0.30810850401778894,-1.0548141097982011,-0.6349973284955674,-1.2470662236866825,0.1732432441414374,1.717036446585457,/cKZu0Fdkj7dmwbfMpgDqVVCkLJQ.jpg
611,The King's Speech,0.4261281542413537,-1.3220976138946772,-1.5517193000482306,-0.9288096855743909,1.1329973238491808,0.45384755843660063,/pVNKXVQFukBaCz6ML7GH3kiPlQP.jpg
612,A Beautiful Mind,1.2242039448038438,-1.347531724241148,-0.8779105978751356,-0.10300997831106234,2.3681560111700866,-0.13893631694495956,/rEIg5yJdNOt9fmX4P8gU9LeNoTQ.jpg
613,Doctor Strange in the Multiverse of Madness,1.0946271420868143,0.9372436240219685,-0.14369261695347726,-0.4529594810567948,-0.612214061954069,-1.1641741584194154,/ddJcSKbcp4rKZTmuyWaMhuwcfMz.jpg
614,Gemini Man,-1.4492717919520348,1.772718351858544,1.1471102332628444,0.728604240079293,-1.4051301572706998,-1.0725319832175733,/uTALxjQU8e1lhmNjP9nnJ3t2pRU.jpg
615,Romeo + Juliet,-0.49313797065921733,-1.4841560603619182,0.6280488176504718,0.5012619192510074,2.02702651891438,-1.1530337694511663,/eLf4jclPijOqfEp6bDAmezRFxk5.jpg
616,Sonic the Hedgehog,2.9819503105661602,0.8361881541457612,-0.5198958257094236,-0.6875645533061577,0.058616542358434644,1.1832622921876357,/aQvJ5WPzZgYVDrxLX4R6cLJCEaQ.jpg
617,Panic Room,-1.3215153803427115,-0.3780810872757569,0.6755347555389093,0.9320966358536752,-0.341179242139685,-0.852995945653176,/hANYbvfwxmkC9E4yY6YyJxYxlSJ.jpg
618,The Kissing Booth,1.0076483334921704,-1.1364671732430205,-0.6871849410190422,-1.0287364545534279,1.6896101899579152,1.1114740629363213,/vcQNnnXgKLacoYF4LNWgkNiDXPd.jpg
619,The Machinist,-1.3014237360021483,-1.397659528541249,-0.06371110968781847,0.24781398799936682,-0.07572151797323907,-0.35572192008580117,/diAYqR4xdF9Hnj7qun6DEQhRrT2.jpg
620,Source Code,-0.17519513466789594,-0.005483700836008265,-0.13787451879170556,1.064758820470755,-0.7615905140570587,-0.005147473503869218,/nTr0lvAzeQmUjgSgDEHTJpnrxTz.jpg
621,John Wick: Chapter 3 - Parabellum,-0.7232101331220283,1.8249522265452787,1.892323640728331,0.9155171811903035,-1.3345352672666386,-0.8500731339700189,/ziEuG1essDuWuC5lpWUaw1uXY2O.jpg
622,Us,-1.008028086306119,-0.6174946574535367,1.8924363557197679,1.218362764278578,-0.4942373342147996,-0.8239161160915075,/ux2dU1jQ2ACIMShzB3yP93Udpzc.jpg
623,Mortal Kombat,0.5338661995659756,1.214115000330358,-0.5142347987896199,-0.6894402350169694,-0.5616889286687727,-0.27929830144118484,/ybrX94xQm8lXYpZAPRmwD9iIbWP.jpg
624,Rio,0.9452343736554625,0.20221428032310806,-0.9020295398943428,-1.1109748474127377,0.4379445650063562,1.3658585725282957,/4nJxhUknKV8Gqdhov8pU1YWDYfb.jpg
625,Hot Fuzz,0.22729866470375715,0.45900817621413814,0.30524994106523645,-0.9898849585196853,-0.44605773571142915,1.0565717986863634,/zPib4ukTSdXvHP9pxGkFCe34f3y.jpg
626,Wonder Woman 1984,0.5352290458959872,1.4258219348632308,-0.20024035219078232,-0.6017528813601903,-0.5138454129508834,-0.667825937922712,/8UlWHLMpgZm9bx6QYh0NFoq67TZ.jpg
627,Once Upon a Time... in Hollywood,1.08370914031754,-0.672233894138187,-0.04776121304941433,0.5064234297131002,0.1191467242542939,1.2490893603407216,/8j58iEBw9pOXFD2L0nt0ZXeHviB.jpg
628,To All the Boys I've Loved Before,0.2221800931058243,-1.1926719214703114,-0.03943595365844177,-0.5515599620281229,3.2739942999889005,1.2745049418697005,/hKHZhUbIyUAjcSrqJThFGYIR6kI.jpg
629,Uncut Gems,-0.1085360194447133,0.1971466444536391,0.6125252509601802,1.4889717387801178,0.17305469337320822,1.0147206985606907,/sg0xxJeb3u1C4kAxhSuTwTNpEDt.jpg
630,It Chapter Two,-1.3154057620821755,-0.5830978586022874,2.558329972927634,1.1835353500095953,-0.773103530475542,-0.9596631009617085,/zfE0R94v1E8cuKAerbskfD3VfUt.jpg
631,Joker,-0.9546025833583833,-0.5449657637956496,1.1078842293062228,0.6830210038479756,-0.028429126789237515,-0.014077150884373585,/udDclJoHjfjb8Ekgsd4FDteOkCU.jpg
632,Independence Day: Resurgence,-1.4292256389327536,1.620914906100337,0.052447513768801364,0.4853641118251249,-0.8623151581787075,-0.7594379203374683,/9S50foUIYGwiNPWOxi1WJF6IPwI.jpg
633,Men in Black: International,-0.6402449132139661,1.6583490913396695,0.6582812511173188,0.2520643442477369,-0.7762570444224112,-0.12314711671181663,/dPrUPFcgLfNbmDL8V69vcrTyEfb.jpg
634,A Good Day to Die Hard,-0.7005006085141277,1.5839950834765337,0.20783396554715447,0.5592535800093972,-1.3567203459730057,-1.0501085925420757,/qJ0csDXAVFMsNn0cRcjy6W6PxAK.jpg
635,xXx: Return of Xander Cage,-0.8522602120381886,1.015013129613315,0.6758520192258068,-0.19972470854283386,-1.1227603175399712,-1.6041255717054221,/hba8zREJpP1AYhaXgb2oJLQeO0K.jpg
636,Creed II,-0.8659719219363,0.1980511906249165,-1.5117552414928384,0.8845973117537582,0.535162662380939,-0.32214804620104,/v3QyboWRoA4O9RbcsqH8tJMe8EB.jpg
637,BlacKkKlansman,0.0998551282850697,-1.1354341442055007,0.5075182900378585,-0.6417312726239249,0.16002589022314026,1.271187910888496,/8jxqAvSDoneSKRczaK8v9X5gqBp.jpg
638,Good Will Hunting,0.6267561855897986,-1.317670221205399,-0.8849322934435263,0.04088277740042562,1.6272755786617425,-0.30758466027557774,/z2FnLKpFi1HPO7BEJxdkv6hpJSU.jpg
639,Cars 2,-0.7905748356791432,-0.07595493615561631,-0.2032403337832859,-0.6559633803166837,0.2650354439842342,0.7851926043635351,/okIz1HyxeVOMzYwwHUjH2pHi74I.jpg
640,Green Book,1.0765014919799272,-1.1409833367525162,-0.5567956982085848,-0.9198162966158006,0.5807953468343527,1.280424042916587,/7BsvSuDQuoqhWmU2fL7W2GOcZHU.jpg
641,Dracula Untold,-0.3277555980515521,0.11531578529752123,1.68450981528637,-0.7469966517901983,-0.9106857040770729,-0.2560594913811333,/m5h3NtZ2ZfryIHl1MvatmANvIqQ.jpg
642,Insidious,-0.9720461536301269,-0.5189129523986475,2.040951501159726,0.7835709193790428,-0.6046017121462275,-2.238310824578349,/1egpmVXuXed58TH2UOnX1nATTrf.jpg
643,The Dark Knight Rises,-0.48321685874091813,0.7277660304396915,0.48520419462101544,1.0330732218334349,-0.2723266741772305,-0.41693180017113285,/hr0L2aueqlP2BYUblTTjmtn0hw4.jpg
644,The Bourne Legacy,-0.29480681524532876,0.3674739888860055,0.00483006773025204,0.4436547207617736,-1.092706731750476,-0.36517547444222737,/1aExL5DTGHj25ZfIC3dDwS84RWi.jpg
645,Gravity,-0.15747754333868944,-0.6379194681408401,-0.28864141434532053,0.8312979484334434,-0.1280859626790567,-0.5574922861824522,/kZ2nZw8D681aphje8NJi8EfbL1U.jpg
646,Dredd,-1.137470122608405,0.15878076595611845,-0.055483904426488026,-0.4100758220267341,-1.1010511343349254,-0.6643379215479763,/wLx65gtGVnUFCxceHWGszcruCZj.jpg
647,The Hobbit: An Unexpected Journey,0.7197858907580745,0.9855675944764977,-1.1770252588648475,-0.13102045576655572,0.03850023358414098,-0.28735088906351325,/yHA9Fc37VmpUA5UncTxxo3rTGVA.jpg
648,Marriage Story,1.0638444485935787,-0.8874163949109217,-0.5634335297733742,-0.5074961180836505,0.8108129527010989,-1.2734941033932683,/2JRyCKaRKyJAVpsIHeLvPw5nHmw.jpg
649,The Curious Case of Benjamin Button,0.3360274648978876,-1.7854020137686253,-0.017223890806000872,-0.4675314834911074,1.676155236966842,-0.2490372058514459,/26wEWZYt6yJkwRVkjcbwJEFh9IS.jpg
650,Howl's Moving Castle,0.7440723701703119,-0.24004845175155104,-0.05530632556224783,-0.39793695766035053,0.30561453349608797,-1.0378935759001446,/13kOl2v0nD2OLbVSHnHk8GUFEhO.jpg
651,Hereditary,-1.758456061888668,-0.09813184262154795,3.2913350367943974,2.7349329178660167,-0.41335206323658785,-2.0643634030023086,/hjlZSXM86wJrfCv5VKfR5DI2VeU.jpg
652,Burn After Reading,0.21136870184973533,-1.5058962113127354,-0.6673076039223556,-0.625207940720404,0.7417111156305479,1.7723820737124416,/jdwSkQu3XirmX18MNj8CqFWsCk.jpg
653,Kung Fu Panda 2,0.29217702860486117,-1.124303492111684,-0.7789651669652434,-0.8877830749787012,0.028441175480844152,0.8539101029709617,/mtqqD00vB4PGRt20gWtGqFhrkd0.jpg
654,10 Things I Hate About You,0.9254989537667592,-1.5913869766695523,-0.9054982514385647,-0.5910028555915243,1.817481072508702,1.5804786461954001,/ujERk3aKABXU3NDXOAxEQYTHe9A.jpg
655,The Croods,-0.6414836118032329,-0.5048546571319582,0.5577489522653755,-0.2912325062178956,-0.2689137438842359,-0.2020956874764345,/27zvjVOtOi5ped1HSlJKNsKXkFH.jpg
656,Man of Steel,2.1789532102157096,1.1353942226260254,-2.1994802886540197,-1.0592165377953506,-0.12226546140418218,0.05917130005169337,/dksTL9NXc3GqPBRHYHcy1aIwjS.jpg
657,John Carter,0.3883832729170181,1.154288587417027,-0.4339833404382858,-0.9142477428800515,-0.6329175585177413,-0.187178180843774,/lCxz1Yus07QCQQCb6I0Dr3Lmqpx.jpg
658,In Time,-0.7180284006204284,0.6225825403437039,0.4599613777525115,1.1058480095227705,-0.606015778865068,-0.04488160957503229,/3Mwj2sIONQckOZP3YwsUXF7U5I4.jpg
659,X-Men: First Class,0.6442987907633841,1.1140886290923886,-0.09346916426519497,0.4910103289827731,-0.8679674045845857,-0.6946686104412806,/hNEokmUke0dazoBhttFN0o3L7Xv.jpg
660,Birds of Prey (and the Fantabulous Emancipation of One Harley Quinn),-0.5469321685632752,0.23904309168361748,-0.03887701654509076,-0.48804242944088866,-0.1560623106449956,-1.018435074089807,/h4VB6m0RwcicVEZvzftYZyKXs6K.jpg
661,Parasite,1.115392266721597,-0.5162400152673903,-0.13951820581582883,1.2330641407279865,0.165927839805502,2.289494225066444,/7IiTTgloJzvGI1TAYymCfbfl3vT.jpg
662,The Green Mile,-1.1710243973154006,-0.9416629573929263,0.45949286760381935,-0.5061192898680059,0.7678861794130101,0.0695962698592816,/8VG8fDNiy50H4FedGwdSVUPoaJe.jpg
663,Enola Holmes,-0.19134340461485644,0.5768535342119543,0.33591444133916015,0.6823110444337193,0.635265663645513,-0.44992103034863123,/riYInlsq2kf1AWoGm80JQW5dLKp.jpg
664,Black Widow,-0.6022792410149018,0.6089384883737141,0.03398142199685245,-0.10699870700995143,-0.2851603970319902,-2.6144028871789513,/7JPpIjhD2V0sKyFvhB9khUMa30d.jpg
665,American Gangster,1.7539673984765392,-0.44471536364816894,0.3400057449528964,-0.6456217818486883,-0.08313302931956427,0.3482491721162563,/m7kJge9DG86Bj7hsBW6xFCMyDkY.jpg
666,Cowboys & Aliens,-0.6351097359116319,0.47076064750091395,-0.18565222321609193,0.2433378031284379,-0.628019089655443,-0.1791627453388874,/9uZsGCP4rvOHVGCpMpYq5gNCuNI.jpg
667,Reservoir Dogs,-2.054598459658135,0.32445414038193243,1.6170992826507793,0.7861197583898232,-1.4609611432732343,-0.47296575860369683,/xi8Iu6qyTfyZVDVy60raIOYJJmk.jpg
668,The Help,0.07477067164266858,-1.7669790081745647,-1.096672196565011,-0.6653423090419702,0.9414657155007966,-0.08041562917604574,/3kmfoWWEc9Vtyuaf9v5VipRgdjx.jpg
669,The Super Mario Bros. Movie,1.8175314484028955,-0.13137372001327635,-0.6814611603354795,-1.189324941774997,0.22056752867806415,1.964135500893643,/qNBAXBIQlnOThrVvA6mA2B5ggV6.jpg
670,The Lighthouse,-0.9616590040003494,-1.1334725862469224,0.9372461731209356,1.6430386535572383,-0.1709354860260234,-0.9615315205625288,/f1tIYarTbkBdIT1aW0gzelDwknv.jpg
671,The Mule,0.5797495762112574,-0.7968683566962587,0.27669192308546686,-0.6292806027622279,0.2616751711676861,0.2793042340274456,/oeZh7yEz3PMnZLgBPhrafFHRbVz.jpg
672,Friends with Benefits,1.7727975633819766,-1.0516393788600877,-0.34293647629626134,-0.4649411608249992,1.8098988228529367,1.2055996484092664,/nKhhDFCdzxeJ3GUunQ570LDpUkz.jpg
673,Just Go with It,0.42019354074338444,-0.515753958455896,-1.8272174447742495,-0.7949287304844053,2.6594616254092576,1.5230110657093736,/3rz7bfGsPGcI6cfY002n9VrUgao.jpg
674,Black Panther: Wakanda Forever,-0.9273342827972035,1.6485466062384642,0.15393312032231277,-0.3089593285645387,-0.2837188630348948,-0.279035637041534,/sv1xJUazXeYqALzczSZ3O6nkH75.jpg
675,The Twilight Saga: Breaking Dawn - Part 1,-0.7839230363624751,0.22428395348600627,-0.4266681308998947,-0.6303943450912023,1.2984254825830701,-0.9148977437758864,/qs8LsHKYlVRmJbFUiSUhhRAygwj.jpg
676,The Twilight Saga: Breaking Dawn - Part 2,-0.44886867813277076,-0.6223218883914127,-1.087009963291593,0.4198610670880722,1.817217102002451,-0.5834994643250538,/7IGdPaKujv0BjI0Zd0m0a4CzEjJ.jpg
677,"Crazy, Stupid, Love.",2.2290190230067997,-1.286272297758475,-0.8569358502134132,-0.43016414743237363,2.6849639543507413,2.4118433983552983,/p4RafgAPk558muOjnBMHhMArjS2.jpg
678,Jurassic World Dominion,-1.5302453611804212,1.2593198659678553,-0.7226691061920499,-0.18144524142292048,-0.8943887274599368,-0.835228775252738,/jbAvCACjLf1ZG0unB2tdmx5HAf1.jpg
679,Love Actually,0.6315152437643337,-1.5491381100532247,-1.1868503441998026,-0.4023097213448867,2.794623860637819,1.1737405835030283,/7QPeVsr9rcFU9Gl90yg0gTOTpVv.jpg
680,Onward,1.2534089018201073,-0.2591762922687519,-0.17171343633910988,-1.185892740556035,0.31367932488060735,0.7779842370467747,/f4aul3FyD3jv3v4bul1IrkWZvzq.jpg
681,Soul,2.4301402357245725,-1.5419153565716075,-0.7621582143701048,-0.9837882545021798,1.1764894676532993,1.5277426608855258,/6jmppcaubzLF8wkXM36ganVISCo.jpg
682,Luca,1.983939563102207,0.23147997178347757,-0.6178898392237661,-0.7885158273824758,0.4273113127017882,1.3386563702968417,/9x4i9uKGXt8IiiIF5Ey0DIoY738.jpg
683,Turning Red,-0.2823031742543694,-0.4725498084865714,-0.9322953174801473,-1.4916409348218702,0.6610761384464608,2.247484572123256,/qsdjk9oAKSQMWs0Vt5Pyfh6O4GZ.jpg
684,Notting Hill,1.550909076896463,-0.24738174145744027,-3.345746186407236,0.5087988473524107,4.246606885721535,1.965633607031524,/hHRIf2XHeQMbyRb3HUx19SF5Ujw.jpg
685,6 Underground,1.1804979589364788,0.7225471839102866,0.471926465342998,1.433824485754531,-1.1695379548513836,0.1018922522319704,/lnWkyG3LLgbbrIEeyl5mK5VRFe4.jpg
686,One Flew Over the Cuckoo's Nest,-1.7187644916057365,-1.5350633540741652,0.25718018436096896,-0.5453868299953817,0.04331344002984733,-0.8514016166017859,/kjWsMh72V6d8KRLV4EOoSJLT1H7.jpg
687,Red Notice,0.610047054375799,1.0621268296554582,0.22616217488125545,-0.15911345467165522,-0.7403929622785665,1.361713488301275,/lAXONuqg41NwUMuzMiFvicDET9Y.jpg
688,Jumanji: The Next Level,0.4045493526574547,-0.41108918867571936,-0.7833013970902098,-1.030029470180172,-0.22272582192107196,0.737975046826594,/4kh9dxAiClS2GMUpkRyzGwpNWWX.jpg
689,Fast Five,-0.8222661473118079,1.0083188858749073,0.8814852447934404,0.6711555080387611,-1.100321643273388,-0.13027591211594627,/gEfQjjQwY7fh5bI4GlG0RrBu7Pz.jpg
690,Jojo Rabbit,-0.20712846526915063,-0.8177676870680745,0.8454622764642095,-0.6449078468400568,0.4255100000548106,1.236582737050186,/7GsM4mtM0worCtIVeiQt28HieeN.jpg
691,Horrible Bosses,-1.3069346093051595,-0.9529482539529074,0.6073335914208676,-1.103184400859727,-0.009314249362950841,1.5104079325667852,/uQkUwgyFHAm0jGQERPG6Z9o9Zbj.jpg
692,Limitless,-0.2843419738499482,-0.6036843892443741,0.299071915449332,1.5089927577445323,-0.5009103173380897,-0.5635546123894097,/kCokPP4WCQRrrAuZ7FcpIyHr8b2.jpg
693,A Quiet Place Part II,-0.5746677154346088,-0.6115241692185536,1.8302083607979347,1.4436648063578914,-1.1346942180518151,-1.1814568523604119,/4q2hz2m8hubgvijz8Ez0T2Os2Yv.jpg
694,The Gentlemen,-0.5740417543038303,0.2966504958615067,-0.08812482954442254,-0.7984647523069514,-0.5664842173407371,2.0391609793629546,/jtrhTYB7xSrJxR1vusu99nvnZ1g.jpg
695,Escape Room,0.5464360888956551,-0.4822033310700362,1.4020639387100151,1.9779381908215043,-1.6898758881069378,-1.523601301481446,/8Ls1tZ6qjGzfGHjBB7ihOnf7f0b.jpg
696,Casino,-0.8957129081129989,-0.5598912260200734,0.6981523549732581,-0.10629079112551394,0.36772021285547263,-0.7187667372004426,/gziIkUSnYuj9ChCi8qOu2ZunpSC.jpg
697,Eternals,-0.31124881567028406,1.0562136151526162,-0.9457811562626367,-0.6435709324772888,-0.04557795905777251,-0.23982733512412283,/lFByFSLV5WDJEv3KabbdAF959F2.jpg
698,The Polar Express,2.152497631028749,0.2591248220136193,-0.5529196916582522,-0.8258421999571076,0.3099235659524462,-0.3706779193099971,/eOoCzH0MqeGr2taUZO4SwG416PF.jpg
699,Five Feet Apart,0.9300988297762078,-1.1748148587268232,-0.4650900294486066,-0.11613462288465452,2.817199686282919,0.3370294467819421,/kreTuJBkUjVWePRfhHZuYfhNE1T.jpg
700,Raya and the Last Dragon,-0.43588109467682434,0.8992448240297644,0.19229224312696375,-0.2611835891902678,-0.39835396155062835,-1.1919487388060455,/5nVhgCzxKbK47OLIKxCR1syulOn.jpg
701,Midsommar,-1.707190066266418,-1.166536937396451,1.9248669733029762,1.6835494679378054,0.3719445948605057,-0.7952572724831036,/7LEI8ulZzO5gy9Ww2NVCrKmHeDZ.jpg
702,1917,-1.2065318648774686,0.25301340144003476,1.095585151018604,0.2700127038043177,-0.5242861665996645,-0.2835395314937472,/iZf0KyrE25z1sage4SYFLCCrMi9.jpg
703,300: Rise of an Empire,0.1550461769973309,0.20907632631881348,1.047952813325082,0.009993802419237174,-0.9217669576521967,-0.2360910580222427,/wYDdWN1McB1Sio4z1dPSkb40Z78.jpg
704,Deadpool & Wolverine,-0.5314019002641156,-0.035847602059305636,-0.14945827011338353,-0.5185840043528236,-0.7270801560103975,0.570751439019906,/8cdWjvZQUExUUTzyp4t6EDMubfO.jpg
705,Terminator Salvation,0.35620841547270404,0.8328443890916146,-0.17342282248753269,0.07947977966151024,-1.292311087031848,-0.6715968778430991,/gw6JhlekZgtKUFlDTezq3j5JEPK.jpg
706,After,0.33434564041522746,-1.8248778316339833,-0.6131833069418677,-0.29589494954306705,2.4275508409467603,-0.6889028587741359,/u3B2YKUjWABcxXZ6Nm9h10hLUbh.jpg
707,Psycho,-1.1140393578057883,-0.002280452368139231,1.5554910113689788,1.829584558135188,-0.6492446779822058,0.16750904582432954,/yz4QVqPx3h1hD1DfqqQkCq3rmxW.jpg
708,Star Trek Into Darkness,-1.2756671803679978,1.0449702094888018,0.07058642873740677,-0.32832552626472616,-0.9506657934467241,-0.9028290336713757,/Aim3kVNh1MPIxPEFeJrl9e9Uf1a.jpg
709,There's Something About Mary,0.9753704863946883,-0.8103128090553094,-0.7753306799792472,-0.9886603732755664,1.2941600846734105,2.3533205692539667,/slJD1Dvnsf15LoeqhERsyzisAdn.jpg
710,Extraction,-1.6526343605655671,0.7102607788523014,0.3625268508590839,1.1721357604216003,-1.5977739769121335,-0.5164082541553477,/nygOUcBKPHFTbxsYRFZVePqgPK6.jpg
711,Everything Everywhere All at Once,1.3827386317645902,1.8838030766311586,-0.08378582990133568,-0.21559723193159025,-0.5272564182967496,1.025371823050213,/u68AjlvlutfEIcpmbYpKcdi09ut.jpg
712,Knives Out,0.043858485330846554,-0.8153253808392461,0.9691967408966171,0.5813829458433042,-0.00909287448562004,0.7150141817143241,/pThyQovXQrw2m0s9x82twj48Jq4.jpg
713,Fight Club,-1.1102209076052834,-0.9566033251080643,0.2194773054690249,1.2584235841041995,0.30098665290397225,-0.4478601349421387,/pB8BM7pdSp6B6Ih7QZ4DrQ3PmJK.jpg
714,Free Guy,1.7488634021517047,0.532981863090537,-0.6870728414760752,-1.715031812081694,0.22228087487587528,1.301828771782464,/dxraF0qPr1OEgJk17ltQTO84kQF.jpg
715,RoboCop,-1.2440578531386621,0.9520733785216642,-1.0533021142882493,0.8698385306939761,-0.8178804740097005,-0.6285082910067373,/esmAU0fCO28FbS6bUBKLAzJrohZ.jpg
716,Bee Movie,0.8152694631485456,-0.3397958454812322,-0.8390838880944997,-1.4614932735045039,0.1189107049058113,2.3018491049765513,/aWe27GmvfVYAd7p0KEtJZWwLWk5.jpg
717,Spider-Man,-0.273711884557512,0.03971091727662272,-0.3235195166363258,-0.8745408902854211,-0.1645703356636893,0.05333220774925131,/kjdJntyBeEvqm9w97QGBdxPptzj.jpg
718,Spider-Man 2,-1.035829469378778,0.7598087703423663,0.037147684578089604,-0.342314881192515,-0.16004193500680558,-0.35764869099499585,/eg8XHjA7jkM3ulBLnfGTczR9ytI.jpg
719,Spider-Man 3,0.02145025454978966,0.9785515430413482,-0.28276133173037865,-0.08625628486429286,0.02972080908549231,-0.39278956196417175,/qFmwhVUoUSXjkKRmca5yGDEXBIj.jpg
720,El Camino: A Breaking Bad Movie,0.7393099286069094,-0.292400076735284,0.5926569257875367,0.5654905444826711,-0.0988919461496716,-0.13002773168876758,/ePXuKdXZuJx8hHMNr2yM4jY2L7Z.jpg
721,Constantine,-0.7365131800077284,0.07570906319359108,0.9430576771919448,-0.7046386908061111,-0.22669672221989215,-1.1743330676741393,/vPYgvd2MwHlxTamAOjwVQp4qs1W.jpg
722,Die Hard,-1.0022246335327059,1.1738703678787195,0.10556678339583966,1.0623478825676793,-1.523789083964957,-0.5515467696588643,/7Bjd8kfmDSOzpmhySpEhkUyK2oH.jpg
723,Mission: Impossible - Ghost Protocol,-1.5674237086776253,1.800684239873717,-0.009505815292460782,1.4522588710122786,-1.4318845671480749,-0.6927335954022791,/eRZTGx7GsiKqPch96k27LK005ZL.jpg
724,Starship Troopers,0.13788135795301007,1.8386553230443443,-0.988292226335738,1.9060485580733295,-1.2576508401900692,-0.5190185919054933,/cxCmv23O7p3hyHwqoktHYkZcGsY.jpg
725,The Mummy,-0.44525561350258314,1.285445734287064,-0.1043007276535677,-0.3968974511964427,-0.4032214478923257,-0.7877532642474641,/yhIsVvcUm7QxzLfT6HW2wLf5ajY.jpg
726,The Ring,-1.3181356820335985,-0.2669796092243231,2.538946423327564,1.7920408840306057,-0.8757013291201418,-1.2447936108693454,/AeRpUynJKDpJveklBJipOYrVxCS.jpg
727,Shang-Chi and the Legend of the Ten Rings,0.30418341771153423,0.9850181854799079,-0.312258677939299,-0.30233652708386755,-0.48038144435171376,0.28701774166147637,/d08HqqeBQSwN8i8MEvpsZ8Cb438.jpg
728,Rear Window,-1.231538756068295,-0.28604260777726814,1.0540589523615211,1.99378262496402,-0.5125138192255584,-0.4901691161786282,/ILVF0eJxHMddjxeQhswFtpMtqx.jpg
729,Ready or Not,0.9107501776671605,0.294791721116276,1.408384594509117,0.14012362630689648,0.03918788329952864,1.4305871200205849,/oJD9KQFoObZmxAS1je56SIFVNJt.jpg
730,Apollo 13,-0.6083437042488629,-1.5074654068654252,-0.5242737524683128,-0.7397281877743985,0.7011048007801961,-0.30971587489732594,/tVeKscCm2fY1xDXZk8PgnZ87h9S.jpg
731,Encanto,2.8629138361903785,-0.5147050923344918,-2.45950278374929,-0.73967890155067,1.4575874300833422,0.9371975785250315,/4j0PNHkMr5ax3IA8tjtxcmPU3QT.jpg
732,Spider-Man: Across the Spider-Verse,1.53415844485335,1.1437954607150633,-1.317860200852546,-1.0681998948802838,-0.06324987931192506,0.1965811366106415,/8Vt6mWEReuy4Of61Lnj5Xj704m8.jpg
733,The Invisible Man,-0.3376404400701343,-0.5418161704748831,3.1789545855614936,0.7430874046991045,-0.6506485689995171,-1.725202823516983,/5EufsDwXdY2CVttYOk2WtYhgKpa.jpg
734,The Hobbit: The Desolation of Smaug,0.5199682229219819,0.8848877221786834,-0.6662232056964246,-0.8616139386442865,-0.7180142463763801,-0.31795845223839003,/xQYiXsheRCDBA39DOrmaw1aSpbk.jpg
735,The Lone Ranger,-0.06904920668952252,0.7244391803458234,-0.7285139543820159,-0.49838222588713404,-0.9503534065256435,-0.6003159366654685,/yDuJGq8biNMW7zM3w95UaDJv0KG.jpg
736,Project X,0.8047700256386964,-0.401928301799314,-1.7971470281174429,-1.374260359080027,-0.5516793543615851,2.346903334329481,/lUPDGT3lyRrq8SvWuNWG2DP64bR.jpg
737,Tenet,-0.5552546007497245,0.8541293297436185,-0.1420505564717423,1.2216575845610627,-1.75672782775819,-0.6640182206180557,/aCIFMriQh8rvhxpN1IWGgvH0Tlg.jpg
738,Jaws,-0.9905538885359921,1.1940677851423362,1.7285086660976612,1.5548387919105908,-0.5255089728250018,0.07660113350842064,/tjbLSFwi0I3phZwh8zoHWNfbsEp.jpg
739,Ice Age: Continental Drift,0.025351931810998322,-0.041082439654937505,-0.10621861895190754,-0.32444005155433514,-0.03882113669292961,0.6273574544077842,/dfp1BZF7FxbBUyzHvMOI9t8NWDD.jpg
740,Pirates of the Caribbean: Dead Man's Chest,-0.7499934533899618,0.9424782922370237,-0.2712679414324528,-0.43263100374231866,-0.4765990008915696,-0.624636869062663,/uXEqmloGyP7UXAiphJUu2v2pcuE.jpg
741,Venom: Let There Be Carnage,-0.2865426654280342,1.1445006382489147,0.6180947958608021,0.8286569090727324,-0.9995887162730116,-1.388051533326889,/pzKsRuKLFmYrW5Q0q8E8G78Tcgo.jpg
742,The Kissing Booth 2,1.9309329368296888,-0.9334791038753387,-0.9352110046124005,-1.2090006785101524,1.6234178919372815,1.1909750974646338,/mb7wQv0adK3kjOUr9n93mANHhPJ.jpg
743,2 Fast 2 Furious,0.1597361020975107,0.972266769147035,0.67624411485271,0.5709348608941883,-1.0967829541180645,-0.17576386192602694,/6nDZExrDKIXvSAghsFKVFRVJuSf.jpg
744,"Monsters, Inc.",1.015925006804959,-0.580225595178748,0.36084874268117917,-0.6560114961551523,0.20416472476502112,0.73085972040337,/wFSpyMsp7H0ttERbxY7Trlv8xry.jpg
745,Sherlock Holmes: A Game of Shadows,-0.19413807332728392,1.3665013077489747,0.49367014992856245,0.6624604744337648,-0.39084964496000413,-1.0510406074767575,/vskIKrMNUAhns05dx8WYBQfcJEs.jpg
746,Snow White and the Huntsman,0.5466980622915047,-0.475522707069786,-0.3128446728050803,-0.34934223655597185,0.45110126320448707,-0.14750036181518936,/8HUa5kRubYbnAD5UVpnhTGGgMTW.jpg
747,Big Fish,-0.06145404952478408,-0.8196032951699372,-0.12584604000868674,-0.5096784685989121,1.4265236888828507,-1.1154997453722817,/tjK063yCgaBAluVU72rZ6PKPH2l.jpg
748,The Mist,-2.129573540243047,-0.404432778398763,0.4799690140826695,0.8847236947842999,0.5520824346269323,-1.0024418905305799,/1CvJ6diBACKPVGOpcWuY4XPQdqX.jpg
749,The Da Vinci Code,-0.357301310609229,-0.25966335381502775,-2.3023480605920033,2.1193330564361124,1.5903663879279415,-1.5828924406541474,/9ejKfNk0LBhSI9AahH4f9NJNZNM.jpg
750,Into the Wild,0.23562245536524762,-1.2825806173014849,-1.298525887130171,-1.187651253698035,0.8175044655633976,-0.659980952478252,/jnLnLYP5pGDfri04gxtAqAvkHMw.jpg
751,The Menu,2.1315429678185187,0.6379390299401156,0.5181552618078242,0.645435102986313,-0.19134526772512817,2.6434436256714724,/fPtUgMcLIboqlTlPrq0bQpKK8eq.jpg
752,The Terminal,-1.2514631363942812,-1.6702005672305813,-1.0171799928142495,-0.8635694387720795,0.7235275212545909,1.1912377318856304,/cPB3ZMM4UdsSAhNdS4c7ps5nypY.jpg
753,Midnight in Paris,1.311214267957181,-1.0876645101825078,-0.35713108092438256,-0.8660286597115187,1.611898997805887,0.9052851644629455,/4wBG5kbfagTQclETblPRRGihk0I.jpg
754,Titanic,-0.2569443476225812,-1.420674414611971,-0.4636500998290525,-0.43498864267220216,3.190128359672318,-0.3833865430527974,/9xjZS2rlVxm8SFx8kPC3aIGCOYQ.jpg
755,City of God,0.12959872902196226,-1.0656430719882706,0.2607762058175163,-0.490838145431364,0.41624436203580695,0.12937691762260536,/k7eYdWvhYQyRQoU2TB2A2Xu2TfD.jpg
756,Kick-Ass 2,-0.7177178901529716,1.584171131488249,0.4419463877296405,0.1189847965314139,-0.32457605518113786,-0.11201227379452915,/1go2A3gdQjaMuHWquybgoJlQRcX.jpg
757,Looper,-0.9804365093877512,0.7103326886060589,-0.20013273662953393,0.24155500913667763,-1.0732772614817983,0.125962348949788,/sNjL6SqErDBE8OUZlrDLkexfsCj.jpg
758,Full Metal Jacket,-0.5681009713627799,-0.9574684748971172,1.8265050754649803,0.013538397778252352,-0.2829598410912964,-0.2048765074069924,/kMKyx1k8hWWscYFnPbnxxN4Eqo4.jpg
759,E.T. the Extra-Terrestrial,-0.07385089379096146,0.485694840524134,-0.5253714487772823,-0.7078695764715727,0.24041213910564468,-0.19968856431403426,/an0nD6uq6byfxXCfk6lQBzdL2J1.jpg
760,Independence Day,-0.05238341606642751,1.564134995329741,-0.5738120791263478,-0.8443342684883867,-0.7551739159170613,-0.21442262085716168,/p0BPQGSPoSa8Ml0DAf2mB2kCU0R.jpg
761,The Matrix,-0.2056740727903826,0.21814657918866204,-0.15014625358296171,-0.8800888879689439,-0.5715494680858668,-0.39532864687812763,/p96dm7sCMn4VYAStA6siNz30G1r.jpg
762,Hansel & Gretel: Witch Hunters,-0.41150655308557876,-0.09743707429402192,1.44661249490759,-0.3912495063272195,-1.0793910079734772,-0.730107019549857,/j343Rpj3WeNvP0SV80zveve70io.jpg
763,Moneyball,0.25159393761656446,-1.4595236975751429,-1.8566434099506641,-0.8485278517628724,0.8125988523624031,0.6242880899339784,/4yIQq1e6iOcaZ5rLDG3lZBP3j7a.jpg
764,John Wick: Chapter 4,-0.09374314069639664,1.4445802716532274,0.7024365577221071,0.8394977790306307,-1.75553734183799,0.011003847454384062,/vZloFAK7NmvMGKE7VkF5UHaz0I.jpg
765,The Matrix Reloaded,-1.150283589318285,1.3978874515467283,0.14683458161623322,0.5140298935609853,-1.1600029154901803,-1.3095748051604499,/aA5qHS0FbSXO8PxcxUIHbDrJyuh.jpg
766,The Matrix Revolutions,-1.3350455728662356,1.460084769076859,-0.20151233031861002,0.48740604397549614,-1.4828906624378322,-0.9646878445458057,/bkkS61w94ZVMNVd8KEyyJl2tnY5.jpg
767,Men in Black,1.1876069640226217,1.0954118605985579,-0.4085940028730333,-0.9358971300033029,-0.7386087988908099,1.608991343866315,/uLOmOF5IzWoyrgIF5MfUnh5pa1X.jpg
768,Men in Black II,-0.6363795438416561,0.3150381971540839,-0.3963765264586039,-0.392721702364015,-0.7786871869604111,0.5587039816396384,/enA22EPyzc2WQ1VVyY7zxresQQr.jpg
769,Bram Stoker's Dracula,0.7299520453794192,-0.7949224048480517,1.541343312706483,-0.6374192389301045,0.3708769574096805,-0.06139096131347729,/n39glC4GkBeCbwdenES8ZBodim8.jpg
770,After We Collided,-0.10811366657848456,-1.7095664609514776,-0.47041321911833317,-0.4184467332248714,2.3004960354268893,-0.38327733509950845,/kiX7UYfOpYrMFSAGbI6j1pFkLzQ.jpg
771,The Passion of the Christ,-0.745738769337006,-1.403856655686443,-1.1535573953872498,-0.45274870024472225,0.6167870166204517,-0.3827302782001685,/v9f9MMrq2nGQrN7cHnQRmEq9lSE.jpg
772,Nobody,-1.5964909827695664,0.3254069369201045,0.46096849323470335,0.6842681886741396,-1.0815135312267776,-0.639495681773761,/oBgWY00bEFeZ9N25wWVyuQddbAo.jpg
773,The Last Samurai,-1.440189444800904,-0.22521410087894364,0.10694782778488383,0.06090669446167445,-0.5421727728084638,-0.35344386359352886,/a8jmJPs5eZBARmnuEEvZwbjwyz4.jpg
774,Thor: Love and Thunder,0.9930299300095905,0.15230927307378234,0.042905205026054764,-0.9864182030692358,-0.26284273533898117,1.1446090407634792,/pIkRyD18kl4FhoCNQuWxWu5cBLM.jpg
775,Rise of the Planet of the Apes,0.3764959557312632,0.15015783179005135,-0.4242262072086408,1.9393977757588667,-0.7200019949534787,-0.6412654930167587,/oqA45qMyyo1TtrnVEBKxqmTPhbN.jpg
776,The Platform,0.4370424298146221,-0.8700207479546337,0.3235476417394085,0.9049040347644325,-0.4279823168701935,-0.5703706876072994,/iXvQnzy6JCAx1PiQEKXuTY04ZHl.jpg
777,2001: A Space Odyssey,1.1166490961565338,0.19113594373001788,-0.6525809660711941,-0.41417694486567597,-0.07192918344657342,-0.1723912098352799,/ve72VxNqjGM69Uky4WTo2bK6rfq.jpg
778,Ghostbusters,-0.02707820266203215,-0.7774373865404122,-1.7558215096225729,-0.17492478363110062,0.3130765817880519,1.0630007638298322,/7E8nLijS9AwwUEPu2oFYOVKhdFA.jpg
779,Grease,1.3566956932382483,-0.8810317557686435,-2.05120331078226,-0.9388726951954067,2.3501136099897573,1.340853805623598,/2rM7fQKpb7cs1Iq7IBqub9LFDzJ.jpg
780,Brave,0.8912795281859437,1.3620790580699225,1.3869141910250633,1.0838461692383488,-0.43115942705921084,-0.47322391763994087,/1XAuDtMWpL0sYSFK0R6EZate2Ux.jpg
781,Monsters University,0.2717735538666049,-0.6845567545156623,0.1571876338182581,-0.1212293656542928,0.41896126011243345,-0.8227337793972295,/y7thwJ7z5Bplv6vwl6RI0yteaDD.jpg
782,Dark Shadows,-0.07539913257297738,-0.9367442070500271,0.6167553382041693,-0.06529849325324182,0.2040583281990984,1.4093293764945045,/fd9Ck4cxVlmtXsbeGtQW7WFuUFI.jpg
783,The Matrix Resurrections,0.47342825189101434,1.2339198627101584,-0.5100426055872145,-1.1565141941968031,-0.573069419027616,-0.5676075122558607,/8c4a8kE7PizaGQQnditMmI1xbRp.jpg
784,Trainspotting,-0.05373055658338842,-1.0912656413232293,-0.006461631311544082,-0.9076448472375735,0.5257776057444058,0.7416704084193084,/y0HmDV0bZDTtXWHqqYYbT9XoshB.jpg
785,Interview with the Vampire,-0.7396917938002516,-1.3587260711307714,2.5877298145144767,1.729478515858381,0.3616803718435735,-1.5265379247586957,/2162lAT2MP36MyJd2sttmj5du5T.jpg
786,The Usual Suspects,-1.636699004216879,-0.39430212613008714,0.8488076785111677,1.177187570487493,-0.6733061702823636,-0.13244379705534212,/99X2SgyFunJFXGAYnDv3sb9pnUD.jpg
787,Twelve Monkeys,0.9633512270960144,0.019857866122864103,1.285578490134891,3.5022695034641362,-1.2102216192651103,-0.40921850667034393,/gt3iyguaCIw8DpQZI1LIN5TohM2.jpg
788,The Wizard of Oz,0.6693720934202857,0.12075488816905669,0.1847596154259741,-0.05021538543361843,0.26926594564193546,-0.3701621023092946,/lbezZTzzOcomu2ezKJBUsIPtqA6.jpg
789,Bridget Jones's Diary,0.8301837793808556,-1.366320002897564,-0.31223480733073794,0.4892574076814603,2.2279072771930615,1.2310661165618129,/dkauRl9TosBFikftrC3OVcKWDoz.jpg
790,Spider-Man: No Way Home,-1.5260425602296315,1.0441440172322987,0.10473194952497557,-0.7661557841870755,-0.6441770789982615,-0.30646067488967405,/1g0dhYtq4irTY1GPXvft6k4YLjm.jpg
791,Life Is Beautiful,1.847034888770173,-0.7756305885347552,-0.9950305518437518,-0.5398510006030541,0.8325321977536709,1.8468183645670997,/mfnkSeeVOBVheuyn2lo4tfmOPQb.jpg
792,Wrath of Man,0.38973237574318426,-0.41789460766511927,0.7122727431098458,1.3069057717369468,-0.09598613012565614,0.5265966506529246,/M7SUK85sKjaStg4TKhlAVyGlz3.jpg
793,Catch Me If You Can,-0.20052334922956008,-0.7100785963015408,0.08645240458070402,-0.39270315268651973,0.011788547421438896,0.2874889418599295,/sdYgEkKCDPWNU6KnoL4qd8xZ4w7.jpg
794,Ant-Man and the Wasp: Quantumania,0.6800561339307669,1.2742137464139156,0.6140266155253415,0.4089855871660544,-0.5042695797003601,0.38853852570460207,/qnqGbB22YJ7dSs4o6M7exTpNxPz.jpg
795,Requiem for a Dream,-2.013710913781289,-1.1340219721461606,0.731542632565469,-0.6706836315506031,0.5172727117107979,-0.5321984394014029,/nOd6vjEmzCT0k4VYqsA2hwyi87C.jpg
796,A.I. Artificial Intelligence,-0.16060147459881016,-0.4897500210542746,-0.29690774454517643,-0.5865804898650138,0.6336710671729637,-0.21030906774998753,/8MZSGX5JORoO72EfuAEcejH5yHn.jpg
797,Total Recall,0.12489783757570429,0.592528690265329,0.14408143882128133,0.6211678891433421,-0.9825919075621531,-0.8084926340219355,/hVUxVVzZ0WvvPIpKwsMPMDOQyqi.jpg
798,Don't Look Up,0.08668090832187383,-0.40434596315429056,-0.37715453208221983,-0.6347989692633733,-0.003120378116570914,1.0925780891520398,/th4E1yqsE8DGpAseLiUrI60Hf8V.jpg
799,The Great Gatsby,0.9445809808985007,-1.020069534128216,-0.5687150008288752,0.6667854938307086,1.8457234118894466,-0.8858609785504645,/tyxfCBQv6Ap74jcu3xd7aBiaa29.jpg
800,21 Jump Street,0.6387412719915758,0.8578630319817654,0.2225786162562497,-0.9299382899384142,-0.7609417241361133,2.538058456102596,/8v3Sqv9UcIUC4ebmpKWROqPBINZ.jpg
801,Drive,-0.5560045560364133,-0.09055763599277801,1.2262356517050812,1.670180073513284,-0.7002176986840544,-0.6635683266771554,/602vevIURmpDfzbnv5Ubi6wIkQm.jpg
802,I Am Legend,-1.3360183846312523,-1.196626457484372,0.347500017025949,1.8734473837668593,-0.23343925021464254,-0.8854761040270868,/iPDkaSdKk2jRLTM65UOEoKtsIZ8.jpg
803,8 Mile,1.0054022987506106,-1.3490668512006492,-1.1012476712930006,-0.9529990409312531,0.9330850646481016,0.1386654823162695,/7BmQj8qE1FLuLTf7Xjf9sdIHzoa.jpg
804,Troy,0.9515994944879268,0.5261088920476604,0.24296109367581456,-0.7196025029281568,-0.2828213946234938,-0.8058516216849108,/a07wLy4ONfpsjnBqMwhlWTJTcm.jpg
805,The Girl with the Dragon Tattoo,-0.935376577633506,-0.31886814771244376,1.0389356689608304,1.8003573258702912,-0.4103556108870331,-0.29154650873558513,/8bokS83zGdhaXgN9tjidUKmAftW.jpg
806,Glass Onion: A Knives Out Mystery,1.5920888923605296,-0.151958233486682,-0.3030605367737615,0.30343236753598435,-0.05725724501607261,3.0738692917199333,/vDGr1YdrlfbU9wxTOdpf3zChmv9.jpg
807,National Treasure: Book of Secrets,0.14889072261846517,1.4051770526126073,0.5125917614904011,2.6227754557215412,-0.7618275523988699,-0.21037191585643888,/dc9F1vNOGbgeZrO9ejNkbgHPlfw.jpg
808,365 Days,0.2712476547927768,-1.5286780143122303,0.34622397254215087,0.17778498915151722,1.695941995329084,-0.5716692986518439,/6KwrHucIE3CvNT7kTm2MAlZ4fYF.jpg
809,Transformers: Rise of the Beasts,0.05590015281959875,1.2786611260111975,-0.1879989721973369,-0.5379167253190645,-1.1531123715986646,-1.1533919072979797,/gPbM0MK8CP8A174rmUwGsADNYKD.jpg
810,Oldboy,-1.4098744708544835,-0.13993726318999766,0.7404661078704368,3.0241599538009574,-1.2809891603258634,0.11319897990240418,/pWDtjs568ZfOTMbURQBYuT4Qxka.jpg
811,Harry Potter and the Philosopher's Stone,1.3937079742845981,-0.10086704636238981,-0.3309096240556301,-1.398113219385852,-0.14694566482083454,0.4350476234112404,/wuMc08IPKEatf9rnMNXvIDxqP4W.jpg
812,Harry Potter and the Chamber of Secrets,-1.3584199398086096,-0.13717030829021637,0.22705354209025852,-0.8111055633295474,-0.33268608930014976,-0.8850930196576102,/sdEOH0992YZ0QSxgXNIGLq1ToUi.jpg
813,Harry Potter and the Prisoner of Azkaban,-1.6850423886285242,-0.3818776605041809,-0.21752170565569384,-0.7605896919758812,-0.3140743042501811,-0.4965837986348726,/aWxwnYoe8p2d2fcxOqtvAtJ72Rw.jpg
814,Harry Potter and the Goblet of Fire,0.4936011997733895,-0.19637313121365393,-0.27616713106613555,-1.2097957230750602,-0.290887936513311,-0.0779084501151097,/fECBtHlr0RB3foNHDiCBXeg9Bv9.jpg
815,Harry Potter and the Order of the Phoenix,-0.8403292081206463,-0.23971866007037193,-0.007480901901041649,-0.9561890281340161,-0.05216142447110353,-0.6707362228112278,/5aOyriWkPec0zUDxmHFP9qMmBaj.jpg
816,Sonic the Hedgehog 2,2.3326622014549914,1.5416126448775571,-0.536343466298901,-1.0153872353414843,-0.4839305796118245,1.1773854053680264,/6DrHO1jr3qVrViUO6s6kFiAGM7.jpg
817,Pearl Harbor,0.7885586069730346,0.6408328200950795,0.41991043106116943,-0.38583791425912434,0.9447391461764593,-0.3260187486574222,/y8A0Cvp8WQmZ3bjbnsL53lY0dsC.jpg
818,Aliens,-0.3659149884840063,1.0398569563504874,-0.09560799057454006,0.510961905088425,-1.4242342897254414,0.06650711947393899,/r1x5JGpyqZU8PYhbs4UcrO1Xb6x.jpg
819,Pulp Fiction,-0.6528165536640134,0.0793806181584693,0.344870975019151,0.13041963700878864,-0.06778717481280296,1.4754896531024002,/vQWk5YBFWF4bZaofAbv0tShwBvQ.jpg
820,Django Unchained,0.4423859728933395,-1.7141892418346387,-0.44958424482307285,0.11170186060898603,0.828610345759398,-0.256185883527072,/7oWY8VDWW7thTzWh3OKYRkWUlD5.jpg
821,Iron Man 3,-0.0052848394471428075,1.1434339871669987,0.0074564721007453795,-0.3640477279313346,-0.4670215309897512,-0.5298219886845504,/qhPtAc1TKbMPqNvcdXSOn9Bn7hZ.jpg
822,Elysium,-0.3789905181615069,0.16324663883268603,-0.9302033202053681,0.7925090772998853,-0.7722433350184148,0.3036886569308163,/uiiXHBd9oUrtUa4YqZiAoy05cRz.jpg
823,Pacific Rim,-0.11975333471906777,1.400805617106446,-1.3317830080495796,-0.27448381013041206,0.13982406286074794,-0.6526996727926777,/8wo4eN8dWKaKlxhSvBz19uvj8gA.jpg
824,Oz the Great and Powerful,0.6376976250559706,0.0672728172190785,-1.3534637850092672,-0.997216418986546,0.12501399106095293,-0.568381175658275,/tkzfAUEKoUp4YFNbZV9hfpZOz0z.jpg
825,Argo,-1.5431838361570758,-0.563418345548068,-0.009604946456927464,1.1419894413317746,-0.30705207397229883,-0.7791773649609713,/m5gPWFZFIp4UJFABgWyLkbXv8GX.jpg
826,Warcraft,0.5137387424621797,0.9539012798073049,-0.24131263562006067,-0.5226607534542861,-0.40348452179830196,-0.5828711438604725,/nZIIOs06YigBnvmlJ2hxZeA8eTO.jpg
827,Meet the Fockers,0.5684858897590416,-0.8713869177892728,-0.22618546170581952,-1.0560992956097635,1.0555655009573264,1.3178235613410039,/59fXm6N2x7QSbvt6BaBxTNBXGL8.jpg
828,Dune: Part Two,-0.0033156814382485577,0.5986920105873156,-1.9861948625395656,-0.8717774806436314,1.0260206717808051,0.06727263296517239,/1pdfLvkbY9ohJlCjQH2CZjjYVvJ.jpg
829,The Shining,-0.7279675588471626,1.8958055690467916,2.1790063085409495,2.9030002783645803,-0.24830927183978377,-0.01287874134896981,/uAR0AWqhQL1hQa69UDEbb2rE5Wx.jpg
830,The 40 Year Old Virgin,0.43670138187711194,-1.3501307998924617,-0.7642280994605256,-1.467343718245645,1.1139126888924744,1.4965355246337708,/mVeoqL37gzhMXQVpONi9DGOQ3tZ.jpg
831,No Country for Old Men,-0.9455987638252996,0.03148279383568372,1.6955028899378248,0.9107216483412749,-0.7848560814848546,-0.9773464381980052,/6d5XOczc226jECq0LIX0siKtgHR.jpg
832,Million Dollar Baby,-1.0007373234281398,-1.7215127960069494,-1.0882711051302674,-0.8263528594813665,1.2677648130171495,-0.7427085466931324,/jcfEqKdWF1zeyvECPqp3mkWLct2.jpg
833,The Hunger Games,-0.20483021096045775,1.4288632324028032,-0.7457574687561017,0.35893759125325236,-0.9404899495997197,-0.36399806281250924,/yXCbOiVDCxO71zI7cuwBRXdftq8.jpg
834,Prometheus,0.3666659706335169,0.16054107669269702,-0.03105219369225316,0.5491040919219444,-0.43113223018421376,-1.2050331364094486,/qsYQflQhOuhDpQ0W2aOcwqgDAeI.jpg
835,Van Helsing,-0.8943199220708634,1.6132719309575871,2.1763322948351496,1.147873228119669,-1.0695475466568525,-1.1363244172649336,/gsFun8nATm52aGHeT8ueAel98nE.jpg
836,Bullet Train,0.5294013448089027,0.6276280027559116,-0.24848533586691754,0.3915963559455335,-1.2235861067116485,1.177454403381181,/j8szC8OgrejDQjjMKSVXyaAjw3V.jpg
837,Cloverfield,-1.03919734902739,1.3554842099333353,-0.03518113857409326,1.1922778120839392,-1.1723650408322361,-1.0135134356616085,/qIegUGJqyMMCRjkKV1s7A9MqdJ8.jpg
838,Ted,2.6524531474766175,-1.01827113585932,-0.4976963795506418,-1.202644669136142,0.5712612837712263,2.0265797520509956,/tZPTcdGTpxq4yJx1YxqBl0gthNz.jpg
839,World War Z,-1.3852317894996222,0.5934038104110321,2.1367741025662035,2.57790490980342,-2.0454694156907345,-1.0333732231669706,/aCnVdvExw6UWSeQfr0tUH3jr4qG.jpg
840,G.I. Joe: Retaliation,-0.426178416787339,1.5314304085242796,0.21891667587237798,0.6682044652044866,-1.2762345459965163,-0.682157447526021,/3rWIZMzTKcCtV0eHJ70Z4Ru659f.jpg
841,American History X,-0.836039719927869,-1.611576409948732,-0.07636607105390165,-0.3192077420727811,0.23105869118672967,-0.2849391063617731,/x2drgoXYZ8484lqyDj7L1CEVR4T.jpg
842,Juno,1.7830582589658888,-1.7507877649034294,-1.2271011138215584,-0.6415404626714483,1.7351784330455586,1.38812671660353,/jNIn2tVhpvFD6P9IojldI3mNYcn.jpg
843,There Will Be Blood,0.8375980852479895,-1.3155278802780856,-0.6895113362401328,-0.9352014752977804,0.5737931121657691,0.30146804168064123,/fa0RDkAlCec0STeMNAhPaF89q6U.jpg
844,War of the Worlds,0.12460758191258174,0.668240984067189,-0.30551553874502907,-0.03780612491707502,-0.4061129837779988,0.011735005408312234,/6Biy7R9LfumYshur3YKhpj56MpB.jpg
845,Top Gun,0.08621022290538619,0.6044962055919554,-0.31620214203813446,-0.25095288008127653,0.12968756980357438,0.346053342788813,/xUuHj3CgmZQ9P2cMaqQs4J0d4Zc.jpg
846,Chicken Run,0.8658608076296506,-0.9493767413156874,-0.09590787883227736,-0.9244431639445748,0.21274234304312648,1.2821610617949446,/oYbVT9e0k2ZSrRhDSCw2Yqshe1n.jpg
847,Tropic Thunder,-0.031069262163688372,1.469477399378115,0.45190502538284294,0.03056494889973566,-0.5344921817574978,0.7641616450711194,/zAurB9mNxfYRoVrVjAJJwGV3sPg.jpg
848,The Sixth Sense,-0.9608272536641997,-0.9486649579393596,-0.8393679175639532,2.8610551382702756,0.35333823780013646,-0.7632756162959686,/vOyfUXNFSnaTk7Vk5AjpsKTUWsu.jpg
849,Shaun of the Dead,2.023660999213354,-0.4786635695917558,1.4394726332327312,0.5164324529918026,-0.38017161387600557,2.0839547927152715,/dgXPhzNJH8HFTBjXPB177yNx6RI.jpg
850,Shooter,-0.6226608667276515,0.13478762236695888,0.5279071966959178,1.1467221820827245,-0.5637676892896212,0.08640273147064487,/2aWGxo1E5polpBjPvtBRkWp7qaS.jpg
851,Mars Attacks!,0.978253332339074,-0.8409648805327179,-0.06211286693920197,-1.4728112565869258,-0.41266788606829535,2.0855470575222115,/vUbGCNSEilGvxRQZi2kfTPRP0pS.jpg
852,V for Vendetta,-0.8694627293754519,0.5913081877263098,-0.21746310616911615,0.6039523579574473,-1.2514380691791704,-0.4774833276047278,/piZOwjyk1g51oPHonc7zaQY3WOv.jpg
853,Face/Off,-1.601960800802293,1.4199417264754177,1.0553164674502762,1.1647118209416523,-0.6690945968526824,-0.4352685350159506,/69Xzn8UdPbVnmqSChKz2RTpoNfB.jpg
854,From Dusk Till Dawn,-0.3754086252764139,1.1430746847699578,2.5151733193885595,0.8258993142021556,-1.4537572304698614,-0.6928675357449886,/uBoQytp3KTQFaVqTe6d0ECGaKh9.jpg
855,Déjà Vu,0.05200749907440923,0.8157836460302632,0.1439361490214756,0.5934049574591209,-0.8355073365421153,-0.35664900995592375,/eTX6hklzFOiEVqVukNCEedZKhix.jpg
856,Oblivion,-0.2742174987877708,0.9844230437277164,-0.5581272649366058,0.3074336732320325,-0.5683333059737767,0.06491082039672454,/5Onf4TW3mZn3oLeKVr9W4FGomQQ.jpg
857,Now You See Me,-0.49131860898080204,0.8144443076187337,0.6149989361886085,1.3350673775113373,-0.5939382885308306,0.0972240918873517,/tWsNYbrqy1p1w6K9zRk0mSchztT.jpg
858,The Black Phone,-1.1137066556090587,-0.2536369314942788,2.97572374112084,1.3252661440601536,-1.292769491711939,-0.9098048522876045,/p9ZUzCyy9wRTDuuQexkQ78R2BgF.jpg
859,Jack Reacher,-0.9482021949978915,0.7023055121215522,0.9797959944674194,1.4195687102709575,-1.1337110090370086,-0.1462716652740737,/uQBbjrLVsUibWxNDGA4Czzo8lwz.jpg
860,The Expendables 2,-0.6985016648613268,1.4560430790571732,-0.2811360861800883,0.43269257659788113,-1.195682482990207,-0.21689441439990031,/74rTIGyGoIu5KSxDVMdr8H3MtMo.jpg
861,The Wolverine,-0.0015178683865325726,0.9948964606898926,0.3981876717236252,-0.030059809319385785,-1.0940655508142991,-1.199625201389254,/t2wVAcoRlKvEIVSbiYDb8d0QqqS.jpg
862,Monty Python and the Holy Grail,2.034444091630359,1.1525783825345652,-0.39900932709713643,-0.2678130600091661,-0.05722337345014211,2.5613876261079978,/7nTkHjETdGMYK1phHwDbPsrzbYl.jpg
863,12 Years a Slave,-1.2611409234441433,-1.4070607587563104,-0.7302317150257075,-0.3687899060745394,0.3906479896877402,-0.9416109192165113,/xdANQijuNrJaw1HA61rDccME4Tm.jpg
864,Percy Jackson: Sea of Monsters,1.0274619608819195,-0.0995708230066466,-0.5745111626487102,-1.1458667722026015,0.4758765916407521,0.06557163558074088,/tAu90qEpLqwqiZLsMqpaMVr55oN.jpg
865,Thor: The Dark World,-0.2858786802621564,0.9117193955097875,-0.44421039055598577,-0.7467990053015996,-0.45169229916744646,-1.0267645359937083,/wp6OxE4poJ4G7c0U2ZIXasTSMR7.jpg
866,Mad Max: Fury Road,-0.28974055131324966,0.7630050588083728,0.28202891638519045,-0.4470449484338932,-0.3888332905646199,-1.4453962013321566,/hA2ple9q4qnwxp3hKVNhroipsir.jpg
867,Hotel Transylvania,1.1571332631352182,-0.4536266105020131,0.07076677711976732,-1.2996404404506763,0.4878905656729955,0.4213896784851606,/eJGvzGrsfe2sqTUPv5IwLWXjVuR.jpg
868,The Dictator,0.8538794611723448,-0.3267761880588735,-0.5101550348347189,-0.9472351164560221,-0.4328280144020427,1.0853260814806118,/n0W7kajF4GFMRk2c0wWwMQqTaDM.jpg
869,Avatar: The Way of Water,0.5808108277406121,0.8911859656783717,-1.8835142089171246,-0.19606056668939942,-0.6397632154685243,-1.5107680821706058,/t6HIqrRAclMCA60NsSmeqe9RmNV.jpg
870,Prey,0.8936731418527151,1.3884878920400792,-0.5698064107713174,0.6709557251326241,-0.4593116225329797,-0.07830927756499666,/2FKjLRt7oK1bRRIrxgWmthbBdFh.jpg
871,Harry Potter and the Half-Blood Prince,-0.047960741240313035,-0.3471545653709181,0.5090533723871195,-0.3851518455662079,0.29517945119983796,-0.584556693672845,/z7uo9zmQdQwU5ZJHFpv2Upl30i1.jpg
872,Chronicle,0.16739706774051735,-0.7650140911803062,-0.6686832631372761,0.718498910813478,0.16051966080295282,0.06823794561894511,/kdyrdFIt29FUmLIKvedAc2j4rpo.jpg
873,Jupiter Ascending,0.6656690860109281,0.3881302658299434,-0.2771257470107679,-1.3764678543008355,-0.4338845368558126,-0.42904221272447274,/kHmFYqjbDq7mURGYhCHGgJUGdir.jpg
874,GoodFellas,-0.9082258308559615,-0.9136174605068916,0.8899713780187204,-0.47537326908643796,-0.48003142868259985,-0.9947887684707208,/9OkCLM73MIU2CrKZbqiT8Ln1wY2.jpg
875,Memento,-0.9713606507888262,-0.8010148393988556,0.8634860805883997,3.1457267932650237,-0.3487282179630361,-2.100848846575037,/fKTPH2WvH8nHTXeBYBVhawtRqtR.jpg
876,Home Alone,0.3908835217511781,-1.0069088404291748,-0.89303157334406,-1.3973933860070606,0.07759856639482224,2.5617844192876102,/i5We88HdO9Nsrv8xLyo4toNsLUM.jpg
877,Home Alone 2: Lost in New York,0.9494889204844712,0.3568578764874114,-0.7062394454900522,-0.48731222050387896,-0.012667520158306448,2.572266776803986,/9CAkQ9nfrDaIAyncWndwg0tfC8g.jpg
878,Little Miss Sunshine,-0.7002528866692797,-1.8287571472739308,-1.8011096150794907,-0.8771997362218739,1.667896552214997,1.0796450837505482,/wKn7AJw730emlmzLSmJtzquwaeW.jpg
879,The Intouchables,1.7883014487372644,-1.366499561706679,-0.7006745823938714,-0.8482097113251196,0.5262195015940436,1.945705189822184,/i97FM40bOMKvKIo3hjQviETE5yf.jpg
880,Blade Runner,-0.5994579459564894,-0.9920891717728874,-0.07204230376047686,0.6319348483431914,-0.34881457622440787,-0.23779033912874117,/63N9uy8nd9j7Eog2axPQ8lbr3Wj.jpg
881,Gattaca,-0.2708499529464788,-0.5952226745904793,-0.37177175381230076,1.2538919824200845,0.1203771586978408,-0.15312307247685086,/eSKr5Fl1MEC7zpAXaLWBWSBjgJq.jpg
882,Mr. & Mrs. Smith,0.5233033919406099,0.8212309253641641,0.14692250282640315,0.9128142042985287,-0.4008065333272442,1.342914332720914,/kjD700RtyhveN3ZbOnSvUSne0Qj.jpg
883,Zack Snyder's Justice League,-0.30233535430998015,1.2115279045052587,-0.3567173566797779,-0.5705394495763536,-1.0192106709657267,-0.9817167905953388,/tnAuB8q5vv7Ax9UAEje5Xi4BXik.jpg
884,Platoon,-1.0596434807321842,-0.0881673526982255,0.9299880793987014,-0.3200908070402623,-0.40792766003859354,-0.3639824310858621,/m3mmFkPQKvPZq5exmh0bDuXlD9T.jpg
885,Poor Things,3.543833786367066,0.32341060204956423,0.4557718002061085,1.013905190793072,1.3497481916237735,1.0045783503708834,/kCGlIMHnOm8JPXq3rXM6c5wMxcT.jpg
886,Ender's Game,-0.042136366377422914,0.9258644059324271,-0.2611977757241494,-0.20270499243106505,-0.5486367769090136,-0.7431637939650763,/a0YKfNbBIBk4CB7V0yxjUKQhqah.jpg
887,The Impossible,0.29008880237059514,-0.43501766738031583,-0.5861068492746682,0.37381562156675324,0.04126845135267655,0.28174599538302975,/k0DLCiDbnYywOHiISALbl2EH2NE.jpg
888,Madagascar 3: Europe's Most Wanted,1.0488136305764604,0.527703671766489,-0.3500368283772998,-1.0557041930523907,-0.06267113095052831,1.8867136894359837,/ekraj4ksvIKeuvQVEevEJkuybZd.jpg
889,21,0.43411038486513714,-0.7913862773530442,-0.2658059021915658,-1.0343095133435516,0.377709834248612,0.465870176360826,/efG8Po57alqSlhqHU1lXJ3duG6t.jpg
890,Se7en,-1.7889147293715335,-0.010797446682845708,2.4550236060327184,3.809939080198557,-1.2307040255864596,-1.3433773433687382,/191nKfP0ehp3uIvWqgPbFmI4lv9.jpg
891,Alien³,-2.1209863922488688,0.43720524666244853,2.0757051509777362,-0.16776247170063383,-1.4797448763314254,-1.318471291888484,/xh5wI0UoW7DfS1IyLy3d2CgrCEP.jpg
892,Alien Resurrection,-0.47762561751536586,0.3816817548121649,1.843430919516572,-0.31990337820076,-1.1745003726608887,-0.9379996691611538,/9aRDMlU5Zwpysilm0WCWzU2PCFv.jpg
893,Shrek,1.8859846567874754,0.07122717615344536,-0.3351173683220849,-0.8753437374187288,0.7741989853974068,1.7081214801586608,/iB64vpL3dIObOtMZgX3RqdVdQDc.jpg
894,Shrek 2,1.2584390370455942,0.18456423913944733,-0.3083901446918309,-0.7659655965823171,1.537220819370168,1.64502061939416,/2yYP0PQjG8zVqturh1BAqu2Tixl.jpg
895,Shrek the Third,0.5590125094701449,-0.10682092760177823,0.08736643348162856,-1.0630066539733631,0.07458147800720065,1.0414210153001502,/n4SexGGQzI26E269tfpa80MZaGV.jpg
896,Jack the Giant Slayer,0.6780037608006263,0.6327805829843968,-0.7247366943408554,-0.0013979660228133522,0.35009117286524777,-0.0036029304311844717,/9jSI7saUX9Qz0JLh19jX2ulEwL7.jpg
897,Rise of the Guardians,0.3252687571938063,0.9505490842199287,-0.29949427664685724,-0.8942875189277567,-0.39621379092684317,-0.1181902319520277,/sW4qOa9yF0Ikg7lppncQ0n5UhKX.jpg
898,Aladdin,1.2469579772654766,-0.004623694057181872,-0.907554838445947,-0.18723751523000567,2.4022828804707137,-0.13756714899726133,/eLFfl7vS8dkeG1hKp5mwbm37V83.jpg
899,Jumper,-1.2256707525298738,0.7772688281123518,-0.5311928439844352,0.03372167301030616,0.277802661869417,-0.4738106213089895,/3pPZ9JhNz3VMmASVir5SMHvTDUU.jpg
900,Sinister,-0.036856115988651655,-0.3025474976810137,3.1515706454420283,2.7527111628539265,-1.5324877432801374,-1.3272451873356208,/nzx10sca3arCeYBAomHan4Q6wa1.jpg
901,Warm Bodies,0.2299069444717682,-1.0567523625293034,1.7482802779391182,-0.17098690166962066,0.3729639012870032,0.8715891575424239,/c9aMzKmb5yqxLYLRbvrxJh2xlKY.jpg
902,Taken 2,-1.4811946683181767,1.3954678885098275,0.7044564376242438,0.9766721517985436,-0.9214127436167175,-0.6585463668252012,/yzAlcuJhpnxRPjaj7AHBRbNPQCJ.jpg
903,Wreck-It Ralph,1.8986423192165824,0.2324956547101608,-0.46624850129410594,-1.0224784417230175,0.30069826071405054,1.690306331064078,/zWoIgZ7mgmPkaZjG0102BSKFIqQ.jpg
904,Silver Linings Playbook,-0.3815744279083291,-1.9609498715892493,-0.015290503394368207,-0.6302893448135858,1.5671220969669801,1.1677245100762867,/y7iOVneBvITlBdhy6tVqXVOa1Js.jpg
905,Les Misérables,-0.5200024236080962,-1.3210820849503362,-0.4502613480428926,-0.24243019035020832,1.412286231560034,-0.08481014865104188,/6CuzBs2Lb8At7qQr64mLXg2RYRb.jpg
906,After Earth,-0.1411963868470832,1.206065688884175,-0.7732638061902746,-0.7346478054461263,-0.03997883266022884,-0.8039434803677474,/iXMvYIlzzJBs352CfeiQcBvovZt.jpg
907,How to Train Your Dragon 2,0.9661485405790801,1.4644060525342015,-2.060388054953397,0.7208656434510567,1.5564709980474216,0.9190048183066306,/d13Uj86LdbDLrfDoHR5aDOFYyJC.jpg
908,Fast & Furious 6,0.920514783021687,0.9793765188373487,0.808123567224789,1.6111287310784081,-0.6950847901975667,-0.306811211006406,/thSmnRdrzPBBospIOJjLZBReqzo.jpg
909,In Bruges,1.559934860508003,-0.01097071531328617,0.1754362524768528,-0.27579042451922486,0.5168647585858426,2.3021402148360344,/vz3Vd6nfq9YZrVvyYx5RHFaYKV3.jpg
910,Cloud Atlas,0.4053264029138183,-1.4298139595357613,-0.6568317917306313,-0.6059076375681118,0.705354401446922,-0.08184304136549811,/8naVv2Xu3rWI5JKHz0vCujx6GaJ.jpg
911,Ice Age: Dawn of the Dinosaurs,0.33575938501245817,-0.4838254426545862,-0.537342361147942,-1.1778762517387114,0.2613954318820022,1.0409371812404342,/cXOLaxcNjNAYmEx1trZxOTKhK3Q.jpg
912,Cast Away,0.061649332439265375,-0.9639221674207067,-0.48163636159650036,-0.5589174124787739,0.47892554491749934,-0.23457743043633356,/7lLJgKnAicAcR5UEuo8xhSMj18w.jpg
913,Superbad,1.0177070293820198,-1.4869873413851087,-1.201959395354597,-1.6197849307414665,0.15596625496063238,1.6246861327531743,/ek8e8txUyUwd2BNqj6lFEerJfbq.jpg
914,Moonrise Kingdom,0.1723655794483339,-1.6709100408717774,-0.6488494690199268,0.5748416812024167,2.84625921277111,0.3854053066981089,/y4SXcbNl6CEF2t36icuzuBioj7K.jpg
915,Transformers: Revenge of the Fallen,-1.648224909592643,0.9545933534438442,-0.5044586196278219,-0.7747183599047037,-0.6735956725488152,-0.6784248909892155,/pLBb0whOzVDtJvyD4DPeQyQNOqp.jpg
916,My Neighbor Totoro,1.8172184370843596,-1.0742566902226407,-1.48766084048142,-1.3397109949092538,0.7979952121020285,0.13202917195482186,/rtGDOeG9LzoerkDGZF9dnVeLppL.jpg
917,Dumb and Dumber,0.8478024743524392,-0.8220369244937884,-0.36767713117288114,-0.6046951277274698,0.2366041354217986,1.829735628247241,/4LdpBXiCyGKkR8FGHgjKlphrfUc.jpg
918,Hitch,1.512105444939077,-1.6024139216559687,-1.3343957186915885,-0.2591350991669319,1.7654226104362887,2.0198416213331,/x3W9H3nhGQbWSlyI8Amp2F6Z6cz.jpg
919,The Perks of Being a Wallflower,-0.07618797955561184,-1.9622661126494647,0.07579059506886626,-0.09906167434750451,1.4690351369992818,-0.9969074027645166,/aKCvdFFF5n80P2VdS7d8YBwbCjh.jpg
920,Raiders of the Lost Ark,-0.12737113596861213,2.017636659881177,-0.37141063942183145,-0.3384567712041566,-0.5554364226107825,-0.6257328265485546,/ceG9VzoRAVGwivFU403Wc3AHRys.jpg
921,Boyhood,1.3671929347925043,-1.591665723204327,-0.1078493375975313,-0.5767669952349155,0.40012960875067594,-1.077042271688385,/2BvtvDUyxiMJ4dmKfiQf4qdOHQN.jpg
922,The Mask,-0.3913555012177095,-0.521802839101239,0.16234199278415612,-0.758814310424101,1.2491961786343668,1.74438505171429,/jPC2eYub74zwf2tPGVtzSlBW6Oy.jpg
923,Black Hawk Down,-0.3387986522015685,0.7617088431517467,1.546010016680175,-0.7175875360826263,-0.7584300123207482,-0.6804400453939392,/7fU5dSqKRL4XHeEUz62rCKBfYok.jpg
924,Who Framed Roger Rabbit,-0.5915093387130764,-0.06129958975569322,0.025128195738810945,-0.7253031337116251,1.0229935073139071,1.090885181721482,/lYfRc57Kx9VgLZ48iulu0HKnM15.jpg
925,Saving Private Ryan,-0.03253194313043222,-0.8202217806451901,0.9294279113884071,-0.4407457956327145,0.3516977382398764,0.6180552494266212,/uqx37cS8cpHg8U35f9U5IBlrCV3.jpg
926,The Lion King,-0.20839268444786865,-0.6379977527635604,-0.16289021319403868,-0.3253284854319772,1.1036675221893162,-0.5938951514118348,/sKCr78MXSLixwmZ8DyJLrpMsd15.jpg
927,Total Recall,0.12489783757570429,0.8508681916142387,-0.22468684467847644,-0.6255499718794965,-0.5050536068293954,-0.8084926340219355,/wVbeL6fkbTKSmNfalj4VoAUUqJv.jpg
928,Toy Story,0.510534620820795,-0.24305310919282216,-0.6619669399121079,-1.5020753374099702,0.2389883947965381,1.5344295066920237,/uXDfjJbdP4ijW5hWSBrPrlKpxab.jpg
929,Toy Story 2,0.9347632739042262,-1.3509640368411153,-0.48297023625628777,-1.0262756916778533,-0.09043748943944913,1.5793288577538664,/4rbcp3ng8n1MKHjpeqW0L7Fnpzz.jpg
930,Taken,-0.12696266489201774,0.6502314557076768,-0.2223467996895067,0.2286748264620856,-0.8586809668623856,-0.041789632630898806,/ognkaUSNgJe1a2pjB4UNdzEo5jT.jpg
931,Noah,0.20683277202168454,-0.5333219424494556,-0.610948789385404,-0.5413921471937011,0.5977561065214712,-0.7508815842639415,/vVLkHabnF5lVpCpqyhZBI5iCYMA.jpg
932,Indiana Jones and the Temple of Doom,-0.733705247191668,0.9852570120924953,-0.016554370790558447,-0.33188470499563233,-0.5805234406123588,-1.159378002070878,/gpdVNUaa4LhRMLfJOPj1AZdhAZ3.jpg
933,Terminator Genisys,-0.6279673974895047,1.3854694685774251,0.35204169703877897,1.2821578639478826,-1.1827103848263967,-0.880920098109163,/oZRVDpNtmHk8M1VYy1aeOWUXgbC.jpg
934,Oppenheimer,0.40780748721377097,-0.41015550134620066,0.5747389788003902,0.7738981496433079,0.44634351789005416,-0.597076636051016,/8Gxv8gSFCU0XGDykEGv7zR1n2ua.jpg
935,Flight,-0.7766623974582443,-1.7633448709188153,-0.5339658569728859,-0.7790144912210224,0.26054673567919107,-0.11521634949071485,/tFsHDNclXoCKy2xMxskzXXMaFJS.jpg
936,Life of Pi,-1.3156846265535396,-0.890038975966756,-0.12311333889509879,-0.15052745267128226,0.5783100562635878,-0.3858840861178547,/iLgRu4hhSr6V1uManX6ukDriiSc.jpg
937,Hook,1.2709296932438552,0.09382553228968742,-0.12012170981756036,-1.147471639768518,0.10572513048613717,1.289030134990165,/a6rB1lGXoGms7gWxRfJneQmAjNV.jpg
938,Dirty Dancing,-0.5570829563797891,-1.40985771326589,-0.5879957485539548,-0.4918644897054826,2.1756568999666275,-0.2033120499428253,/9Jw6jys7q9gjzVX5zm1z0gC8gY9.jpg
939,Jumanji,1.2285305871397634,-0.41048965842677815,-1.1012458579180409,-1.0907772024505467,0.5641107684953195,-0.17124366979278494,/vgpXmVaVyUL7GGiDeiK1mKEKzcX.jpg
940,How the Grinch Stole Christmas,-0.7685797888040007,-1.0888382790807012,-0.7159534203956553,-0.5535727460122553,0.8595761582854495,1.9540359065468818,/1WZbbPApEivA421gCOluuzMMKCk.jpg
941,Journey to the Center of the Earth,1.3061190306713018,0.93391148463465,-0.7710635339451719,-1.0108653218464663,-0.15561808078829348,0.9248680776867351,/kL55wY0s2H9JdwfjoWIp9plvYnl.jpg
942,Indiana Jones and the Last Crusade,-0.5071953486426163,1.4499763903539673,-0.06611907381164422,-0.6930450680617896,-0.392880231105779,-0.4240451694165275,/sizg1AU8f8JDZX4QIgE4pjUMBvx.jpg
943,Wanted,-1.476725905921531,1.051618874453951,1.6757130344452578,1.0007031150168786,-1.2699443257999903,-1.1581862435139623,/cbDMsV4VJAL2xJ2JXdWWjmUXZkT.jpg
944,Hancock,-0.30925338723785556,0.2599004888141226,-0.49456550525649773,-0.5666426239866951,0.0737693574028935,-0.16591282273961755,/7DyuV2G0hLEqHeueDfOqhZ2DVut.jpg
945,Bad Boys II,-0.4238202502492345,0.5896820572026313,1.0982926846857806,0.05544948523475249,-0.9273388160159913,0.7019245378464982,/yCvB5fG5aEPqa1St7ihY6KEAsHD.jpg
946,Twilight,0.45485547128829745,-1.4811365051290495,-1.3192517738065075,-0.36928525770269827,2.8052891343807667,-0.214149868640493,/3Gkb6jm6962ADUPaCBqzz9CTbn9.jpg
947,Transformers: Age of Extinction,0.3525841103282569,1.1393220042081476,-1.2427180638272006,-0.7943980165016035,-0.45205973449903886,0.11931104926141874,/jyzrfx2WaeY60kYZpPYepSjGz4S.jpg
948,Cars,0.5156026885283149,-0.4503746266228715,-0.3007870481408903,-0.5490849130213573,0.5716819173857797,1.30015778303053,/2Touk3m5gzsqr1VsvxypdyHY5ci.jpg
949,Gremlins,-0.0987282951932913,-0.44311920963693685,2.512513570899109,0.20976101053122423,-0.7888971870083534,2.6379785170757333,/6m0F7fsXjQvUbCZrPWcJNrjvIui.jpg
950,The Jungle Book,0.9240404084502182,0.1453055633233513,-0.06192050632150178,-0.7576489596784213,-0.06217223694057484,-0.6825391400294257,/9BgcTVV43dZ8A1TpuXWkuNTXtfI.jpg
951,The Substance,0.8795198728435973,0.7703612572372068,0.4133563444490666,1.0532236705455764,-0.13024634238839675,0.7523340468554777,/lqoMzCcZYEFK729d6qzt349fB4o.jpg
952,Click,1.7445972300904442,-1.412150398702465,-1.376001398122664,-1.2056824319449226,0.25107433167463294,2.1508069338272353,/oL0k5JA53PyoHSZqKb3cNkhwBCE.jpg
953,The Goonies,0.31465939395568737,-0.10599617892973251,-0.5487787125607703,-1.327076407363835,0.4900310636270392,1.0664323132687201,/eBU7gCjTCj9n2LTxvCSIXXOvHkD.jpg
954,Despicable Me 2,0.4985573450981125,-0.19508653175429128,0.4648166947023193,0.6878238190941776,0.4778367590855928,1.3715822127521198,/5Fh4NdoEnCjCK9wLjdJ9DJNFl2b.jpg
955,Dr. Strangelove or: How I Learned to Stop Worrying and Love the Bomb,0.5546411178230634,0.5438340150213258,1.3293620658630823,-0.8397009361743665,-0.8388961582499476,3.2959108809326287,/4UQJ60D2NRD9OPrTdjBHfpLl3c4.jpg
956,Ferris Bueller's Day Off,1.578500845207945,-1.1128096341684544,-1.153774286022587,-1.5549126586381774,-0.07039112260245142,2.4033497604949536,/9LTQNCvoLsKXP0LtaKAaYVtRaQL.jpg
957,Anastasia,-0.4321411921743622,0.44059847854399237,0.7972869044062255,0.12036271153337132,0.4497969090494101,-0.6931783501453775,/bppGWGA8zq1sRvTdDJnUzVW9GcH.jpg
958,The Nightmare Before Christmas,-0.6318318979949629,-0.5490120578873642,0.17967513184185815,-0.14265910118830205,-0.007997727061289388,-0.025597596378060677,/oQffRNjK8e19rF7xVYEN8ew0j7b.jpg
959,Halloween,-0.5712512079603017,-0.11865872820342509,2.417084087203603,0.8579209620294608,-0.8935408566986481,-0.7892235030852646,/wijlZ3HaYMvlDTPqJoTCWKFkCPU.jpg
960,Daredevil,0.6262608500788197,0.7598175011411631,-0.3956340318387199,-0.5528032827251744,-0.8496632032399407,-0.16432149155361153,/oCDBwSkntYamuw8VJIxMRCtDBmi.jpg
961,A Bug's Life,0.8523294157333954,-0.4016625436750949,-0.5606551096304984,-1.1211222269489678,-0.036140123974914035,1.6685536827896834,/Ah3J9OJVc2CNCuH2zMydXy9fmIC.jpg
962,Heat,-0.47526406481834926,0.41572959118064545,0.39930376554582236,0.05598910714981229,-0.07893490489400228,0.0882204314718251,/umSVjVdbVwtx5ryCA2QXL44Durm.jpg
963,Armageddon,-1.5883654745607254,1.7249132403039333,0.23938440389535404,0.47699072981366103,-1.3798492316700475,-0.21224073374508784,/eTM3qtGhDU8cvjpoa6KEt5E2auU.jpg
964,Ice Age: The Meltdown,0.23774412637043094,-0.021116511745307247,-0.3724320640809782,-0.7878782460789043,0.22103553978966906,1.0023438400146512,/zDduhCHasKQ9YOTvlOreHem7Wbi.jpg
965,Kung Fu Panda,0.8872853221224832,0.6901590154195929,-1.0730539218771153,-0.8855303434387146,0.018577078126152852,1.3031286676264586,/wWt4JYXTg5Wr3xBW2phBrMKgp3x.jpg
966,Man on Fire,-1.6169430860118954,-0.3645748802984094,0.20373345218665334,1.3929738416538133,-1.0662128056005056,-0.5877192275201322,/grCGLCcTHv9TChibzOwzUpykcjB.jpg
967,Madagascar,1.4545142885808129,0.25616029237069754,-0.38572102529359564,-1.3429032671499055,-0.20901842614156485,3.055313404350186,/zMpJY5CJKUufG9OTw0In4eAFqPX.jpg
968,Final Destination,-2.0524245830151853,-0.13848619519104552,2.048733451432454,-0.030543159854242923,-0.748982392909496,-0.5857116213121802,/1mXhlQMnlfvJ2frxTjZSQNnA9Vp.jpg
969,Mission: Impossible,-1.7131043267890302,1.8006842398737164,-0.009505815292460782,0.8288999405008596,-1.4318845671480749,-0.6927335954022791,/l5uxY5m5OInWpcExIpKG6AR3rgL.jpg
970,Prince of Persia: The Sands of Time,1.0322668151956933,1.0892506806311262,-0.10745501096991954,-0.8851497824537595,-0.46340922810553037,0.0899783283412526,/r9nw8LMdewMvRdNkEy0GH8yQ4n0.jpg
971,Mission: Impossible II,-0.19844035681910432,1.7292270402194492,0.16126585915198122,0.46395022293598565,-1.108832728118416,-0.34353816689716526,/hfnrual76gPeNFduhD4xzHWpfTw.jpg
972,The Exorcist,-0.9088688628777137,-0.07673250848760328,3.034282564139265,0.7350588590558489,-0.2662088289414388,-0.6862158077901364,/5x0CeVHJI8tcDx8tUUwYHQSNILq.jpg
973,Mission: Impossible III,-0.936057996064939,1.7987395352824807,0.15737029013238593,1.9004337926973516,-0.8311846359126818,-0.4669798479853868,/vKGYCpmQyV9uHybWDzXuII8Los5.jpg
974,The Fast and the Furious: Tokyo Drift,-0.45450889012683166,0.5464795394461328,0.8657654819226553,1.076163184487509,-1.172248098539274,-0.17135062934703468,/46xqGOwHbh2TH2avWSw3SMXph4E.jpg
975,The Italian Job,-0.4807818458208691,0.7247017048408593,0.33785958821265283,-0.5157287287568918,-0.5312941082001547,-0.3422836673004191,/eSkjK4kctyrWpFhxl35GPvSs6tI.jpg
976,Rush,0.855357427023659,-0.30291760963846937,-1.880115284833476,0.34123622014162946,1.101627130367522,-0.95012560637452,/95BDrWmcfJDEa2WCfjmLgi67jhi.jpg
977,Children of Men,-0.9186673083921469,0.06315342001045526,0.0092833869268618,1.4987729908088447,-0.5249036253221243,-0.5068760058325813,/8Xgvmx7WWc7Z9Ws9RAYk7uya2kh.jpg
978,RoboCop,-1.2440578531386621,0.9520733785216642,0.05300273621102385,-0.3768793303288624,-0.8178804740097005,-0.6285082910067373,/gM5ql3BKYmHG3WtZ0buKXN7xY8O.jpg
979,The Place Beyond the Pines,-0.8246001598010091,-0.6281460395075874,0.6161593642810336,0.7769685346190192,0.059991912947962425,-0.857478718002424,/vY5j2xQzMGWmxBuhQo0HfA4Lxqb.jpg
980,Bad Boys,-0.9442632906904918,0.9833081499780228,0.6269879603285635,0.29370449680530714,-1.2866099901427535,1.5082706686809582,/x1ygBecKHfXX4M2kRhmFKWfWbJc.jpg
981,Fantastic Four,0.35887283556273386,0.38061935364289057,-0.9198629726182135,-0.5645282208379196,0.012365047166273978,-0.8970855518613714,/5qLP3JVg8NE3zdZd48lqhx7iN5Q.jpg
982,Hannibal,-0.281832877579924,0.2931637736009607,1.8336991405659084,1.9471127231738319,-0.20970590507594816,-0.37476500340715985,/v5wAZwRqpGWmyAaaJ8BBHYuNXnj.jpg
983,Unbreakable,-0.862918575841773,-0.8634779612479082,0.10572174452876433,3.728680550598753,0.5160845740294128,-0.5274911483481884,/mLuehrGLiK5zFCyRmDDOH6gbfPf.jpg
984,Elemental,2.509952827344784,-1.04524426121943,-1.504581332329342,-0.9080690840280264,1.3430078069306322,1.5348602357077883,/4Y1WNkd88JXmGfhtWR7dmDAo1T2.jpg
985,The Fast and the Furious,0.7748341649102822,1.496055521535169,0.808123567224789,1.2994492658226986,-0.6950847901975667,-0.1631088250269731,/gqY0ITBgT7A82poL9jv851qdnIb.jpg
986,Gladiator,0.33793153984098007,0.2923385976279153,-0.5814394639115976,-0.217989090697173,0.08857087592070358,-0.14905400555064902,/ty8TGRuvJLPUmAR1H1nRIsgwvim.jpg
987,The Rock,-0.16949269313826865,1.8275991368111637,0.08636052691607707,0.6074227731840279,-0.9166207709425943,0.21333781224329934,/eBcoxveWzzXQrCrwWMGAROcqgpP.jpg
988,The Incredibles,1.515969323013997,1.6858390507318997,-0.9591792496773776,-0.4383254667812425,0.27091092251086846,0.20524660354948993,/2LqaLgk4Z226KkgPJuiOQ58wvrm.jpg
989,Happy Feet,1.5732539798928056,-1.1104722592066456,-0.6562174422745705,-1.370582785662418,1.0070365699088608,1.456380295542722,/za41IHkj6LnkilfTzv5B2qmthKD.jpg
990,Teenage Mutant Ninja Turtles,-0.7749808150209407,0.6948844255337593,0.3093863702400921,-0.3913958230622701,-1.2581530786613644,0.37003600033869766,/azL2ThbJMIkts3ZMt3j1YgBUeDB.jpg
991,The Princess Diaries,1.3450032338838003,-0.7750518920966994,-0.5621808723314807,-0.9469043247109352,1.6187965010233436,1.1448485787730218,/qSw4lzhDGeM5MjQc86BLzJALhBs.jpg
992,Avengers: Age of Ultron,-0.4238643958489859,1.3792591759419819,-0.6939626772095137,-0.22979088410866189,-1.1862536352577207,-1.0261708515809784,/4ssDuvEDkSArWEdyBl2X5EHvYKU.jpg
