{"valence": [-0.1302444813108936, 0.3739225188962687], "energy": [0.22028117178698242, 0.18740884352601778], "darkness": [0.06631480654043191, 0.13485328292683105], "tension": [0.23190287415272096, 0.16216831824883787], "warmth": [-0.030842481803032677, 0.18316372095911096], "humor": [0.030357035702865392, 0.13063561539774715]}