movie,valence,energy,darkness,tension,warmth,humor,url
"Lock, Stock and Two Smoking Barrels",-0.6395481752231718,0.13677932918071747,0.19000156819820405,0.13988958299160004,-0.2190161645412445,0.19401751160621644,/6pJB2t3MbQUy9m5pFIBHXLqnqNd.jpg
Brother Bear,0.13276773542165757,0.19939210414886474,0.03926774859428406,0.09396574646234512,0.04621665477752686,-0.0035054832696914673,/otptPbEY0vBostmo95xwiiumMJm.jpg
Beauty and the Beast,0.5212001942098141,0.04862336069345474,-0.18344743251800538,0.1717767596244812,0.4768257796764374,-0.004202783107757568,/hUJ0UvQ5tgE2Z9WpfuduVSdiCiU.jpg
Captain America: The Winter Soldier,-0.7321646455675364,0.3714634388685226,0.07902538776397705,0.24962331652641295,-0.192160701751709,-0.14609307050704956,/tVFRpFw3xTedgPGqxW0AOI8Qhh0.jpg
13 Going on 30,-0.034210193902254105,-0.07779916375875473,-0.07464065253734589,0.1407714694738388,0.4973768591880799,0.18216918110847474,/iNZdSIfhSCMtRILDNyhLn8UKeSG.jpg
The Aristocats,-0.1003803007304668,0.15703312456607818,0.029911428689956665,0.10670974850654602,0.02616425156593323,0.22055513858795167,/1BVOSmQUhphMgnTxnXyfQ9tL1Sc.jpg
The Hunger Games: Catching Fire,-0.42388023212552073,0.3557469338178635,0.009309068322181702,0.15129232704639434,-0.14240964353084565,-0.037684376835823055,/vrQHDXjVmbYzadOXQ0UaObunoy2.jpg
Iron Man 2,-0.3011360466480255,0.44560022503137586,0.09073267877101898,0.22351484298706054,-0.16955377012491227,-0.09019377827644348,/6WBeq4fCfn7AN0o21W9qNcRF2l9.jpg
The Chronicles of Narnia: The Voyage of the Dawn Treader,-0.31253516972064976,0.12029931843280792,0.07447643578052521,0.1929252803325653,0.14104325890541078,-0.15034130215644836,/pP27zlm9yeKrCeDZLFLP2HKELot.jpg
The Little Mermaid,0.013761128981908163,0.09270308911800385,-0.06331587433815003,0.1407586932182312,0.30372974276542664,-0.08345167338848114,/plcZXvI310FkbwIptvd6rqk63LP.jpg
Mulholland Drive,-0.20625721290707588,0.08064167499542238,0.14029455780982972,0.7975179076194763,-0.018432974815368652,-0.10358372330665588,/x7A59t6ySylr1L7aubOQEA480vM.jpg
How to Train Your Dragon,0.04548241272568701,0.33517650365829466,-0.28594668507575993,0.22839663326740267,0.39087061285972596,0.10372978389263154,/ygGmAO60t8GyqUo9xYeYxSZAR3b.jpg
Shrek Forever After,-0.1808730447354416,0.08883223086595535,0.05312034487724304,0.08880853652954102,0.0535550594329834,0.16834400296211244,/6HrfPZtKcGmX2tUWW3cnciZTaSD.jpg
Toy Story 3,-0.007231135666370375,0.03532189130783081,0.02395261824131012,0.03730455040931702,-0.01841039657592773,0.30720136761665345,/AbbXspMOwdvwWZgVN0nabZq03Ec.jpg
Thor,0.19100885093212128,0.4157204762101173,0.10459408164024353,0.19554643630981444,-0.11671823859214783,-0.1646127700805664,/prSfAi1xGrhLQNxVSUFh61xQ4Qy.jpg
The Princess and the Frog,0.3021239459514618,0.09195408523082733,0.043807148933410645,0.22283595651388166,0.4747859060764313,0.02401228666305542,/v6nAUs62OJ4DXmnnmPFeVmMz8H9.jpg
Yes Man,0.6561302065849304,0.0974435567855835,-0.06696578860282898,0.13831561207771303,0.26331757307052617,0.2669655883312225,/16zVbgFLTUaUTG1wQHuGjfWNuDM.jpg
Inside Out 2,0.49369334280490873,0.2826463162899018,0.037493264675140386,0.3956446379423142,0.17367451429367065,0.13510843157768251,/vpnVM9B6NMmQpWeZvzLvDESb2QY.jpg
The Amazing Spider-Man 2,0.25668602995574474,0.5027322888374329,-0.037184095382690435,0.24225623011589048,-0.09069572389125824,-0.015755202174186706,/dGjoPttcbKR5VWg1jQuNFB247KL.jpg
Maleficent,-0.32429593404134116,0.41771931052207945,0.17301029562950135,0.46752590239048,0.2800912857055664,-0.11729167401790619,/bDG3yei6AJlEAK3A5wN7RwFXQ7V.jpg
Ant-Man,0.138515442609787,0.3831336110830307,0.02335001528263092,0.187536883354187,-0.19823447465896607,-0.006997600197792053,/rQRnQfUl3kfp78nCWq8Ks04vnq1.jpg
Taxi Driver,-0.2674604350700974,0.09567817151546479,0.14398003518581393,0.22844854444265367,0.10444769859313965,0.03270030438899994,/ekstpH614fwDX8DUln1a2Opz0N8.jpg
Lady and the Tramp,-0.2941768027842045,0.12762105613946914,0.0172697976231575,0.10398111790418625,0.39251091182231906,0.2553269535303116,/340NcWz9SQXWQyf4oicMxjbrLOb.jpg
The Iron Giant,-0.27110589556396003,0.06303883045911787,-0.06330188512802125,0.3660906672477722,0.16368192434310913,-0.060099005699157715,/ct04FCFLPImNG5thcPLRnVsZlmS.jpg
Back to the Future,0.1990333616733551,0.14578288197517394,0.017587095499038696,0.02321377396583557,0.13156181275844575,0.17723859548568727,/vN5B5WgYscRGcQpVhHl6p9DDTP0.jpg
Madagascar: Escape 2 Africa,-0.11694814115762711,0.23175799548625947,0.058141209185123444,0.06321905553340912,-0.061761167645454404,0.25231775939464574,/agRbLOHgN46TQO4YdKR462iR7To.jpg
Sherlock Holmes,-0.1355127637585004,0.4339175641536712,0.21458320915699006,0.5589383602142334,-0.18614745736122132,-0.19302326440811157,/zz0vClg5NdYbhpqaEGyJENrGVSw.jpg
Pocahontas,-0.2688302952796221,0.2496568575501442,0.06127558648586273,0.15028084367513656,0.2666833996772766,-0.09959535300731659,/kZ1ft0QZ4e3zDUPMBftEkwI9ftd.jpg
The Hunchback of Notre Dame,-0.20090300217270848,0.04557532072067261,0.026150393486022952,0.2731474459171295,0.09943034648895265,0.010820258855819703,/7k0fr2xLCTChjN8MnGNThTP9uEB.jpg
Shark Tale,-0.3703236019238829,0.2868620723485947,0.09428034722805023,0.2558293521404266,-0.055299264192581174,0.06264970898628236,/r08DpyPyhXcJTfNZAICNGMzcQ8l.jpg
The Good Dinosaur,0.016348993778228765,0.19569563567638398,0.17355846166610717,0.18366447687149048,-0.09043840765953064,-0.09459354728460312,/8RSkxOO80btfKjyiC5ZiTaCHIT8.jpg
Predator,-0.655487678013742,0.49085045307874675,0.06814597845077515,0.34273047745227814,-0.37728731036186214,-0.014198064804077148,/k3mW4qfJo6SKqe6laRyNGnbB9n5.jpg
Mean Girls,0.23092628717422486,-0.06893573999404908,-0.06141646504402161,0.3184605792164803,0.20640735447406772,0.3010091364383698,/2ZkuQXvVhh45uSvkBej4S7Ix1NJ.jpg
The Wolf of Wall Street,0.3471867565065623,0.12998928427696227,0.09775684997439385,0.21030391603708268,-0.009245598316192621,0.3364449098706246,/kW9LmvYHAaS9iA0tHmZVq8hQYoq.jpg
Mulan,-0.24219128936529163,0.2516801804304123,-0.08509040474891663,0.09186000376939774,0.1423185706138611,-0.02384129643440246,/bj3iSjLlkwHtJrPmvHXa8P7edI9.jpg
WALL·E,-0.1203398895534602,0.05582167208194733,-0.003470703959465027,0.09322147071361542,0.016244578361511233,-0.024993598461151123,/hbhFnRzzg6ZDmm8YAmxBnQpQIPh.jpg
Peter Pan,-0.11327845007181167,0.12971561551094055,0.08692494034767151,0.035006359219551086,0.029785591363906863,-0.10556440055370331,/fJJOs1iyrhKfZceANxoPxPwNGF1.jpg
Snatch,-0.2695461453869939,0.20095005035400393,0.2154373586177826,0.1755276918411255,-0.04266873002052307,0.20620318055152895,/kJZoAHq1SLDdWjeNGtlHAnGpmFV.jpg
Quantum of Solace,-0.2404738398534911,0.5934727817773818,0.16183474063873293,0.34785062074661255,-0.23540487587451936,0.0048765093088150024,/e3DXXLJHGqMx9yYpXsql1XNljmM.jpg
Escape Plan,-0.2168259583413601,0.2917547330260277,-0.01882224231958389,0.32062752544879913,-0.3160048842430115,0.044926732778549194,/qOZPLflxDqKogu9v9hYw3lolxGs.jpg
The World's End,-0.04878711650768916,0.19580671191215515,0.084159716963768,0.14489983320236205,-0.13972211480140687,0.1926806151866913,/kpglnOBYmKn0AkkWDzGxzKHDbds.jpg
Atlantis: The Lost Empire,0.009139305585995322,0.16464897207915782,-0.02707725763320923,0.049374017864465714,0.04266654253005982,0.016860157251358032,/rdCyK9hgoA2vYrLtVFpDc3KWBaC.jpg
Sleeping Beauty,0.006662013009190559,0.05105443298816681,-0.08801743984222413,0.07527014911174774,0.3786657810211182,-0.018957078456878662,/n3pxoMDDxp10c1smgbDzW4bwlzq.jpg
Pinocchio,0.028420685231685644,0.03858931362628937,-0.00812944769859314,0.18414453268051145,0.218805730342865,0.021105200052261353,/bnZJrLRnoQHpzEJdka1KYfsAF3N.jpg
The Thing,-0.5700263337631312,0.13055659383535384,0.40381493270397184,0.4873829692602158,-0.32650354206562043,-0.06118229031562805,/tzGY49kseSE9QAKk47uuDGwnSCu.jpg
This Is the End,0.2893781796097756,0.25800399482250214,0.06578408181667328,0.2590189814567566,-0.18966013789176941,0.1956587314605713,/tNIW0NhX1hKvUsy6PQ80DOKUhkD.jpg
Captain Phillips,-0.24847666248679162,0.33126955926418306,0.15009771585464476,0.5162234961986543,-0.16836390495300294,-0.14798705279827118,/8Td0kkocW6sD3uRpzwfMfkqMWhx.jpg
The Hangover Part III,-0.6577281404286623,-0.009387373924255371,0.10619586706161499,0.11377511918544769,-0.04701954126358032,0.059016746282577526,/vtxuPWkdllLNLVyGjKYa267ntuH.jpg
Frozen,-0.1884303960949182,0.2013356626033783,-0.023842918872833255,0.2777899712324142,-0.03843302726745605,-0.14189399778842926,/itAKcobTYGpYT8Phwjd8c9hleTo.jpg
Star Wars,0.11274513602256775,0.5975660949945449,-0.04850799441337586,0.19703195840120313,-0.09613263607025146,-0.19638889610767366,/6FfCtAuVAW8XJjZ7eWeLibRLWTw.jpg
The Notebook,-0.23527192500504582,-0.07880002483725548,0.05704902112483978,0.23393111079931259,0.5346489399671555,-0.03123694658279419,/rNzQyW4f8B8cQeg7Dgj3n6eT5k9.jpg
Snowpiercer,-0.16333543928340077,0.2570213347673417,-0.04858354330062867,0.30822600126266475,-0.025864684581756586,-0.04197462975978851,/nzccOvhrLGI0nvAknCEAk8bchD9.jpg
Scarface,-0.8502339323051273,0.1931527674198151,0.17165871560573578,0.2988135159015656,-0.06272554397583008,-0.07327704131603241,/iQ5ztdjvteGeboxtmRdXEChJOHh.jpg
Cinderella,-0.5984717905521393,0.04336262494325638,-0.03704538941383362,0.20162289142608641,0.477089336514473,-0.058844536542892456,/4nssBcQUBadCTBjrAkX46mVEKts.jpg
The Prestige,-0.543745152403911,0.1187552660703659,0.052932217717170715,0.6158748090267181,0.10427891731262208,0.01055035412311554,/bdN3gXuIZYaJP7ftKK2sU0nPtEA.jpg
Hellboy II: The Golden Army,-0.36138493319352466,0.2798465758562088,0.07406765222549438,0.24322283565998076,-0.21088672280311585,-0.17599135637283325,/zO0Wdrxnhx3KoJEvychSmnY3urC.jpg
Seven Pounds,-0.3629794259866079,-0.1159737691283226,-0.042217567563056946,0.2077907592058182,0.04493883848190308,-0.03422309458255768,/85zUipgVy2QbvAJ6djZXYaGckMv.jpg
Shutter Island,-0.5651107534766198,-0.04563826322555542,0.07408583462238312,0.60337795317173,-0.07220202684402466,-0.033146634697914124,/nrmXQ0zcZUL8jFLrakWc90IR8z9.jpg
Dumbo,-0.579689821228385,0.10852561444044113,0.015673670172691348,0.18115799725055695,0.005487519502639773,0.07130873203277588,/4x9FmvdJ464Fg7A9XcbYSmxfVw3.jpg
Pretty Woman,0.0990703620016575,0.048841274529695514,-0.06129954010248184,0.11166912615299225,0.289108294248581,0.24393083274364474,/hVHUfT801LQATGd26VPzhorIYza.jpg
Pitch Perfect,-0.0686223080381751,-0.0372752919793129,0.028857216238975525,0.07246613800525666,0.21838847994804383,0.11930267214775087,/gsFoJk9g8W3zgaipRrrURk7LbiF.jpg
The Big Lebowski,-0.5698602588226398,0.11484788954257966,0.1283387005329132,0.12017489224672318,-0.07692725956439972,0.18924019932746888,/9mprbw31MGdd66LR0AQKoDMoFRv.jpg
Lilo & Stitch,-0.23954889755696057,0.02445325255393982,0.0377873033285141,0.14536280930042267,0.03693396747112275,0.1430169314146042,/m13Vbzv7R2GMAl3GXFrkmMEgCFQ.jpg
Mamma Mia!,0.14915410280227662,0.036361683160066605,-0.022326596081256866,0.13661208599805832,0.2812707602977753,0.14308167695999147,/zdUA4FNHbXPadzVOJiU0Rgn6cHR.jpg
The Secret Life of Walter Mitty,-0.1689105452504009,0.12674367129802702,0.019338145852088928,0.20411712825298312,0.07522100806236268,0.1998953574895859,/tY6ypjKOOtujhxiSwTmvA4OZ5IE.jpg
The Emperor's New Groove,-0.043907987326383596,0.3175552517175675,0.050328776240348816,0.15958753526210784,0.0017739266157150296,0.2859523963928223,/xU635vn1lMD9DWDloeuKmuhxxnQ.jpg
The Untouchables,-0.8560561072081327,0.18671780526638032,0.21305775046348574,0.31054375767707826,-0.29862470030784605,0.05155383050441742,/8BquGK22zCcsmBWiaIakaaPpSZb.jpg
White House Down,-0.6999395415186882,0.2242060646414757,0.0291499599814415,0.44518143534660337,-0.17648301124572754,-0.0305120050907135,/6TeIVKPw7nXXWy2zKmDmlnSwzb7.jpg
Olympus Has Fallen,-0.8977352846413851,0.35489578843116765,0.10595147609710694,0.41707544028759,-0.36770741343498226,-0.08765216171741486,/u3GTFGwesNBNd0t1hiLaEk1iqZU.jpg
Charlie and the Chocolate Factory,0.7669481195509434,0.23900360018014907,-0.003768268972635269,0.0687570571899414,-0.011341211199760434,0.24920724034309388,/iKP6wg3c6COUe8gYutoGG7qcPnO.jpg
Guardians of the Galaxy,0.1377941370010376,0.4344937264919281,-0.007433593273162842,0.16551681905984877,-0.24810562133789063,-0.12540462613105774,/r7vmZjiyZw9rpJMQJdXpjgiCOk9.jpg
The Wild Robot,-0.44264975115656846,0.08332268446683883,-0.057399934530258184,0.24690835773944855,-0.04623962044715882,0.05766521394252777,/wTnV3PCVW5O92JMrFvvrRcV39RU.jpg
Dawn of the Planet of the Apes,-0.6394221365451812,0.22407154440879823,0.06116687059402466,0.6945820271968841,-0.29357988238334654,-0.10808902978897095,/kScdQEwS9jPEdnO23XjGAtaoRcT.jpg
Hercules,0.9879975095391273,0.23579672873020172,-0.11766157150268555,0.14043411910533904,0.2256697714328766,0.17668273001909257,/dK9rNoC97tgX3xXg5zdxFisdfcp.jpg
Finding Nemo,-0.4680208982899785,-0.01016203686594963,-0.004002785682678228,0.12583895027637482,0.13184567689895632,-0.027423948049545288,/eHuGQ10FUzK1mdOY69wF5pGgEf5.jpg
The Lord of the Rings: The Fellowship of the Ring,-0.19299360997974874,0.586759652197361,0.05523647367954254,0.26096242815256115,-0.17035085558891297,-0.04325745165348052,/6oom5QYQ2yQTMJIbnvbkBL9cHo6.jpg
The Grand Budapest Hotel,0.2408032611012459,-0.0020775109529495295,0.06477674841880798,0.20702483355998993,0.10592070817947388,0.10986263751983644,/eWdyYQreja6JGCzqHWXpWHDrrPo.jpg
Alice in Wonderland,-0.15840056935946148,0.2553116396069527,0.03688046336174011,0.14523516595363617,0.09169267416000366,-0.12253548204898834,/20cvfwfaFqNbe9Fc3VEHJuPRxmn.jpg
The Lord of the Rings: The Two Towers,-0.1323518231511116,0.5168641775846481,0.07702174782752991,0.25425845980644224,-0.1675041973590851,-0.08142461955547332,/5VTN0pR8gcqV3EPUHHfMGnJYN9L.jpg
Alice in Wonderland,-0.10840056935946149,0.2553116396069527,0.13688046336174012,0.3452351659536361,0.09169267416000366,-0.12253548204898834,/o0kre9wRCZz3jjSjaru7QU0UtFz.jpg
The Hurt Locker,-0.5045168802142144,0.2066249132156372,0.45618219375610347,0.5178363800048829,-0.23147996068000792,-0.06841884553432465,/io2dfBJhasvGbgkCX9cCGVOiA99.jpg
Assassin's Creed,0.2664654552936554,0.3789865136146545,0.12274050712585449,0.14941565990447997,-0.251534229516983,-0.107810378074646,/kDXewoEcvbn0pUvJ8W3vfkuWgHw.jpg
The Lord of the Rings: The Return of the King,-0.08024452924728392,0.5552183359861373,-0.1438655972480774,0.29718548655509947,-0.09130355715751648,-0.07127801656723022,/rCzpDGLbOoPwLjy3OAm5NUPOTrC.jpg
One Hundred and One Dalmatians,0.4915305890142918,0.16180674135684966,0.03495091199874878,0.06634385883808136,0.07455374598503113,0.2401958227157593,/kSlYq6FrBUviGSEh8v4L9nrSnBT.jpg
About Time,-0.059016370374177174,0.00963735580444336,-0.28526170849800114,0.2586375594139099,0.6214398503303529,0.038883571028709416,/iR1bVfURbN7r1C46WHFbwCkVve.jpg
The Hobbit: The Battle of the Five Armies,-0.6039413915326198,0.3904810532927513,0.03243154287338257,0.20416693687438964,-0.16503543257713318,-0.13394802808761597,/xT98tLqatZPQApyRmlPL12LtiWp.jpg
Slumdog Millionaire,-0.19198933094739914,-0.11383984088897706,0.015781447291374207,0.2942973166704178,0.2113176465034485,-0.07963460683822632,/5leCCi7ZF0CawAfM5Qo2ECKPprc.jpg
Harry Potter and the Deathly Hallows: Part 1,0.129034586250782,0.15373291969299316,0.1013980358839035,0.12141153216362,-0.08017551153898239,-0.06369230151176453,/iGoXIpQb7Pot00EEdwpwPajheZ5.jpg
Harry Potter and the Deathly Hallows: Part 2,-0.2760839372873306,0.21229269504547119,0.13856244087219238,0.19635038077831268,-0.11948630213737488,-0.11866816878318787,/c54HpQmuwXjHq2C9wmoACjxoom3.jpg
Grave of the Fireflies,-0.5841193705797195,-0.17410178780555724,0.2801500201225281,0.25497899055480955,0.012002903223037723,-0.1485324501991272,/k9tv1rXZbOhH7eiCk378x61kNQ1.jpg
Godzilla,-0.8420850833877921,0.2664500266313553,0.07293274700641632,0.4575357139110565,0.05091368257999421,-0.1527954339981079,/zokD6uxR2iWfYM3Y84yGJvnNTK7.jpg
Ghost Rider,-0.5922366687096655,0.36408673822879795,0.16282173097133637,0.5042199552059173,-0.16253212690353394,-0.04226236045360565,/1pyU94dAY7npDQCKuxCSyX9KthN.jpg
Bridge to Terabithia,-0.2533213049173355,0.015814441442489613,0.11672994494438171,0.23076704740524293,0.08171900510787965,-0.06819218397140503,/3xFxGodKPMFLheS8rujFSmLfcq4.jpg
Alien: Covenant,-0.2852404862642288,0.13951694071292878,0.25342588424682616,0.4011498987674713,-0.37642137408256526,-0.1389457881450653,/zecMELPbU5YMQpC81Z8ImaaXuf9.jpg
300,-0.4916152905672789,0.39805828928947445,0.09253186285495757,0.21920365989208224,-0.11895832717418671,-0.08879005163908005,/h7Lcio0c9ohxPhSZg42eTlKIVVY.jpg
Finding Dory,0.5109770911435286,0.10937404036521911,0.11527958512306213,0.09998725354671478,0.0817804366350174,0.1421008825302124,/3UVe8NL1E2ZdUZ9EDlKGJY5UzE.jpg
X-Men: Days of Future Past,-0.31213561818003654,0.3439236119389534,0.009374931454658508,0.17608656287193297,-0.21044138669967652,-0.12941859662532806,/tYfijzolzgoMOtegh1Y7j2Enorg.jpg
Princess Mononoke,-0.1328502416610718,0.18172843158245086,0.06013321876525879,0.1682986617088318,-0.01801997423171997,-0.07720284163951874,/cMYCDADoLKLbB83g4WnJegaZimC.jpg
Spirited Away,-0.44171136258678,-0.030141513794660568,0.04536709934473038,0.10854995250701904,0.02085535526275635,-0.04460501670837402,/39wmItIWsg5sZMyRUHLkWBcuVCM.jpg
Forrest Gump,0.3933174357882568,-0.0049069643020629855,-0.028932422399520874,0.2287841558456421,0.274437028169632,0.3333500379323959,/saHP97rTPS5eLmrLQEcANmKrsFl.jpg
Bolt,0.1546994984149933,0.1869508892297745,0.04998215287923813,0.09415367245674133,-0.0009440451860427829,0.1699378204345703,/v5aC4nrzXFGJDWY4JO1eengXzqk.jpg
The Hunger Games: Mockingjay - Part 1,-0.6113767385482788,0.17060987651348114,0.14893316030502318,0.3336374431848526,-0.1877716839313507,-0.11026987433433533,/4FAA18ZIja70d1Tu5hr5cj2q1sB.jpg
The Hunger Games: Mockingjay - Part 2,-0.03258691877126693,0.3713092565536499,-0.2922879338264466,0.13113569021224974,0.07605930268764496,0.009123831987380981,/lImKHDfExAulp16grYm8zD5eONE.jpg
Watchmen,-0.34436443042667475,0.27550840079784394,0.05917315185070038,0.3533201515674591,-0.18544550091028214,-0.028955742716789246,/aVURelN3pM56lFM7Dgfs5TixcIf.jpg
Gran Torino,-0.6314444965682924,-0.14435036331415177,-0.04857713580131531,0.17834331691265107,0.12800699174404145,-0.010431483387947083,/zUybYvxWdAJy5hhYovsXtHSWI1l.jpg
Angels & Demons,-0.6270397103702029,0.2418125480413437,0.21008466482162474,0.6138212025165558,-0.20671134293079377,-0.20537981390953064,/tFZQAuulEOtFTp0gHbVdEXwGrYe.jpg
Star Trek,-0.569732536872228,0.29897593557834623,0.07258100062608719,0.15934871435165404,-0.20164710879325867,-0.08147162199020386,/hN2ZtF3Uw6mhIHZiqL0SKzELtKn.jpg
Jurassic World,-0.038901060819625854,0.6628847628831863,0.11832209080457688,0.5378220647573471,-0.3237417608499527,0.02569973886013031,/rhr4y79GpxQF9IsfJItRXVaoGs4.jpg
American Psycho,-0.5209837205708027,0.18584040999412538,0.2908313572406769,0.5450663417577744,-0.07385820150375366,0.06805861592292786,/9uGHEgsiUXjCNq8wdq4r49YL8A1.jpg
Rocky,-0.3070956505835056,-0.07317089140415192,-0.17671106159687044,0.3192581236362457,0.24395558536052706,-0.09133277833461761,/hEjK9A9BkNXejFW4tfacVAEHtkn.jpg
First Blood,-0.6889395549893379,0.5016579777002335,0.27014581561088563,0.3543059304356575,-0.3081665337085724,0.055890023708343506,/a9sa6ERZCpplbPEO7OMWE763CLD.jpg
Groundhog Day,0.027470622956752788,-0.18571022748947144,0.05656677484512329,0.19390326142311098,0.3282963573932648,0.13344062566757203,/gCgt1WARPZaXnq523ySQEUKinCs.jpg
The Lego Movie,0.32618203163146975,0.468114721775055,-0.027904051542282107,0.22724751234054563,0.259266471862793,0.19717846035957337,/lbctonEnewCYZ4FYoTZhs8cidAl.jpg
Edge of Tomorrow,-0.3270111633464694,0.26483471393585206,0.002524042129516596,0.2825071454048157,0.035087744593620324,-0.025598347187042236,/nBM9MMa2WCwvMG4IJ3eiGUdbPe6.jpg
Blood Diamond,-0.3325905462106069,0.23580194711685182,0.1412821888923645,0.5426821619272232,-0.15625903606414795,-0.0932222306728363,/bqKNoySmI4eOjsSjJEnLj4j2HAp.jpg
Fast & Furious,0.02301150436202685,0.2841910302639008,0.1964495271444321,0.5380682259798051,-0.0875403642654419,-0.035117655992507935,/lUtVoRukW7WNtUySwd8hWlByBds.jpg
The Expendables 3,-0.30098189134150743,0.4058870196342468,0.09763616621494293,0.40039345622062683,-0.3458326429128647,-0.03283779323101044,/utS5euWHlEdKBNnEFwjpZ2oGuhF.jpg
Knowing,-0.4321351650481423,0.262660126388073,0.218867352604866,0.4873095273971558,-0.2877114593982697,-0.12439240515232086,/OG0mxQt4YaNIWiz8EKJSHe9lPh.jpg
We're the Millers,-0.37182829082012175,0.04452143460512162,-0.010983587801456446,0.04365784674882889,-0.11255119740962982,0.32362517416477204,/qF2LJ0jwWrtXSuT4AFD5OS2IqaT.jpg
The Conjuring,-0.6450008627027273,0.13601519763469697,0.4234605014324188,0.5300881922245025,-0.2979975163936615,-0.22137551009655,/wVYREutTvI2tmxr6ujrHT704wGF.jpg
Sweeney Todd: The Demon Barber of Fleet Street,-0.5356483921408653,-0.0926102850586176,0.3765632838010788,0.31686574667692186,0.12601953744888306,-0.038691967725753784,/gAW4J1bkRjZKmFsJsIiOBASeoAp.jpg
American Beauty,-0.2484765246940347,-0.11528528779745102,0.002476602792739868,0.13810666501522065,0.22922654151916505,0.08347613215446473,/wby9315QzVKdW9BonAefg8jGTTb.jpg
The Pursuit of Happyness,-0.48411300436904037,-0.0472997859120369,-0.07558601945638657,0.16856736540794373,0.14295773655176164,-0.01323707401752472,/lBYOKAMcxIvuk9s9hMuecB9dPBV.jpg
Kung Fu Panda 3,0.23276315927505495,0.31791371703147886,0.0017559826374053955,0.19716330170631408,-0.11146577000617981,0.24854205250740052,/oajNi4Su39WAByHI6EONu8G8HYn.jpg
Star Wars: The Force Awakens,0.011849239468574524,0.45196544229984287,0.024000230431556704,0.25763083100318906,-0.21684086918830872,0.003288477659225464,/wqnLdwVXoBjKibFRR5U3y0aDUhs.jpg
Donnie Darko,-0.6434995591640472,-0.05398065596818924,0.05616965889930725,0.3990975677967072,0.053323751688003546,-0.02846757650375366,/fhQoQfejY1hUcwyuLgpBrYs6uFt.jpg
Justice League,-0.21865016594529152,0.4781531751155853,-0.053229174017906195,0.16985164135694503,-0.11947302520275116,-0.06998500227928162,/eifGNCSDuxJeS1loAXil5bIGgvC.jpg
Up,0.3515454684694608,0.19627712815999984,0.032171010971069336,0.11175791919231415,0.012910860776901248,0.17211363911628724,/mFvoEwSfLqbcWwFsDjQebn9bzFe.jpg
2012,-0.6847173208370805,0.39715582728385923,0.03848710656166077,0.286952817440033,-0.16455984294414522,-0.13752910494804382,/c2PkTPT5D9zB8SIm5wNlDAANEqM.jpg
Pan's Labyrinth,-0.009201239546140036,0.05941873490810394,0.17435800433158874,0.20868029296398163,0.0457372397184372,-0.07455016672611237,/z7xXihu5wHuSMWymq5VAulPVuvg.jpg
Brokeback Mountain,0.2778937332332134,-0.0613553136587143,0.0023772716522216797,0.3014797657728195,0.4407644510269165,-0.054348886013031006,/aByfQOQBNa4CMFwIgq3QrqY2ZHh.jpg
The Departed,-0.49456273624673486,0.1655680149793625,0.3728777885437011,0.538084900379181,-0.19760850071907043,-0.09272710978984833,/nT97ifVT2J1yMQmeq20Qblg61T.jpg
Prisoners,-0.7396811868064105,0.05279794931411744,0.20281819701194764,0.5685693144798278,-0.09936398267745972,-0.16986799240112305,/jsS3a3ep2KyBVmmiwaz3LvK49b1.jpg
Coraline,-0.18588338568806648,0.049747157096862796,0.1209517776966095,0.20288039147853854,0.05306975841522217,-0.07740898430347443,/4jeFXQYytChdZYE9JYO7Un87IlW.jpg
Hellboy,-0.4028340205550194,0.2095026195049286,0.0227910965681076,0.16492195725440978,-0.10583889484405518,-0.06263259053230286,/lbaTEneOofwvAyg77R8HbFML2zT.jpg
The Illusionist,-0.2511767960020474,0.09417761862277985,0.04024080634117126,0.5769221752882004,0.47877217829227453,-0.08533443510532379,/1O9jUvqkHaGBMVRyOJz1AlkmALW.jpg
Citizen Kane,0.02056780457496643,-0.01974285244941712,0.10345542430877686,0.38592976629734044,0.07969296574592591,-0.12650850415229797,/sav0jxhqiH0bPr2vZFU0Kjt2nZL.jpg
Inside Out,0.41846351390704517,0.2395167469978333,-0.17220876216888428,0.26597959995269777,0.28554662466049197,0.17745589256286623,/2H1TmgdfNtsKlU9jKdeNyYL5y8T.jpg
Cinderella,-0.4984717905521393,-0.05663737505674363,-0.03704538941383362,0.30162289142608645,0.47708933651447294,-0.058844536542892456,/j91LJmcWo16CArFOoapsz84bwxb.jpg
Dallas Buyers Club,-0.5089239399983652,-0.15264170840382577,0.00694844126701355,0.1879046991467476,0.022620981931686407,-0.03466857224702835,/7Fdh7gUq3plvQqxRbNYhWvDABXA.jpg
Her,-0.03784390725195408,-0.10903774797916413,0.04142969846725464,0.1871096581220627,0.4664232969284058,0.01780499517917633,/eCOtqtfvn7mxGl6nfmq4b1exJRc.jpg
Lost in Translation,-0.06084525393588203,-0.08106146603822709,-0.06987523138523102,0.19725646972656252,0.3183385163545609,0.15650771260261537,/3jCLmYDIIiSMPujbwygNpqdpM8N.jpg
Collateral,-0.16101607794945055,0.11273415982723237,0.13083847761154177,0.3665890127420426,-0.08553645014762878,0.03574168682098389,/nV5316WUsVij8sVXLCF1g7TFitg.jpg
The Dark Knight,-0.532335777208209,0.3824424177408219,0.092446830868721,0.48448102772235874,-0.011054658889770502,-0.04474398493766785,/qJ2tW6WMUDux911r6m7haRef0WH.jpg
The Equalizer,-0.8700683385133743,0.3606458991765976,0.27215064465999605,0.39490659534931183,-0.30262155532836915,-0.09419596195220947,/9u4yW7yPA0BQ2pv9XwiNzItwvp8.jpg
28 Weeks Later,-0.8725770681830388,0.15506975948810578,0.4125010550022125,0.42416441440582275,-0.29655627608299256,-0.0551116019487381,/oix0aNv1lvW3nUGspUyvSIBlpbs.jpg
Live Free or Die Hard,-0.6998950730388364,0.33830173611640935,0.15501904785633086,0.3865593671798706,-0.3988938748836517,-0.008987203240394592,/31TT47YjBl7a7uvJ3ff1nrirXhP.jpg
Die Hard: With a Vengeance,-0.37613771948963404,0.3642030835151673,0.11514574587345124,0.3554863929748535,-0.33747407495975495,-0.009266257286071777,/buqmCdFQEWwEpL3agGgg2GVjN2d.jpg
Die Hard 2,-0.7168141042813658,0.6053454726934433,0.1219786137342453,0.4919430524110794,-0.31257829517126084,-0.05463326632976531,/ybki0UWO3OPhaM6MSniuKC7sy1R.jpg
Interstellar,-0.08974902220070362,0.1419304221868515,0.07648137211799622,0.4370161443948746,-0.033211940526962275,-0.15809878706932068,/gEU2QniE6E77NI6lCU6MxlNBvIx.jpg
Divergent,-0.2361129786198338,0.3176498472690582,0.059633731842041016,0.1492189049720764,-0.1473657250404358,-0.07995036244392395,/aNh4Q3iuPKDMPi2SL7GgOpiLukX.jpg
Transcendence,-0.13063001011808714,-0.025244563817977905,0.1354769080877304,0.6661560893058778,0.04443129003047944,-0.03518092632293701,/qmOKJWl3wnXDcLhjtJHnCCCvAiO.jpg
Resident Evil,-0.7648540628142655,0.18199312388896943,0.2782335430383682,0.22545906007289884,-0.406603467464447,-0.07100501656532288,/1UKNef590A0ZaMnxsscIcWuK1Em.jpg
Apocalypto,-0.4339291289448738,0.10765416026115418,0.09847263991832733,0.2560526967048645,-0.05336710810661316,-0.16542689502239227,/cRY25Q32kDNPFDkFkxAs6bgCq3L.jpg
The Purge,-0.9574650406837463,0.058178251981735235,0.48216258883476254,0.5808393031358718,-0.3865657269954681,-0.13641631603240967,/46X1ei9uf13nkkr0OhWldGyr5Uh.jpg
The Holiday,0.1810162290930748,0.11353897154331208,0.02372414618730545,0.22763284146785734,0.28593881130218507,0.1454809767007828,/n26GUumac5MrzpJiv0DPI7MMIUJ.jpg
School of Rock,0.20237975083291532,-0.05889672785997391,-0.055969998240470886,0.011312700808048248,-0.09398879110813141,0.2189807564020157,/zXLXaepIBvFVLU25DH3wv4IPSbe.jpg
Tomorrowland,2.9861927032526214e-06,0.13833191394805908,0.011223256587982178,0.2715157985687256,-0.06267995834350586,0.05546632409095764,/kziYpr5Nfw60P0My8aj1sgCEqed.jpg
Night at the Museum,-0.1009200702421367,0.40043452233076093,0.042549990117549896,0.13226725459098815,-0.15019437223672866,0.15770831406116487,/pDsAAYf6Zn0yiAGJ6lYGs6hoZ4E.jpg
Meet the Parents,0.10096082687377932,0.09279181733727455,0.00508880615234375,0.21573084741830828,0.19064405262470246,0.16822028279304507,/5tXJ9ctuyEOMUFLaeqRisbXowWs.jpg
Hotel Transylvania 2,0.17882384347418945,-0.005708768963813782,0.044621437788009644,0.07491771876811981,-0.05062754154205322,0.10977323055267335,/3nFnrivNgipSKZ8LZJJbRSlAcTR.jpg
Ocean's Eleven,0.04881095886230469,0.2810435935854912,0.11277284622192384,0.2950551927089691,-0.12053093910217286,-0.013196751475334167,/hQQCdZrsHtZyR6NbKH2YyCqd2fR.jpg
Edward Scissorhands,-0.4726110517978668,-0.04994981661438942,0.08815758228302002,0.27574948221445084,0.5560590386390687,0.027665823698043823,/e0FqKFvGPdQNWG8tF9cZBtev9Em.jpg
Liar Liar,-0.13991380874067544,0.07240531444549561,-0.08173102140426636,0.13945747017860413,0.10322341918945313,0.29430392503738406,/p1habYSdC7oD3WygQ5lynU5G5rV.jpg
Ocean's Twelve,-0.4659736887551844,0.16932541579008104,0.15258304178714754,0.31174122989177705,-0.13887030482292176,-0.0376664400100708,/pE5anFf7nf6ah7V3VRezQ1KSovi.jpg
The Island,-0.1146940253674984,0.46815216243267066,0.09237040877342224,0.31205467879772186,-0.15187730491161347,-0.020145922899246216,/9MaZYEyFmQwNeDTxZGQEN8E0e4p.jpg
Speed,-0.28942338228225706,0.4695319771766663,0.12168939709663391,0.39772248566150664,-0.303985995054245,0.10056843280792237,/82PkCE4R95KhHICUDF7G4Ly2z3l.jpg
Back to the Future Part II,-0.10488951690495013,0.11083408594131469,0.023008882999420166,0.06903544068336487,-0.1282268464565277,0.16570427715778352,/YBawEsTkUZBDajKbd5LiHkmMGf.jpg
Fantastic Four,-0.11975331045687199,0.4183053135871887,0.06215788424015045,0.18904668390750884,-0.13939521312713624,-0.11726999282836914,/cDroz5qSlP8xZ6tOpeYoPkBvKyL.jpg
Pirates of the Caribbean: Dead Men Tell No Tales,-0.07114007323980331,0.37442309260368345,0.044513553380966187,0.16645048856735228,-0.1322822630405426,-0.004242211580276489,/6lAPOAFYFWIO3SQRemEY2wInQMC.jpg
How to Train Your Dragon: The Hidden World,-0.0865433007478714,0.23782836198806762,-0.28288613557815556,0.40082310438156127,0.4084422469139099,-0.03653591036796569,/xvx4Yhf0DVH8G4LzNISpMfFBDy2.jpg
Furious 7,-0.8323955861851573,0.5413845777511597,0.22884016633033755,0.47554256319999694,-0.280297589302063,-0.10482351809740066,/ktofZ9Htrjiy0P6LEowsDaxd3Ri.jpg
American Hustle,-0.6568396811683973,0.03949616849422455,0.20930664837360383,0.32047361731529234,0.0007537066936492975,-0.09293726086616516,/z6O1KDhfWDTm5ZBr6Ovr0eg8LqO.jpg
Inglourious Basterds,-0.1472118552774191,0.13924919366836547,0.3749251931905746,0.49045159220695494,-0.1646368235349655,-0.13098976016044617,/7sfbEnaARXDDhKm0CZ7D7uc2sbo.jpg
17 Again,0.12482374720275403,-0.12601131796836854,-0.03566843271255493,0.28012774139642715,0.2817888140678406,0.27862823456525804,/yEcfFXEWpuXcfsR9nKESVCFneqV.jpg
28 Days Later,-0.7770258107533058,0.07855242341756821,0.4053935885429382,0.3652127683162689,-0.2943323373794556,-0.1644589602947235,/sQckQRt17VaWbo39GIu0TMOiszq.jpg
Misery,-0.7258618092164397,0.10677351653575898,0.09092773795127869,0.4639241680502892,0.019641965627670288,-0.03172060430049896,/klPO5oh1LOxiPpdDXZo1ADgpKcw.jpg
The Incredible Hulk,-0.5348967680086693,0.48372829556465147,0.14369140863418578,0.1809069126844406,-0.2218630075454712,-0.027649760246276855,/gKzYx79y0AQTL4UAk1cBQJ3nvrm.jpg
Iron Man,0.05834955885075033,0.42500454783439634,0.0521736741065979,0.13386307209730147,-0.19994877874851227,0.022061645984649658,/78lPtwv72eTNqFW9COBYI0dWDJa.jpg
The Mummy Returns,-0.226106202436818,0.39156716167926786,0.05770346522331238,0.19367590844631194,-0.11333205401897431,-0.0664573609828949,/kdJsW7hcy1lrj7tdMPycTAQPAiR.jpg
Moon,-0.2222368520769206,-0.14139497876167298,0.004402816295623779,0.13981661051511765,0.03589563667774201,0.022812455892562866,/35IU0Mq0zFsN1mYwDGts5mKc77n.jpg
The Adventures of Tintin,-0.3137284845113754,0.29210345447063446,0.06885682046413422,0.3650461286306381,-0.04760436713695526,-0.012446399331092834,/fQZ3sLR1Fi63NMsNRbjm9q5qODJ.jpg
Saw,-0.7975470375269651,0.1773712992668152,0.5092224687337875,0.43613651394844055,-0.2743807792663574,-0.02652156352996826,/rLNSOudrayDBo1uqXjrhxcjODIC.jpg
District 9,-0.5486583078745753,0.04915190860629082,0.0438317209482193,0.15856164693832397,-0.09825824201107025,-0.08600227534770966,/tuGlQkqLxnodDSk6mp5c2wvxUEd.jpg
Captain America: The First Avenger,-0.18242907314561307,0.47483114600181586,0.05715981125831604,0.17981932908296583,-0.20541516542434693,0.003300656080245972,/vSNxAJTlD0r02V9sPYpOjqDZXUK.jpg
Big Hero 6,0.25661347806453705,0.38784328699111936,-0.2673613607883454,0.3044783234596252,0.0514265090227127,0.1580671489238739,/2mxS4wUimwlLmI1xp6QW6NSU361.jpg
Mission: Impossible - Rogue Nation,-0.9079336700960994,0.39929199814796446,0.02429741621017456,0.21552652418613433,-0.217482990026474,-0.08933117240667343,/fRJLXQBHK2wyznK5yZbO7vmsuVK.jpg
The Fifth Element,-0.24642809597509246,0.48138987421989443,0.025227323174476624,0.29246742427349093,-0.18432736992836,0.03511055409908295,/fPtlCO1yQtnoLHOwKtWz7db6RGU.jpg
Minority Report,-0.6898177217278215,0.29793636798858647,0.11660776138305665,0.42652468979358676,-0.3834268271923065,-0.05774686485528946,/qtgFcnwh9dAFLocsDk2ySDVS8UF.jpg
The Devil's Advocate,-0.4612092413008213,-0.021164003759622574,0.3059641748666763,0.6308718800544739,0.07057039856910705,0.0020663332939147953,/5ZzBGpxy55OQzHxKVY11IpY6a0o.jpg
Night at the Museum: Secret of the Tomb,0.12043320854956455,0.2029598519206047,0.026052989065647125,0.08042566478252411,-0.0034623786807060214,0.18818516731262208,/xwgy305K6qDs3D20xUO4OZu1HPY.jpg
Star Wars: The Last Jedi,-0.16937963664531708,0.4411540687084198,0.11599560379981995,0.14104560613632203,-0.1419234037399292,-0.012781620025634766,/ySaaKHOLAQU5HoZqWmzDIj1VvZ1.jpg
Star Wars: The Rise of Skywalker,0.03395567089319229,0.37490729093551634,0.05994212627410889,0.11462717056274414,-0.12501291036605836,-0.0675668716430664,/db32LaOibwEliAmSL2jjDF6oDdj.jpg
Enemy,-0.12169743925333024,0.2766661584377289,0.11552101969718934,0.5599524825811386,-0.054394772648811346,-0.05466723442077637,/vf40tyDRKZsBmaLsYeopzfFLzLx.jpg
The Twilight Saga: New Moon,-0.2969333877166112,0.0977304458618164,-0.0505486935377121,0.3286263883113861,0.5872401893138885,-0.15481799840927124,/k2qTooPlHffgNABNWxeJdGMglPK.jpg
50 First Dates,0.29493099935352807,0.06891797333955765,0.0739910900592804,0.10254068970680237,0.4861436426639557,0.298420227766037,/lzUI2Cg7OMfcUNv3f7MywYNBjs6.jpg
The Proposal,-0.0539969954639673,-0.06974204480648041,-0.03160884976387024,0.31311507523059845,0.27736321389675145,0.21116943359375,/6stnAm1wSek8ZrislwK4xGTyCnt.jpg
Lord of War,-0.3456350266933441,0.11453876495361329,0.28205410540103915,0.4640646010637283,-0.1708114743232727,-0.22037293016910553,/3MGQD4yXokufNlW1AyRXdiy7ytP.jpg
Night at the Museum: Battle of the Smithsonian,0.7556198315694928,0.38968328237533567,-0.02587828040122986,0.12748745381832122,-0.15453160107135772,0.17497913241386415,/l9yAQn6TyrA3gv5xZZkiMMoZsiw.jpg
Jackie Brown,-0.5527649521827698,0.1188220851123333,0.10217111706733704,0.3987222418189049,-0.044263795018196106,0.10882659256458282,/rOUx7qg4KmEh1juEDwqzbDSL1Nr.jpg
A Clockwork Orange,-0.3106436168774962,0.11415968239307404,0.06720185279846191,0.10572472214698792,-0.05132057666778564,0.00900085866451264,/4sHeTAp65WrSSuc05nRBKddhBxO.jpg
Transformers,-0.2246211344997088,0.42118016481399534,-0.08194491267204285,0.1819070905447006,-0.2830856204032898,-0.009044423699378967,/4N4sipl8T72tNE4earcctQa2Kw2.jpg
Pirates of the Caribbean: On Stranger Tides,-0.19937334954738617,0.38128902614116666,0.06298445165157318,0.24377069175243377,-0.01731798648834229,-0.15246641635894775,/keGfSvCmYj7CvdRx36OdVrAEibE.jpg
Sin City,-0.4081060867756605,0.22708932757377626,0.3265309453010559,0.3908919095993042,-0.17146865129470826,-0.04233473539352417,/i66G50wATMmPrvpP95f0XP6ZdVS.jpg
22 Jump Street,0.1830778847138087,0.3240620143711567,0.0687800332903862,0.10385938286781311,-0.1911809802055359,0.3223924517631531,/850chzYHYbT3IISl6Q7dbBuFP2B.jpg
The Hangover,-0.2328747237500336,0.0632267214357853,0.03126225918531418,0.2150175362825394,-0.02529287338256836,0.27103394567966466,/A0uS9rHR56FeBtpjVki16M5xxSW.jpg
Clash of the Titans,-0.31586981813112897,0.3297297120094299,0.08876654505729675,0.23347194790840148,-0.17210461795330048,-0.168066143989563,/6iHYLipwEyZUPNO8MM3l1yHDaFE.jpg
Star Trek Beyond,-0.9584778439253568,0.4157595098018646,0.0663912296295166,0.2589797407388687,-0.28603786826133726,-0.1961432695388794,/m7SHlvcGfCkbzk2xP7XHDOI6o93.jpg
The Empire Strikes Back,0.0086507648229599,0.5484866768121719,0.0664130225777626,0.26169643402099607,-0.13600209206342698,-0.0919706779718399,/nNAeTmF4CtdSgMDplXTDPOpYzsX.jpg
Return of the Jedi,-0.06186572909355163,0.5212241828441619,0.04716558754444122,0.36298565268516536,-0.1782257467508316,-0.2198621588945389,/jQYlydvHm3kUix1f8prMucrplhm.jpg
Star Wars: Episode I - The Phantom Menace,-0.0948878861963749,0.3806955501437187,0.030617117881774902,0.19130301773548125,-0.16392797827720643,-0.07964061200618744,/6wkfovpn7Eq8dYNKaG5PY3q2oq6.jpg
Star Wars: Episode II - Attack of the Clones,-0.17818150017410514,0.562317505478859,0.07462264597415924,0.24650121331214903,-0.12635788917541504,-0.0979222273826599,/oZNPzxqM2s5DyVWab09NTQScDQt.jpg
Star Wars: Episode III - Revenge of the Sith,-0.7855195498714844,0.3562599033117294,-0.11625158488750459,0.20811197459697722,0.09417749047279358,-0.15601712465286255,/xfSAoBEm9MNBjmlNcDYLvLSMlnq.jpg
American Sniper,-0.33479296735354835,0.329474113881588,0.061172398924827565,0.17820545434951784,-0.08019148111343384,0.01756492257118225,/i1U46OwMc6vlm7OoSUKfqUH615e.jpg
Hulk,-0.4859028924256563,0.5624673008918761,0.17138661742210387,0.32561367154121396,-0.23705940544605256,-0.04064711928367615,/UllIft2jLSBaay3zQyMV4GNdfy.jpg
The Amazing Spider-Man,-0.3618664119392634,0.4450303807854653,0.013416048884391782,0.2023541793227196,-0.023721307516098022,-0.020056556463241577,/jexoNYnPd6vVrmygwF6QZmWPFdu.jpg
The Others,-0.8454280792425076,0.09972299039363862,0.4337744355201721,0.6190516009926796,-0.34788549244403844,-0.11635886132717133,/p8g1vlTvpM6nr2hMMiZ1fUlKF0D.jpg
Amélie,0.05947206025011839,0.045615366846323016,0.08094923198223114,0.13180220425128936,0.36181335449218754,0.12834021568298343,/vZ9NhNbQQ3yhtiC5sbhpy5KTXns.jpg
Birdman or (The Unexpected Virtue of Ignorance),0.3791618555784226,-0.07304083108901978,0.058286502957344055,0.21649954319000245,0.1278078317642212,0.24262251257896425,/rHUg2AuIuLSIYMYFgavVwqt1jtc.jpg
Zodiac,-0.6360852628946305,0.2640150189399719,0.48928666114807123,0.6722633361816406,-0.4544831991195678,-0.23528215289115906,/6YmeO4pB7XTh8P8F960O1uA14JO.jpg
The Butterfly Effect,-0.5443350171049436,-0.06313503682613372,0.23333460688591,0.3275164842605591,-0.11776217818260193,-0.14610743522644043,/ea5iv7TWMh18fOKoRGgmtcg85Gx.jpg
Neighbors,-0.2164402542103614,-0.025113552808761597,0.03609025478363037,0.09566028416156769,-0.09482534229755402,0.2627526938915253,/sN1RU08CMi8xkRIibremh3AOdgw.jpg
Back to the Future Part III,-0.07462351073821383,0.12676962614059448,0.09049634635448456,0.04517483711242676,-0.03226584196090698,0.16502563357353212,/crzoVQnMzIrRfHtQw0tLBirNfVg.jpg
Braveheart,-0.6622837021946907,0.1320225313305855,0.23283562958240508,0.1814641892910004,-0.05904178619384766,-0.06614352762699127,/or1gBugydmjToAEq7OZY0owwFk.jpg
Fantastic Four: Rise of the Silver Surfer,0.6337820492684841,0.5443085253238678,0.06665149629116059,0.3773674964904785,-0.08112845420837403,0.024282206296920777,/1rxTraSO45jbvTrCeSvJ6RmOu1b.jpg
Chappie,-0.6011962860357016,0.3036084651947022,0.16201189756393433,0.13395101875066756,-0.2032654643058777,0.002273738384246826,/uuDUpzlMFomdSfNWlpEPS9nVZWV.jpg
The Maze Runner,-0.3567241862416267,0.2920480847358704,0.07777785062789917,0.554850485920906,-0.37187336087226863,-0.10694588720798492,/ode14q7WtDugFDp78fo9lCsmay9.jpg
Zombieland,-0.46643966846168045,0.08439792543649674,0.4133119940757751,0.2974492281675339,-0.22921226024627686,0.22317751049995424,/dUkAmAyPVqubSBNRjRqCgHggZcK.jpg
Death Proof,-0.7538957957178354,0.4033429458737373,0.24453819543123245,0.5758306086063385,-0.3438892245292664,0.14171353578567505,/vtu6H4NWnQVqEp3aanUq3hNeeot.jpg
(500) Days of Summer,0.17482809387147427,-0.10265619158744813,-0.035771578550338745,0.21551510095596316,0.3987962543964386,0.21694256067276002,/qXAuQ9hF30sQRsXf40OfRVl0MJZ.jpg
Lara Croft: Tomb Raider,-0.4973070383071899,0.38319178521633146,0.044488221406936646,0.17270493805408477,-0.20279789566993714,-0.06305627524852753,/sJpl1EfHGZhbKtZ3fWTlwrpM1tH.jpg
Avatar,-0.2935575818022092,0.3933603823184967,-0.0604591578245163,0.18795845210552214,0.00418612957000733,-0.051143497228622437,/gKY6q7SjCkAU6FqvqWybDYgUKIF.jpg
"Love, Rosie",0.07451327666640284,-0.06964836120605469,-0.026237785816192627,0.2188845068216324,0.5526261925697327,0.2197398364543915,/8Mf9GgyNv5jjLAAPGsom9skH2Du.jpg
Crimson Peak,-0.20555040836334226,-0.04290352016687393,0.3242607742547989,0.3480165332555771,0.01617109775543213,-0.12215900421142578,/f9TOb5anVwZeSbYjU1qNxPk3KUk.jpg
Training Day,-0.44463043859494583,0.21150315999984745,0.10676590204238892,0.18583256900310519,-0.11781218647956848,0.04102042317390442,/bUeiwBQdupBLQthMCHKV7zv56uv.jpg
Despicable Me,0.3723544738122395,0.10172589421272278,-0.08152154684066773,0.1228453665971756,0.0891712248325348,0.23643466949462894,/9lOloREsAhBu0pEtU0BgeR1rHyo.jpg
The Man from U.N.C.L.E.,-0.11982286274433135,0.43383819460868833,0.042459696531295776,0.14379199147224425,-0.2624244749546051,0.174468931555748,/y5yZaForGSJbPD66Cvq9AT5WMAD.jpg
"I, Robot",-0.6953087511161963,0.15337195694446565,0.16147121787071228,0.17497027218341826,-0.2101980209350586,-0.08858495950698853,/efwv6F2lGaghjPpBRSINHtoEiZB.jpg
The Book of Eli,-0.039922796189785004,0.3262498259544373,0.058171126246452334,0.30805152654647827,-0.2112038254737854,-0.05140754580497742,/1H1y9ZiqNFaLgQiRDDZLA55PviW.jpg
TRON: Legacy,-0.49918852746486664,0.4585370182991028,0.0482216477394104,0.2193839132785797,-0.07558378577232361,-0.08778885006904602,/vuifSABRpSnxCAOxEnWpNbZSXpp.jpg
The Imitation Game,-0.16228840351104737,0.12755914330482482,0.171413978934288,0.419521051645279,-0.08612127304077148,-0.1755281686782837,/zSqJ1qFq8NXFfi7JeIYMlzyR0dx.jpg
National Treasure,-0.5315107617061585,0.4760110273957252,0.010218727588653567,0.6526246175169945,-0.23098316073417666,-0.03458021581172943,/pxL6E4GBOPUG6CdkO9cUQN5VMwI.jpg
Ratatouille,0.11992643475532533,-0.03499550372362137,0.04675800502300262,0.094206303358078,0.07780296504497529,0.16619801223278047,/t3vaWRPSf6WjDSamIkKDs1iQWna.jpg
Predestination,-0.2567025303840637,0.32809988856315614,0.09755909740924835,0.4047786355018616,-0.33995471000671384,-0.09077862977981567,/38Xr1JnV1ZcLQ55zmdSp6n475cZ.jpg
Spectre,-0.10837736940727784,0.4983527779579162,0.05535041093826294,0.3158247470855713,-0.20711244344711305,0.017050623893737793,/zj8ongFhtWNsVlfjOGo8pSr7PQg.jpg
Dead Poets Society,-0.35667601699630425,-0.16627903878688813,0.007782340049743652,0.11662729680538178,0.025920277833938604,0.014686629176139832,/l5NbiHKUmahlAT3Q1ig8Tyl9xrc.jpg
Kingsman: The Secret Service,0.11885634117892811,0.5595932632684708,0.03895537555217743,0.28760806918144227,-0.011170446872711182,0.22693756341934204,/r6q9wZK5a2K51KFj4LWVID6Ja1r.jpg
Inferno,-0.18773320317268372,0.2626700580120087,0.15687188804149627,0.5200394213199616,-0.2783948004245758,-0.09336578845977783,/cnqvFvjAaV28F1tU7986VVg0WP7.jpg
X-Men Origins: Wolverine,-0.39353804880132276,0.40662907660007475,0.13180169463157654,0.165088514983654,-0.16250518560409546,-0.09658196568489075,/yj8LbTju1p7CUJg7US2unSBk33s.jpg
Batman v Superman: Dawn of Justice,-0.763627365231514,0.4466980159282684,-0.04934745132923127,0.23924298882484435,-0.19692261517047882,-0.06214824318885803,/5UsK3grJvtQrtzEgqNlDljJW96w.jpg
American Pie,-0.36579550455013915,-0.008973672986030579,-0.04557222127914429,0.10994692444801331,0.2243513286113739,0.2830754041671753,/5P68by2Thn8wHAziyWGEw2O7hco.jpg
Gone Girl,-0.9794301491230726,0.007956773042678833,0.09427076876163483,0.6888695359230042,0.051134318113327026,-0.05060082674026489,/ts996lKsxvjkO2yiYG0ht4qAicO.jpg
The Breakfast Club,0.04151966373125712,-0.07599628567695618,-0.0029169321060180664,0.10370043516159058,0.06479006111621857,0.13915776908397676,/wM9ErA8UVdcce5P4oefQinN8VVV.jpg
Rush Hour,0.01271220147609714,0.2936579942703247,0.18531767129898072,0.3432607293128967,-0.2508601605892181,0.328444916009903,/nwPhAsfnb7f46bZkWLG7IRP5HXr.jpg
Minions,0.26669409573078157,0.24601246118545533,0.10568693280220032,0.23749666512012482,-0.08747933506965637,0.14545248568058017,/dr02BdCNAUPVU07aOodwPYv6HCf.jpg
L.A. Confidential,-0.7034841692696014,0.11230056583881379,0.22012596726417544,0.8128172993659973,-0.12528669238090515,-0.029686346650123596,/lWCgf5sD5FpMljjpkRhcC8pXcch.jpg
Orphan,-0.40920166138093916,0.1279807336628437,0.3265810638666153,0.3281355947256088,-0.14286450743675233,-0.1173456609249115,/lCGpOgoTOGLtZnBiGY9HRg5Xnjd.jpg
Ted 2,-0.67717768503353,-0.05403833091259003,0.008265286684036255,0.1379060447216034,-0.02596910297870636,0.14417628645896913,/38C91I7Xft0gyY7BITm8i4yvuRb.jpg
Saw II,-0.1678741124769052,0.06548122316598892,0.2477569803595543,0.17989336252212523,-0.2435949206352234,0.013071894645690918,/gTnaTysN8HsvVQqTRUh8m35mmUA.jpg
Fifty Shades of Grey,-0.11107693910598755,0.010002121329307556,0.093154376745224,0.42137063890695575,0.17518868148326874,-0.11855754256248474,/63kGofUkt1Mx0SIL4XI4Z5AoSgt.jpg
Indiana Jones and the Kingdom of the Crystal Skull,-0.01927093168099721,0.41379197537899015,-0.06016873419284821,0.13636897802352904,-0.03037559986114502,-0.07102301716804504,/56As6XEM1flWvprX4LgkPl8ii4K.jpg
The Terminator,-0.5301587656140327,0.3074914395809174,0.13815684914588927,0.4197390079498291,-0.320181143283844,-0.1449955254793167,/hzXSE66v6KthZ8nPoLZmsi2G05j.jpg
Pirates of the Caribbean: The Curse of the Black Pearl,-0.6250212519429624,0.5103574246168137,0.07687029242515564,0.29293513894081114,-0.12342465519905091,-0.02677795767784118,/kvDwL2gTf6yxujbsWbsGQB3Z9Wa.jpg
The Fault in Our Stars,0.2752170264720917,-0.22145881354808808,-0.09673133492469788,0.25171960294246676,0.3551160275936127,-0.05982908606529236,/kcVuktIlrn9SAN1uBmPDnocTQmF.jpg
Sausage Party,0.06928993463516236,0.21860381364822387,0.011978358030319214,0.07228988409042358,-0.020339801907539368,0.2499221682548523,/vNgdPJQ5CI60oEiiHLKRNrsDhMy.jpg
Scott Pilgrim vs. the World,-0.10966224397222202,0.16702545881271363,0.028331145644187927,0.2280795335769653,0.1169314444065094,0.17488290071487428,/g5IoYeudx9XBEfwNL0fHvSckLBz.jpg
Non-Stop,-0.5336012095212936,0.3312109291553498,0.1470061421394348,0.5636266067624092,-0.31247920989990235,0.07003919780254364,/Nkgaj3X0W2jHQ1TzHEgWFpN3kJ.jpg
Cloudy with a Chance of Meatballs,-0.09205392841249702,-0.07023591548204422,-0.06826863288879395,0.02437421679496765,-0.027151075005531308,0.21830385625362397,/qhOhIKf7QEyQ5dMrRUqs5eTX1Oq.jpg
Law Abiding Citizen,-0.7039829264036738,0.08414794355630875,0.14222674965858462,0.42758281826972966,-0.08830434083938599,-0.06145796179771423,/fcEXcip7v0O1ndV4VUdFqJSqbOg.jpg
Fury,-0.379140368103981,0.2873558044433594,0.3499570429325104,0.30528582036495205,-0.1982553482055664,-0.07021757960319519,/pfte7wdMobMF4CVHuOxyu6oqeeA.jpg
The Blind Side,0.1014715547983845,-0.11797708868980408,-0.016593828797340393,0.11932381093502045,0.0670918881893158,0.07832880318164825,/bMgq7VBriuBFknXEe9E9pVBYGZq.jpg
The Interview,-0.17360367029905316,0.31671143770217897,0.07122130990028382,0.15001426935195922,-0.3078653186559677,0.21960581541061402,/tIDC4xT65l7a8qbgg8GvwD5g8c5.jpg
The Cabin in the Woods,-0.3845332186669111,-0.044028833508491516,0.31751735508441925,0.31139111518859863,-0.20464413464069367,0.013041940331459057,/zZZe5wn0udlhMtdlDjN4NB72R6e.jpg
Space Jam,0.03240655822058522,0.0400670126080513,0.03092755377292633,0.09393905848264694,-0.035798338055610654,0.388595524430275,/4RN5El3Pj2W4gpwgiAGLVfSJv2g.jpg
The Town,-0.4821614655451133,0.1135672613978386,0.19252719879150393,0.39067791700363164,-0.09001646935939789,-0.05153976380825043,/3NIzyXkfylsjflRKSz8Fts3lXzm.jpg
Kick-Ass,0.07986997663974763,0.3224310040473938,0.020376920700073242,0.06537947356700897,-0.08232985436916351,0.08891900479793549,/iHMbrTHJwocsNvo5murCBw0CwTo.jpg
Stand by Me,0.03651444613933563,-0.05101107060909271,0.1264953225851059,0.12400046586990357,0.08456376791000367,-0.048326775431632996,/vz0w9BSehcqjDcJOjRaCk7fgJe7.jpg
Sucker Punch,-0.2661469176411629,0.29443101882934575,0.11552238762378693,0.47707832455635074,-0.3097661256790161,-0.1556606888771057,/jtaUDnvIiHUd2ranDcjB5AbPx6o.jpg
The Godfather,-0.47074558312694237,0.053177572786808014,0.17933618128299714,0.18677269518375397,0.18744821548461915,-0.06587579846382141,/3bhkrj58Vtu7enYsRolD1fZdja1.jpg
Paranormal Activity,-0.36932530626654625,0.08512619733810425,0.4533544838428497,0.5089414089918136,-0.17605524361133576,-0.08699773252010345,/tmclkEpjeo4Zu564gf3KrwIOuKw.jpg
The Purge: Anarchy,-0.8165322262793779,0.1588224232196808,0.4825646311044693,0.4615597724914551,-0.36354881227016445,-0.028663158416748047,/qwqHHZLZSUvMkAMQ47ymtfjEifY.jpg
Spy,-0.5297734633088111,0.44920933842658994,0.18675495088100436,0.23787433505058286,-0.30026217401027677,0.1798215985298157,/vPBmfMHxQvRRNGYD5S5ko2KnX56.jpg
Kill Bill: Vol. 1,-0.647292510047555,0.35291526019573216,0.21361861228942872,0.20997840464115142,-0.09986675381660462,-0.11029662191867828,/v7TaX8kXMXs5yFFGR41guUDNcnB.jpg
The Godfather Part II,-0.1121424026787281,0.22812749147415162,0.06515680253505707,0.2780427753925323,0.1531485438346863,0.03342125654220581,/hek3koDUyRQk7FIhPXsa6mT2Zc3.jpg
The Twilight Saga: Eclipse,-0.24233011901378632,0.14175502508878707,-0.0009652137756347712,0.3507379531860351,0.5528541803359985,-0.1745416820049286,/dK4Gi1UdMiHzHc7r7CZQG4IQ9Sr.jpg
Lucy,0.1363433599472046,0.18861029744148256,0.018654261529445645,0.19107007086277006,-0.03189091384410858,-0.022300586104393005,/kRbpUTRNm6QbLQFPFWUcNC4czEm.jpg
Alice Through the Looking Glass,-0.4480358332395553,0.13324117064476013,0.15405813455581666,0.1787777692079544,-0.20573257803916933,-0.07833313941955566,/kbGamUkYfgKIYIrU8kW5oc0NatZ.jpg
The Godfather Part III,-0.685734037309885,0.04767627120018006,0.27195548713207246,0.5137066453695298,-0.04186880588531494,-0.21130642294883728,/lm3pQ2QoQ16pextRsmnUbG2onES.jpg
The Babadook,-1.1371604895219207,-0.046827498078346255,0.4299461871385574,0.4260523617267608,-0.03276902437210083,-0.2542688846588135,/qt3fqapeo94TfvMyld8P7gkpXLz.jpg
Nightcrawler,-0.1578978031873703,0.12057845890522004,0.2593873977661133,0.42176099419593815,-0.16338592767715454,-0.09669269621372223,/j9HrX8f7GbZQm1BrBiR40uFQZSb.jpg
The Avengers,-0.02000370469282974,0.4304095864295959,0.01738053560256958,0.09803481698036194,-0.11550200581550599,0.017905935645103455,/RYMX2wcKCBAr24UyPD7xwmjaTn.jpg
Whiplash,0.06126762423664331,-0.007355056703090668,0.024412184953689575,0.2752207815647125,0.1125450086593628,-0.009561281204223632,/7fn624j5lj3xTme2SgiLCeuedmO.jpg
The Chronicles of Narnia: Prince Caspian,-0.5675777391841015,0.11822252869606018,0.10252407193183899,0.09594546258449554,0.030667471885681155,-0.18351206183433533,/qxz3WIyjZiSKUhaTIEJ3c1GcC9z.jpg
John Wick,-0.5166961451371511,0.39649002552032475,0.2111456274986267,0.44334469735622406,-0.250222784280777,-0.09099701046943665,/fZPSd91yGE9fCcCe6OoQr6E3Bev.jpg
X-Men: Apocalypse,0.06989707549413045,0.4039783388376236,-0.1028361737728119,0.21874614357948302,-0.035672673583030695,-0.1320107877254486,/ikA8UhYdTGpqbatFa93nIf6noSr.jpg
The Princess Bride,0.16497081518173218,0.1513951912522316,-0.044218739867210394,0.2673571273684502,0.402524745464325,0.14823646962642673,/2FC9L9MrjBoGHYjYZjdWQdopVYb.jpg
The Bourne Identity,-0.6248576180078089,0.22786999195814134,0.0935204803943634,0.6645572066307068,-0.12362042665481568,-0.06340737640857697,/aP8swke3gmowbkfZ6lmNidu0y9p.jpg
The Bourne Supremacy,-0.7000971293697754,0.20013728439807893,0.08332211077213288,0.515293112397194,-0.18034871518611909,-0.12974949181079865,/7IYGiDrquvX3q7e9PV6Pejs6b2g.jpg
The Bourne Ultimatum,-0.32807253301143646,0.2617466598749161,0.13540888130664824,0.7765467524528502,-0.21720505356788636,-0.11876493692398071,/15rMz5MRXFp7CP4VxhjYw4y0FUn.jpg
Annabelle,-0.4208019926611866,0.1393609404563904,0.3554489016532898,0.24987522363662718,-0.10254327058792115,-0.10010921537876129,/yLsuU2P2SpDYFwtZQ7dtfVAf6TE.jpg
Ghost,-0.7191094942390919,-0.03896923363208771,0.14115469455718993,0.7024723023176194,0.5706237554550171,-0.16565796732902527,/w9RaPHov8oM5cnzeE27isnFMsvS.jpg
Everest,0.009581014513969421,0.2003640115261078,0.16340644657611847,0.31608853340148924,0.011391437053680425,-0.12745250761508942,/2jKOu2bjpLP6NXJcm7Ep14bDGtA.jpg
King Kong,-0.3442890123153726,0.2913370653986931,-0.24317014515399935,0.27643863260746004,0.34459491372108464,-0.11763544380664825,/6a2HY6UmD7XiDD3NokgaBAXEsD2.jpg
San Andreas,-0.669190738350153,0.27071107625961305,0.05208540260791779,0.442586413025856,-0.07189514338970185,-0.07260501384735107,/2Gfjn962aaFSD6eST6QU3oLDZTo.jpg
The Lobster,-0.443561378121376,-0.016824069619178775,0.10597357749938965,0.3996757373213768,0.3407021045684815,0.13255469202995301,/7Y9ILV1unpW9mLpGcqyGQU72LUy.jpg
Pitch Perfect 2,0.006200621649622928,0.0699232816696167,0.01876392960548401,0.15226422250270844,0.019530072808265686,0.1558297395706177,/oFBQUufCV4c8WZoNhtGM17p884H.jpg
Focus,-0.20650333575904367,0.05829975605010987,0.1272645950317383,0.14985265135765075,0.23098058700561525,0.20620394945144654,/lOzGWjceYTd0kd5HyX7Ch46O9kh.jpg
The Aviator,-0.16269495391419955,0.008108814060688016,0.08807413578033448,0.2861290618777275,0.0991094321012497,0.016748592257499695,/lx4kWcZc3o9PaNxlQpEJZM17XUI.jpg
The Intern,0.22662943331524732,0.03171420842409134,-0.2387476831674576,-0.02234463393688202,0.030968008935451513,0.3019839569926262,/bTQ46fupPbjBfFBHuzfD3hxxL0Q.jpg
Pixels,0.2668050264318784,0.2953183546662331,-0.12828387171030045,0.14316810965538024,-0.13365130126476288,0.18396804183721543,/d26S5EfVXLNxRXqyFy1yyl3qRq3.jpg
The Legend of Tarzan,-0.259533176664263,0.33545526433736084,-0.019867196679115295,0.1154226839542389,-0.11527073979377747,-0.049714140594005585,/eJrfz178xBGlxjDGxnBXTzWWa4w.jpg
Fantastic Beasts and Where to Find Them,-0.5433050952851772,0.12082871198654174,0.05149888396263122,0.21431797742843628,-0.029964560270309443,-0.16917544603347778,/fLsaFKExQt05yqjoAvKsmOMYvJR.jpg
The Conjuring 2,-0.8113630022853613,0.002027951180934906,0.34320080280303955,0.2173532724380493,-0.18576792478561402,-0.17544901371002197,/zEqyD0SBt6HL7W9JQoWwtd5Do1T.jpg
Taken 3,-1.1327152110636234,0.334989270567894,0.12137309908866882,0.6289191365242004,-0.23080042600631714,-0.09702809154987335,/vzvMXMypMq7ieDofKThsxjHj9hn.jpg
Incredibles 2,-0.4880081645833949,0.37095550298690794,-0.041615730524063116,0.20747499465942382,-0.039528694748878476,-0.07554700970649719,/9lFKBtaVIhP7E2Pk0IY1CwTKTMZ.jpg
Cars 3,0.4590209007263184,0.09938871264457702,0.02201056480407715,0.15464141964912415,-0.12458796501159668,0.15260608196258546,/fyy1nDC8wm553FCiBDojkJmKLCs.jpg
Insurgent,-0.29494332149624825,0.3187914520502091,0.04765908718109131,0.4264955222606659,-0.3311938464641571,-0.061345174908638,/dP5Fb6YRfzmCQtRbHOr2kO7tJW9.jpg
Allegiant,-0.5544769610278308,0.38258100152015684,0.018235668540000916,0.41606591641902924,-0.19381487965583802,-0.09749412536621094,/faq9JlF8znUGQ5p3En1W61Fi5p0.jpg
Logan,-0.26543575190007684,0.09286739528179169,-0.052306255698204046,0.23298585563898086,0.02597839236259461,-0.07048971951007843,/fnbjcRDYn6YviCcePDnGdyAkYsB.jpg
Room,0.04726012852042913,0.06941795349121094,0.11413798034191132,0.39414818882942204,-0.0004518181085586548,-0.0651060938835144,/2hHDMeYyZjbGWn0BeNH1cTMxuM7.jpg
Ex Machina,0.09903259575366974,-0.052987596392631536,-0.01736992597579956,0.13791709244251252,-0.02034922838211059,0.04167935252189636,/dmJW8IAKHKxFNiUnoDR7JfsK7Rp.jpg
The Game,-0.45034660026431084,0.11607572212815286,0.18535078167915342,0.6772417664527893,-0.0718245655298233,0.004782904386520386,/4UOa079915QjiTA2u5hT2yKVgUu.jpg
The Blair Witch Project,-0.6413934983313083,0.04618266522884369,0.26752850115299226,0.47030148506164554,-0.12955926358699799,-0.21360501646995544,/9050VGrYjYrEjpOvDZVAngLbg1f.jpg
Sleepy Hollow,-0.32197704911231995,-0.11607577800750732,0.4353892385959625,0.5232448399066926,-0.2830436646938324,-0.11628144979476929,/1GuK965FLJxqUw9fd1pmvjbFAlv.jpg
The Theory of Everything,-0.1509187618891398,-0.09422775208950043,0.02849447727203369,0.16561410725116732,0.2805628806352616,-0.0539948046207428,/kJuL37NTE51zVP3eG5aGMyKAIlh.jpg
Signs,-1.002172480802983,0.018838856369256973,0.08339187800884247,0.7838967263698577,-0.07347753226757049,-0.07936189323663712,/YtrIdrTxpRhvCnlw43dwOjfLqx.jpg
London Has Fallen,-0.8163879355415702,0.4410394608974457,0.22511682510375974,0.5334457635879517,-0.2889367163181305,-0.23668433725833893,/iEbLkYzyiUdOKNK4WNBFyGH7r2Y.jpg
Batman,-0.3775966423563659,0.3200392305850983,0.17074787616729736,0.20034949779510497,-0.1294136941432953,-0.05157417058944702,/oYWUsIVoMl2H6Xl3FTBi9R9Y4OS.jpg
Pacific Rim: Uprising,-0.1995998565107584,0.3591339349746704,-0.1766037166118622,0.1553742542862892,-0.003013709187507624,-0.013191446661949158,/nFWhttU8PM50t25NPdy7PE7rv3G.jpg
Zootopia,-0.133101537823677,0.1452746331691742,0.0230628103017807,0.1746341645717621,-0.11764423251152038,0.23051412105560304,/hlK0e0wAQ3VLuJcsfIYPvb4JVud.jpg
The Sorcerer's Apprentice,-0.19366473952929178,0.34200735986232755,0.0540337860584259,0.18894011080265044,-0.12276811897754669,-0.020160019397735596,/b5pIUsGll0418NyfNA5eYCI9aoK.jpg
It Follows,-0.4892049487680197,-0.013501554727554321,0.19073506593704223,0.29139894247055054,-0.008974015712738037,-0.10260222852230072,/iwnQ1JH1wdWrGYkgWySptJ5284A.jpg
Captain America: Civil War,-0.6841835131247839,0.5018089324235917,-0.014965832233428955,0.22955589294433593,-0.25431731939315794,-0.06468271464109421,/rAGiXaUfPzY7CDEyNKUofk3Kw2e.jpg
Batman Begins,-0.7882929715017477,0.29306596517562866,0.05231363773345947,0.4075325280427932,0.1389343321323395,-0.06842587888240814,/sPX89Td70IDDjVr85jdSBb4rWGr.jpg
Inception,-0.49484396119202884,0.3418816089630127,0.042744025588035583,0.16596548557281493,-0.23657018542289734,0.007533937692642212,/xlaY2zyzMfkhk0HSC5VUwzoZPU1.jpg
The Hateful Eight,-0.3640205497720412,-0.07644726932048798,0.025665611028671265,0.5166108846664429,0.057702130079269415,-0.04568886756896973,/jIywvdPjia2t3eKYbjVTcwBQlG8.jpg
Sicario,-0.5306596160400658,0.4552431344985962,0.14944581836462023,0.3761660486459732,-0.28292200416326524,-0.04980921745300293,/lz8vNyXeidqqOdJW9ZjnDAMb5Vr.jpg
The Silence of the Lambs,-0.31736782647203654,0.1056588500738144,0.22447052001953127,0.36393459439277653,-0.04720783233642578,-0.05831436812877655,/uS9m8OBk1A8eM9I042bx8XXpqAq.jpg
Geostorm,-0.7865012660622597,0.34264052212238316,0.061962205171585086,0.37703579664230347,-0.37548434436321254,-0.0037715137004852295,/nrsx0jEaBgXq4PWo7SooSnYJTv.jpg
King Arthur: Legend of the Sword,-0.4062680892335872,0.15003689229488373,-0.11050940155982972,0.22256686687469485,0.09236689507961274,-0.10670445114374161,/9kKXH6eJpzoFGhCbTN3FVwSQK3n.jpg
Passengers,-0.6196755364537239,-0.08087921738624573,0.11812875419855118,0.33107972145080566,0.06818035542964937,-0.19214455783367157,/jK9S6HANSf2no64v1x1HxfcpmcA.jpg
Fargo,-0.317461596429348,0.12284476459026338,0.16974579691886904,0.4458783149719239,-0.05645860731601715,0.009829705953598028,/rt7cpEr1uP6RTZykBFhBTcRaKvG.jpg
Salt,-0.5407242770927648,0.35527536571025853,0.09259836673736573,0.5449324518442153,-0.2740441381931305,-0.0025310665369033813,/kqeIJG7VjwkcTR26QHg8D01x8yI.jpg
The Expendables,-0.45311348885297775,0.4400425672531128,0.117351832985878,0.39608487486839294,-0.3279466152191162,-0.12935346364974976,/j09ZkH6R4JWVylBcDai1laCmGw7.jpg
Underworld,-0.5481979548931122,0.2900354444980622,0.09208388328552246,0.45859868824481964,-0.032282754778862,-0.20992295444011688,/zsnQ41UZ3jo1wEeemF0eA9cAIU0.jpg
American Pie 2,0.5949327164640029,0.04264381527900696,0.015981540083885193,0.12507410645484923,0.14715550541877748,0.18710048198699952,/854ZZxXdeabAs90mrV72NqShJqR.jpg
Moana,-0.029438888529936452,0.08974322080612182,0.07202999591827393,0.1816459059715271,0.10204445123672486,0.1365922659635544,/9tzN8sPbyod2dsa0lwuvrwBDWra.jpg
The Shawshank Redemption,-0.213348913192749,-0.005816802382469177,0.10574236512184143,0.38407871723175047,0.019977992773056036,-0.21828463673591614,/9cqNxx0GxF0bflZmeSMuL5tnGzr.jpg
The Jungle Book,0.07422155737876893,0.22276179641485214,0.07848329842090607,0.1580660194158554,-0.05500386357307434,-0.08741016685962677,/2Epx7F9X7DrFptn4seqn4mzBVks.jpg
Apocalypse Now,-0.3336454026711484,0.05045398026704788,0.2209801495075226,0.22611772418022155,-0.04143786877393722,0.010962501168251038,/gQB8Y5RCMkv2zwzFHbUJX3kAhvA.jpg
Terminator 2: Judgment Day,-0.4919722932080428,0.36597393751144414,0.021616910398006436,0.38765093982219695,-0.2346280872821808,-0.08304665982723236,/jFTVD4XoWQTcg7wdyJKa8PEds5q.jpg
War for the Planet of the Apes,-0.722519850730896,-0.013531650602817538,0.22818587124347686,0.2991501003503799,-0.011688840389251706,-0.18647757172584534,/mMA1qhBFgZX8O36qPPTC016kQl1.jpg
Hachi: A Dog's Tale,-0.23102456033229826,-0.16000091880559922,0.0037570446729660034,0.17514163851737977,0.15187605619430544,0.00350189208984375,/lsy3aEsEfYIHdLRk4dontZ4s85h.jpg
The Revenant,-0.7895077422261237,0.048555585741996754,-0.04323733448982239,0.3096532940864563,0.12005854845046998,-0.060960352420806885,/ji3ecJphATlVgWNY0B0RVXZizdf.jpg
The Mummy,-0.39574350719340146,0.5434288188815117,0.3727371126413345,0.4659382164478302,-0.3264220535755158,-0.10205350399017334,/zxkY8byBnCsXodEYpK8tmwEGXBI.jpg
Miss Peregrine's Home for Peculiar Children,-0.026788042485713953,0.07704911679029464,-0.00701016783714295,0.27681144177913664,0.16705361008644104,-0.08318117260932922,/CIlbMFOfYDj0MP23hsIYhFGrL6.jpg
Guardians of the Galaxy Vol. 2,-0.2512209794173638,0.4168660998344421,0.0322020947933197,0.23834854662418364,-0.16838922202587128,-0.12110632658004761,/y4MBh0EjBlMuOzv9axM4qJlmhzz.jpg
Doctor Strange,-0.14047105610370636,0.4829102218151093,0.025719404220581055,0.17892356514930724,-0.3015006840229034,-0.05607408285140991,/xf8PbyQcR5ucXErmZNzdKR0s8ya.jpg
Thor: Ragnarok,-0.43295406103134154,0.49414215087890623,0.02584242820739746,0.2611622095108032,-0.2060069501399994,0.11581387817859651,/rzRwTcFvttcN1ZpX2xv4j3tSdJu.jpg
Black Panther,-0.27406997171541053,0.42755541801452634,0.07140375673770905,0.18108257949352263,-0.1884782373905182,-0.045214176177978516,/uxzzxijgPIY7slzFvMotPv8wjKA.jpg
Pirates of the Caribbean: At World's End,-0.10698035508394241,0.38552346229553225,-0.08680981993675232,0.20681605041027068,0.05531487464904786,-0.08923761129379272,/jGWpG4YhpQwVmjyHEGkxEkeRf0S.jpg
The Martian,-0.2607965059578419,0.04200692772865294,0.05027693510055542,0.1986955314874649,0.016018903255462652,-0.038966983556747437,/3ndAx3weG6KDkJIRMCi5vXX6Dyb.jpg
Paper Towns,0.03958524068196615,-0.16565225124359131,-0.03488618731498719,0.5536947071552277,0.5405439138412476,-0.03914283215999603,/eoF6wYVj1vbrCWjL0rBkdZpgrxS.jpg
Shazam!,0.04455841034650804,0.2323355868458748,0.052351295948028564,0.16240647733211516,-0.17721097767353058,0.16579064428806306,/xnopI5Xtky18MPhK40cZAGAOVeV.jpg
Casablanca,-0.6465598493814468,-0.15321656167507172,0.08818027377128601,0.24504814445972445,0.4180727243423462,-0.06600844860076904,/lGCEKlJo2CnWydQj7aamY7s1S7Q.jpg
The Nice Guys,-0.16579736173152926,0.30045898854732517,0.11888765394687653,0.20752805620431902,-0.11549345254898072,0.26135988831520085,/clq4So9spa9cXk3MZy2iMdqkxP2.jpg
The Huntsman: Winter's War,-0.6228504851460457,0.293303906917572,-0.07767633795738221,0.33725720047950747,0.24406794905662538,-0.14548920094966888,/ekHPrneEoa1EoDclWdillOKznqM.jpg
The Addams Family,-0.11211162507534028,0.10564325749874115,0.17936362624168395,0.32171648144721987,-0.06022762835025787,0.13563419580459596,/qFf8anju5f2epI0my8RdwwIXFIP.jpg
Terminator: Dark Fate,-0.06721697375178337,0.5067918196320533,0.03584961891174317,0.38769666850566864,-0.2833339095115662,-0.051173679530620575,/vqzNJRH4YyquRiWxCCOH0aXggHI.jpg
Now You See Me 2,-0.28334090411663054,0.3055465966463089,0.15207462906837466,0.33184701204299927,-0.2384515166282654,0.03166291117668152,/A81kDB6a1K86YLlcOtZB27jriJh.jpg
Kong: Skull Island,0.14561500102281572,0.4354081809520721,-0.2374934807419777,0.15278280079364776,0.12461504042148591,-0.06818544864654541,/r2517Vz9EhDhj88qwbDVj8DCRZN.jpg
Deadpool,-0.42531033903360366,0.33770073056221006,0.06661435961723328,0.19641711115837096,-0.19424042701721192,0.08701847195625306,/3E53WEZJqP6aM84D8CckXx4pIHw.jpg
The Age of Adaline,0.2708399333059788,-0.1655421018600464,0.029921770095825195,0.22436522841453554,0.4320217609405518,-0.035455793142318726,/MbILysGhjAbnZi1Okae9wYqLMx.jpg
Maze Runner: The Scorch Trials,-0.2817412205040455,0.46787263154983527,0.1289729058742523,0.3910045623779297,-0.31574509739875795,-0.10689625144004822,/mYw7ZyejqSCPFlrT2jHZOESZDU3.jpg
The Boss Baby,0.1812039241194725,-0.009450837969779968,0.03733985126018524,0.08119559288024902,-0.0071669340133666964,0.2401880592107773,/unPB1iyEeTBcKiLg8W083rlViFH.jpg
Terminator 3: Rise of the Machines,-0.5022086726708545,0.40205782949924473,0.07044693380594254,0.37967145442962646,-0.33093917071819307,-0.04255276918411255,/vvevzdYIrk2636maNW4qeWmlPFG.jpg
Me Before You,-0.6172746950494391,-0.16343934684991837,0.003811582922935486,0.15795441865921023,0.3865510612726212,0.03340841829776764,/Ia3dzj5LnCj1ZBdlVeJrbKJQxG.jpg
Bridge of Spies,-0.3480532703300317,0.14854592084884644,0.13428462594747542,0.4579128503799439,-0.09336008131504059,-0.017549902200698853,/fmOOjHAQzxr0c1sfcY4qkiSRBH6.jpg
Meet Joe Black,-0.15388768762350083,-0.03904596567153931,-0.168224436044693,0.20698786675930025,0.6234488546848298,-0.051944032311439514,/fDPAjvfPMomkKF7cMRmL5Anak61.jpg
Suicide Squad,-0.30392870322490734,0.38832773864269254,0.10021516680717468,0.17470293045043944,-0.16595472991466523,-0.03526926040649414,/sk3FZgh3sRrmr8vyhaitNobMcfh.jpg
Wonder Woman,-0.3601739928126335,0.4289730846881866,-0.16499940752983094,0.17268069386482238,0.05568794012069703,-0.11397650837898254,/v4ncgZjG2Zu8ZW5al1vIZTsSjqX.jpg
Aquaman,0.017665329575538638,0.4475188314914703,0.0009356290102005005,0.27137120962142947,-0.12132607996463776,-0.10060666501522064,/ufl63EFcc5XpByEV2Ecdw6WJZAI.jpg
Ocean's Thirteen,-0.5576138577113549,0.30441798567771916,0.12737091779708865,0.36004192382097244,-0.11312460005283356,-0.006906386017799377,/pBsZs4zYUiUTemqbikTZ76iQRaU.jpg
The Visit,0.21244596242904662,0.11359529048204423,0.32251431345939635,0.38138679265975955,-0.27368098199367524,-0.08340978622436523,/hDrToKMpKYTdwdpOhshL8ko6WVp.jpg
Avengers: Endgame,-0.19374990711609522,0.4225513100624084,0.06576406955718994,0.1852638006210327,-0.1694309026002884,-0.023308217525482178,/bR8ISy1O9XQxqiy0fQFw2BX72RQ.jpg
Avengers: Infinity War,-0.40183083340525627,0.569242960214615,-0.08451650142669678,0.301334547996521,-0.1352623999118805,-0.11018115282058716,/7WsyChQLEftFiDOVTGkv3hFpyyt.jpg
Captain Marvel,0.05728921191766859,0.43029513359069826,-0.0837808907032013,0.0973838895559311,-0.004595920443534851,0.06770594835281372,/AtsgWhDnHTq68L0lLsUrCnM7TjG.jpg
The 5th Wave,-0.40939450543373823,0.3559993714094162,0.0842183381319046,0.249493408203125,-0.17114258408546448,-0.19452321529388428,/ja34BV577dtjWl2S5G1tB93IjYb.jpg
Annihilation,-1.1799927197396756,-0.014672644436359406,0.3707484930753708,0.30288435220718385,-0.21556531488895417,-0.10971073806285858,/4YRplSk6BhH6PRuE9gfyw9byUJ6.jpg
Don't Breathe,-0.7250516921281814,0.2347466915845871,0.3580492377281189,0.33694884181022644,-0.3226189732551575,-0.10879209637641907,/dSxHyPZ2nipSfvdft4IhQKjk5eZ.jpg
Toy Story 4,0.4435491740703583,0.09782795757055282,0.04547186195850372,0.062533438205719,0.0037529051303863553,0.18988470435142518,/w9kR8qbmQ01HwnvK4alvnQ2ca0L.jpg
Central Intelligence,0.06999034417363315,0.2377841155976057,-0.04491916298866272,0.12125937938690186,-0.1387239083647728,0.2731568378210068,/hXQVMbRNpf7c93e8clMY4W5DRm6.jpg
The Accountant,-0.585121488571167,0.15298016965389252,0.053951489925384524,0.42511526048183446,-0.060997033119201655,-0.03699629008769989,/fceheXB5fC4WrLVuWJ6OZv9FXYr.jpg
Ace Ventura: Pet Detective,-0.07267912961542605,0.19655426740646365,0.21028833985328677,0.40251198410987854,-0.08571925759315491,0.33505282104015355,/pqiRuETmuSybfnVZ7qyeoXhQyN1.jpg
The Danish Girl,-0.1802955035120249,-0.04449719041585923,-0.02357543259859085,0.1370479002594948,0.10374135375022889,-0.013976186513900757,/mXZZIacI5FC8thzSC0lgQBQ2uAX.jpg
Southpaw,-0.1956231677638633,0.0865260273218155,0.08310374617576599,0.23849740028381347,0.05694916844367981,-0.05327582359313965,/kSQ49Fi3NVTqGGXILmxV2T2pdkG.jpg
War Dogs,0.05985039323568345,0.02963094413280487,0.1594586580991745,0.16753932684659958,0.13370197117328644,0.14029659032821656,/mDcPRjZC1bb6LavFU3gwsWdVfCM.jpg
Bruce Almighty,-0.31714669987559313,0.0797102302312851,-0.060942181944847115,0.10599813610315323,0.3486381232738495,0.1326300621032715,/f0QqG14SZYYZcV4VWykVc5w13dz.jpg
The Witch,-0.5658739984035491,-0.033773916959762576,0.38042678236961364,0.4212132573127747,0.04424117803573609,-0.1733873039484024,/zap5hpFCWSvdWSuPGAQyjUv2wAC.jpg
The Founder,-0.25490350411696866,-0.05343814045190812,-0.04748447239398956,0.10328218936920167,0.033133348822593695,0.08815883845090866,/8gLIksu5ggdfBL1UbeTeonHquxl.jpg
Once Upon a Time in America,-0.6855720614393552,-0.07020178437232971,0.1050783097743988,0.21052384972572327,0.20477153062820436,-0.15418699383735657,/i0enkzsL5dPeneWnjl1fCWm6L7k.jpg
The Great Wall,0.17538723349571228,0.5396131336688995,-0.16884486079216005,0.3160331428050995,-0.015698024630546564,-0.11137701570987701,/p70dq1YxabemdZDm5K6Q8G10wSn.jpg
Creed,0.17466733744367957,0.13251975774765015,-0.0006345212459564209,0.21271111965179446,-0.053765371441841125,-0.01638542115688324,/1BfTsk5VWuw8FCocAhCyqnRbEzq.jpg
Gangs of New York,-0.797956719994545,-0.008631080389022827,0.27158564925193784,0.30848724246025083,-0.07082318663597106,-0.10371291637420654,/lemqKtcCuAano5aqrzxYiKC8kkn.jpg
La La Land,-0.30628353655338286,-0.03560158610343933,-0.12416035532951356,0.30464350134134294,0.47738593220710757,0.20225951194763184,/uDO8zWDhfWwoFdKS4fzkUJt0Rf0.jpg
Spotlight,-0.5253790281713009,-0.017499631643295294,0.1782809257507324,0.2962064564228058,-0.07462243735790253,-0.026336610317230225,/8DPGG400FgaFWaqcv11n8mRd2NG.jpg
Puss in Boots: The Last Wish,0.41196255832910533,0.14213807582855226,0.08712710738182068,0.19775137901306153,0.025493729114532473,0.18345500230789186,/kuf6dutpsT0vSVehic3EZIqkOBt.jpg
Spider-Man: Homecoming,0.20950501784682274,0.41333951652050016,0.05736968666315079,0.11668883562088013,-0.19200456738471985,0.021422356367111206,/c24sv2weTHPsmDa7jEMN0m2P3RT.jpg
Ghost in the Shell,-0.12171885956610952,0.15069056153297425,-0.047543025016784674,0.21366692483425143,-0.04185772836208343,-0.020008116960525513,/zCtL3UBgCoZzd7XTVGhvl6XY75E.jpg
The Greatest Showman,0.07056168019771576,-0.052171012759208685,0.05702093541622162,0.3887316912412644,0.03057271838188172,-0.019343793392181396,/b9CeobiihCx1uG1tpw8hXmpi7nm.jpg
The Purge: Election Year,-0.4708628204784223,0.2584419429302216,0.3055100321769714,0.3935104787349701,-0.35087080597877507,-0.036225467920303345,/gg7tlp45xqGWMra0sqQVPvybje2.jpg
Bambi,-0.08138426889975867,-0.10288468599319459,0.007695913314819336,0.14976274818181992,0.09294508546590806,0.06339846551418304,/wV9e2y4myJ4KMFsyFfWYcUOawyK.jpg
The Big Short,-0.45918557702430657,-0.12652668952941895,0.03230962157249451,0.17476022839546204,0.07611367702484131,0.15963002741336824,/scVEaJEwP8zUix8vgmMoJJ9Nq0w.jpg
Insomnia,-0.5222032696540867,0.014608143270015722,0.23251859247684478,0.39303405880928044,0.019272750616073614,-0.12982580065727234,/riVXh3EimGO0y5dgQxEWPRy5Itg.jpg
Dark Phoenix,-0.3227232093922794,0.3995592802762985,0.03125713765621185,0.20641643106937407,-0.15738550424575806,-0.07719293236732483,/cCTJPelKGLhALq3r51A9uMonxKj.jpg
Beauty and the Beast,0.22120019420981407,0.04862336069345474,0.06655256748199463,0.2717767596244812,0.3768257796764374,-0.004202783107757568,/hKegSKIDep2ewJWPUQD7u0KqFIp.jpg
Mystic River,-0.8783035099506378,0.10390243530273438,0.34690071642398834,0.8218902915716171,-0.13414438664913178,-0.07530884444713593,/hCHVDbo6XJGj3r2i4hVjKhE0GKF.jpg
John Wick: Chapter 2,-0.5134919211268425,0.3740927517414093,0.3208253920078278,0.4614734649658203,-0.3313801854848862,-0.11736831068992615,/hXWBc0ioZP3cN4zCu6SN3YHXZVO.jpg
Jason Bourne,-0.35899466276168823,0.48210642933845516,0.1644934594631195,0.40436840057373047,-0.31745209991931916,-0.09483134746551514,/xA7N41glw17MBQtcWSm2eBlBRuG.jpg
Hacksaw Ridge,0.09605817049741745,0.008441739529371259,0.16720555126667022,0.29440340846776963,-0.00018812417984008512,-0.014579936861991882,/wuz8TjCIWR2EVVMuEfBnQ1vuGS3.jpg
The Lego Batman Movie,0.16666157841682436,0.21545557379722596,-0.04814407825469971,0.09655125737190247,-0.052776885032653806,0.21620531082153321,/snGwr2gag4Fcgx2OGmH9otl6ofW.jpg
Despicable Me 3,-0.4899546809494496,0.2828086823225021,0.13425001502037048,0.3045461356639862,-0.09105255007743836,0.1329875409603119,/6t3YWl7hrr88lCEFlGVqW5yV99R.jpg
Spider-Man: Into the Spider-Verse,0.23902615904808044,0.5918267130851745,0.05488841235637665,0.14873251616954802,-0.27140084505081175,-0.004667758941650391,/iiZZdoQBEYBv6id8su7ImL0oCbD.jpg
Percy Jackson & the Olympians: The Lightning Thief,0.03562385439872742,0.1377883493900299,0.021310657262802124,0.06999310851097107,0.049238520860672,-0.00027501583099365234,/brzpTyZ5bnM7s53C1KSk1TmrMO6.jpg
The Secret Life of Pets,-0.4030140906572342,0.19289588332176208,0.07911711931228638,0.18971779942512512,-0.009978216886520383,0.29271423518657685,/bc3rCMgP4bbxNqGQCRlpJyU8otF.jpg
Nerve,-0.19250325486063957,0.3018680661916733,0.11040658354759217,0.36703256964683534,-0.13341355323791504,0.030838847160339355,/qmSpHC0CSNyNll9WhlwWYuwoQ28.jpg
Jurassic Park,0.22757505998015404,0.22687189429998397,-0.008930027484893799,0.053137823939323425,-0.1774856448173523,0.0501427948474884,/bRKmwU9eXZI5dKT11Zx1KsayiLW.jpg
Arrival,-0.5608506359159946,0.04025455713272094,0.04202478379011154,0.44663161337375645,-0.011733615398406977,-0.047496601939201355,/pEzNVQfdzYDzVK0XqxERIw2x2se.jpg
The Lost World: Jurassic Park,0.2114613614976406,0.5426732450723648,0.13358228877186776,0.34729887545108795,-0.26089068353176115,0.025600664764642716,/6fSkhv35nPSw9hwPVCMINQFG1WD.jpg
Frozen II,0.22570863167444866,0.1659642994403839,-0.13390014171600342,0.06416144967079163,0.0955164670944214,0.10352521836757661,/mINJaa34MtknCYl5AjtNJzWj8cD.jpg
Rogue One: A Star Wars Story,-0.2386833056807518,0.43920638263225553,0.1309109628200531,0.23632325530052184,-0.20027989745140076,-0.24728456139564514,/i0yw1mFbB7sNGHCs7EXZPzFkdA1.jpg
Jurassic Park III,0.07495330851525069,0.44640227407217026,0.1942801892757416,0.5295021653175354,-0.23079549968242646,0.028146818280220032,/oQXj4NUfS3r3gHXtDOzcJgj1lLc.jpg
Little Women,-0.3554813237860799,-0.1998029410839081,-0.04964613765478135,0.1963874861598015,0.4908417403697968,-0.05709466338157654,/yn5ihODtZ7ofn8pDYfxCmxh8AXI.jpg
A Star Is Born,-0.46275775432586663,-0.05145252346992493,-0.15755624771118165,0.26569617688655855,0.7478859782218934,-0.06997931003570557,/wrFpXMNBRj2PBiN4Z5kix51XaIZ.jpg
The Shallows,-0.3630580425262451,-0.0030447065830230685,0.28457456827163696,0.5291388154029846,-0.15402942895889282,-0.05087271332740784,/bnBV7hZmLuA0Si5Aop481sPF2RY.jpg
Ready Player One,-0.12997405230998993,0.3245698273181915,-0.004034891724586487,0.11001591682434082,-0.032243892550468445,-0.0839187428355217,/pU1ULUq8D3iRxl1fdX2lZIzdHuI.jpg
10 Cloverfield Lane,-0.507891695946455,0.010332584381103516,0.3336706042289734,0.4646780848503113,-0.18144283294677735,-0.01192842423915863,/84Dhwz93vCin6T1PX6ctSvWEuNE.jpg
The Magnificent Seven,-0.48539319448173046,0.3780026793479919,0.16878204345703124,0.32285154461860655,-0.25549901127815244,-0.08837532997131348,/ezcS78TIjgr85pVdaPDd2rSPVNs.jpg
Captain Fantastic,-0.3977855175035073,0.10845913514494895,-0.140110519528389,0.19846880584955218,0.2849525839090348,-0.07978391230106353,/2sFME73GaD8UsUxPUKe60cPdLif.jpg
Manchester by the Sea,-1.1124919911225637,-0.16400366127490998,0.03648935258388519,0.19712456166744233,0.08798999190330506,-0.006965816020965576,/o9VXYOuaJxCEKOxbA86xqtwmqYn.jpg
Lion,-0.6896984074264765,-0.12791782841086388,0.0869981199502945,0.18664631843566895,0.0624304473400116,-0.08396464586257935,/iBGRbLvg6kVc7wbS8wDdVHq6otm.jpg
Uncharted,-0.1620890110731125,0.3709923982620239,0.018540024757385254,0.13500441908836364,-0.18926306664943696,0.03823608160018921,/rJHC1RUORuUhtfNb4Npclx0xnOf.jpg
Sing,0.17705506384372713,0.05212785303592682,-0.02947443723678589,0.07339364290237427,0.04056234955787659,0.22124039828777314,/lW0kUtXTOVlHTVhDO2VzNBACAHX.jpg
Venom,-0.9215134717524052,0.17673942148685456,0.11028745770454407,0.23383964896202086,-0.23402611017227173,-0.16987402737140656,/2uNW4WbgBXL25BAbXGLnLqX71Sw.jpg
Blade Runner 2049,-0.20090853381488058,-0.07518102824687958,-0.07119420766830445,0.18132821321487427,0.1308900386095047,0.024161547422409058,/gajva2L0rPYkEWjzgFlBXCAVBE5.jpg
Transformers: The Last Knight,-0.22126254439353943,0.44445631504058836,0.12178898602724075,0.14705744683742522,-0.27323789000511167,-0.12182354182004929,/s5HQf2Gb3lIO2cRcFwNL9sn1o1o.jpg
Maze Runner: The Death Cure,-0.0911859393119812,0.4385468333959579,0.08840687572956085,0.4157524108886719,-0.30915203094482424,-0.1197134256362915,/drbERzlA4cuRWhsTXfFOY4mRR4f.jpg
Fifty Shades Freed,-0.04158127307891846,-0.08010031878948212,0.014258593320846558,0.3199961721897125,0.29471122026443486,-0.13070183992385864,/jjPJ4s3DWZZvI4vw8Xfi4Vqa1Q8.jpg
The Fate of the Furious,-0.5287776336073875,0.37907359898090365,0.16239465177059176,0.5340752959251404,-0.26183919310569764,-0.11630503833293915,/dImWM7GJqryWJO9LHa3XQ8DD5NH.jpg
Mulan,-0.5421912893652916,0.35168018043041227,0.014909595251083374,0.14186000376939772,-0.10768142938613892,-0.14384129643440247,/aKx1ARwG55zZ0GpRvU2WrGrCG9o.jpg
Cruella,-0.04844377953559159,0.24095430970191956,0.12787704765796662,0.05846695601940155,0.02708914875984192,0.16866807341575624,/hjS9mH8KvRiGHgjk6VUZH7OT0Ng.jpg
Bloodshot,0.25104572996497154,0.4006906062364578,-0.029127061367034912,0.13447438478469848,-0.14637067019939423,0.011055201292037964,/8WUVHemHFH2ZIP6NWkwlHWsyrEL.jpg
Fantastic Beasts: The Crimes of Grindelwald,-0.4086471349000931,0.08699416518211364,0.04656726121902466,0.10111986100673676,-0.13767975568771362,-0.06730017066001892,/fMMrl8fD9gRCFJvsx0SuFwkEOop.jpg
Fantastic Beasts: The Secrets of Dumbledore,-0.32078308165073394,0.1201935052871704,0.20865078568458556,0.36331166028976436,-0.12459652125835419,-0.14868652820587158,/3c5GNLB4yRSLBby0trHoA1DSQxQ.jpg
Zombieland: Double Tap,-0.07465562373399737,-0.009739753603935239,0.41431923508644103,0.36661158204078675,-0.2097535789012909,0.09878486692905428,/dtRbVsUb5O12WWO54SRpiMtHKC0.jpg
Tomb Raider,-0.5566068537533283,0.3027657106518745,0.06924237310886383,0.15103316605091094,-0.10869384407997132,-0.15166610479354858,/s4Qn5LF6OwK4rIifmthIDtbqDSs.jpg
Baby Driver,-0.17342538038889568,0.32921734303236005,0.07942796349525452,0.089060577750206,-0.20265004634857178,0.03111564040184021,/tYzFuYXmT8LOYASlFCkaPiAFAl0.jpg
Baywatch,0.09600591361522676,0.3020450800657273,0.05535337924957276,0.126094314455986,-0.2550200581550598,0.2784299075603485,/6HE4xd8zloDqmjMZuhUCCw2UcY1.jpg
Valerian and the City of a Thousand Planets,-0.2168607795611024,0.4225901126861572,-0.030634909868240356,0.18869586586952208,-0.23646377623081208,-0.01964937150478363,/vlc95gl3PtrjxSEuM8RhTtSm2xU.jpg
Nocturnal Animals,-0.2828926332294941,-0.026936441659927368,0.25034459233283995,0.4980578899383545,0.06049123406410217,-0.3135140538215637,/mdLDgQBD0va09npSQX5Zgo2evXM.jpg
Atomic Blonde,-0.4047861695289612,0.5289123922586441,0.14756141901016234,0.37873536348342896,-0.29687629342079164,-0.1254836916923523,/kV9R5h0Yct1kR8Hf8sJ1nX0Vz4x.jpg
Fifty Shades Darker,-0.2127039134502411,-0.14257164895534516,0.016447216272354126,0.27991981208324435,0.34806828498840336,-0.12470026314258575,/w3qa274gvca9t8pkUoG8nfQgTU3.jpg
Jack Reacher: Never Go Back,-0.6613120519452624,0.3923503935337067,0.24948603808879852,0.5403603225946427,-0.13630715608596802,-0.08157602697610855,/cOg3UT2NYWHZxp41vpxAnVCOC4M.jpg
Kingsman: The Golden Circle,-0.36991391330957407,0.6232273757457734,0.14344142228364945,0.38778850138187404,-0.2950184106826782,0.10152823597192766,/34xBL6BXNYFqtHO9zhcgoakS4aP.jpg
Eyes Wide Shut,-0.11221402958035469,0.035366207361221313,0.08774291276931763,0.6142154186964035,-0.08464315533638,-0.07201966643333435,/knEIz1eNGl5MQDbrEAVWA7iRqF9.jpg
The Equalizer 2,-0.20247112214565277,0.42137720584869387,0.26955089867115023,0.3870433568954468,-0.28921882510185243,-0.11661002039909363,/cQvc9N6JiMVKqol3wcYrGshsIdZ.jpg
Collateral Beauty,-0.4410900607705117,-0.15690814554691315,0.1386655867099762,0.3580741286277771,0.3858712494373322,-0.10063283145427704,/4vfqosgik5pLb32RpskYifp8PWJ.jpg
The Meg,-0.5207838535308837,0.26117944717407227,0.407548788189888,0.5229087650775909,-0.24693129658699037,-0.11108299344778061,/eyWICPcxOuTcDDDbTMOZawoOn8d.jpg
It,-1.2070137767121198,0.11635164320468903,0.4830083459615707,0.4818750530481339,-0.2690846145153046,-0.10487979650497437,/9E2y5Q7WlCVNEhP5GiVTjhEhx1o.jpg
The Girl on the Train,-0.43481102763778634,0.2740632995963097,0.23485504984855654,0.5890011489391327,-0.06642279624938965,-0.07545370936393737,/AhTO2QWG0tug7yDoh0XoaMhPt3J.jpg
Barbie,1.1254400923848151,0.3321424871683121,0.053193897008895874,0.03911484777927399,-0.07002571225166321,0.4919301956892014,/iuFNMS8U5cb6xfzi51Dbkovj7vM.jpg
The Predator,-0.1467867910861969,0.3482440143823624,0.1580479621887207,0.552055275440216,-0.34201033115386964,-0.04293009638786316,/a3eWGF6YPF7No5Rbtjc8QpDvz7l.jpg
Alien,-0.24260878190398216,0.019012868404388428,0.27925722301006317,0.15452814400196074,-0.23274186849594117,-0.02518552541732788,/vfrQk5IPloGg1v9Rzbh2Eg3VGyM.jpg
Solo: A Star Wars Story,-0.3218861408531666,0.3557144463062286,0.06376394629478455,0.14993211925029754,-0.18679232001304627,-0.01121598482131958,/4oD6VEccFkorEBTEDXtpLAaz0Rl.jpg
The Simpsons Movie,-0.566857511550188,-0.05211827903985977,0.047742247581481934,0.10514100641012192,0.03185521960258485,0.23059180080890657,/s3b8TZWwmkYc2KoJ5zk77qB6PzY.jpg
The Devil Wears Prada,0.31435570009052755,-0.1276549682021141,0.011113420128822327,0.11693856716156006,0.06523275971412659,0.1630490690469742,/8912AsVuS7Sj915apArUFbv6F9L.jpg
Jurassic World: Fallen Kingdom,-0.393784087151289,0.5005259782075882,0.044875073432922366,0.3979857861995697,-0.3071856915950775,-0.05086188018321991,/x2Us3jR6ToMJjbcPbLimYoxf6xr.jpg
Mission: Impossible - Fallout,-0.38986561447381973,0.403128570318222,-0.037212058901786804,0.11437138468027115,-0.2504581272602081,-0.03281077742576599,/AkJQpZp9WoNdj7pLYSj1L0RcMMN.jpg
Jumanji: Welcome to the Jungle,0.07744759768247605,0.369509345293045,0.00633665919303894,0.14659284353256224,-0.26812719404697416,0.19508099257946016,/pSgXKPU5h6U89ipF7HBYajvYt7j.jpg
The Dark Tower,-0.41295705176889896,0.23720005601644517,0.1254526972770691,0.15122089087963103,-0.21373838782310486,-0.20079809427261353,/i9GUSgddIqrroubiLsvvMRYyRy0.jpg
Coco,0.3008567377924919,0.1568361908197403,0.09032297879457474,0.12807828187942505,0.05255224108695984,-0.07431045174598694,/6Ryitt95xrO8KXuqRGm1fUuNwqF.jpg
Ford v Ferrari,0.16778184473514557,0.23952717781066896,0.022615589201450348,0.21374753564596177,-0.046898260712623596,0.06987017810344696,/dR1Ju50iudrOh3YgfwkAU1g2HZe.jpg
"Three Billboards Outside Ebbing, Missouri",-0.44888818860054014,0.0031311839818954496,0.1744001567363739,0.40905702114105225,0.05020595192909241,-0.04510029554367065,/bRYLt8fV82tdVoDppSFTZIcJiLN.jpg
Top Gun: Maverick,-0.29536145739257336,0.13752410411834717,0.09314751625061035,0.2342948853969574,-0.08753624558448792,-0.039396852254867554,/62HCnUTziyWcpDaBO2i1DX17ljH.jpg
Ant-Man and the Wasp,-0.128036097685496,0.3961115688085556,-0.09658351242542268,0.1800455182790756,0.015153473615646368,-0.07631546258926392,/cFQEO687n1K6umXbInzocxcnAQz.jpg
Sully,-0.4366907626390457,-0.019805929064750677,-0.020985692739486694,0.3022798657417297,-0.07611682415008544,-0.06735645234584808,/4vs83YcJ8TsabADDtaeCJ6ZTjYY.jpg
Batman Returns,-0.16459091752767563,0.2159055292606354,-0.030989384651184088,0.12649743556976317,-0.07860642671585083,0.04594606161117554,/jKBjeXM7iBBV9UkUcOXx3m7FSHY.jpg
Casino Royale,-0.20185823552310467,0.5263133019208908,0.01589748561382294,0.38238269090652466,-0.29318964183330537,0.008343011140823364,/lMrxYKKhd4lqRzwUHAy5gcx9PSO.jpg
Blade II,-0.604154979118279,0.3171250700950623,0.381882306933403,0.6130223363637923,-0.3165880370140076,-0.18216964602470398,/yDHwo3eWcMiy5LnnEnlGV9iLu9k.jpg
Blade,-0.4015507206320763,0.22429918944835664,0.001619330048561074,0.30909996330738065,0.11225403547286988,-0.1228698194026947,/hx0sdduAsr4rq03RZKZzglR25z7.jpg
X-Men,-0.17594769299030305,0.38006370365619657,0.07159419357776642,0.12358011603355408,-0.1690882056951523,-0.029893338680267334,/bRDAc4GogyS9ci3ow7UnInOcriN.jpg
X2,-0.04649314284324646,0.3652282416820526,-0.05421203374862671,0.07828598022460938,-0.15397462844848633,0.13539373874664307,/bWMw0FMsY8DICgrQnrTSWbzEgtr.jpg
X-Men: The Last Stand,-0.25399071983993055,0.42642877697944637,0.08364023566246033,0.36058779060840607,-0.2978492647409439,-0.08855176717042923,/a2xicU8DpKtRizOHjQLC1JyCSRS.jpg
First Man,-0.07910235822200776,0.021029934287071228,0.11416825652122498,0.2716453313827515,0.009964352846145635,-0.1403953540325165,/i91mfvFcPPlaegcbOyjGgiWfZzh.jpg
No Time to Die,-0.3508857171982527,0.41275403350591666,0.06343125104904175,0.36061955988407135,-0.2770913064479828,-0.05192972719669342,/iUgygt3fscRoKWCV1d0C7FbM9TP.jpg
Tarzan,0.06983713532487552,0.03543959856033324,0.022544890642166138,0.19136592596769333,0.09052267074584962,-0.023505941033363342,/bTvHlcqiOjGa3lFtbrTLTM3zasY.jpg
The Truman Show,-0.20138158947229384,0.10331693291664124,0.004795387387275696,0.2604307770729065,-0.01000558733940124,0.16328057765960696,/vuza0WqY239yBXOadKlGwJsZJFE.jpg
Your Name.,-0.3765250159161432,-0.1241885930299759,-0.02861499786376953,0.17530391514301302,0.4975713640451431,0.018520385026931763,/q719jXXEzOoYaps6babgKnONONX.jpg
Godzilla: King of the Monsters,-0.110566645860672,0.4421660602092743,0.031692606210708615,0.43570994734764096,-0.11317399144172668,-0.22184447944164276,/mzOHg7Q5q9yUmY0b9Esu8Qe6Nnm.jpg
Dunkirk,-0.8037522201426327,0.2123064488172531,0.19069119095802306,0.270073139667511,-0.03605359494686125,-0.06509585678577423,/b4Oe15CGLL61Ped0RAS9JpqdmCt.jpg
The Favourite,0.10991799054401262,-0.07301661223173142,-0.0670192450284958,0.20444338619709015,0.20843299925327302,0.17462376952171327,/cwBq0onfmeilU5xgqNNjJAMPfpw.jpg
Super 8,-0.65529455691576,0.17220354676246644,0.10875779688358307,0.6724530309438705,-0.2917934417724609,-0.09762933850288391,/pUWIjaMMYJjeBm5bJyE3mIXdQ62.jpg
Moonlight,-0.7456718947738409,-0.1148216411471367,0.041277945041656494,0.15763258785009385,0.14851407408714296,-0.039945945143699646,/qLnfEmPrDjJfPyyddLJPkXmshkp.jpg
A Nightmare on Elm Street,-0.7511478133499622,0.06981956362724305,0.5801832616329192,0.7420113265514373,-0.17526497125625612,-0.2412794530391693,/avHGIO93jgCZLf33ec2aahgZJX6.jpg
The Tourist,-0.49177686497569084,0.3188236571848393,0.010114151239395144,0.3839622765779495,0.06575238704681396,-0.02783031016588211,/oXe1nw4HcS32YVpvxwsWEVdvEXA.jpg
Skyfall,-0.43293803681929904,0.45794890522956844,0.10365078151226044,0.3604195713996887,-0.2574156641960144,-0.0639963299036026,/d0IVecFQvsGdSbnMAHqiYsNYaJT.jpg
Easy A,-0.17963922545313832,-0.025143325328826904,-0.09968123435974122,0.05541205406188965,0.07873285412788392,0.26250447034835817,/v5f1qO6NJnxWgONgkYg21TW39DT.jpg
The Social Network,0.05476857498288155,-0.08739910125732422,0.09045918583869934,0.19490830004215243,0.004882229864597326,0.02913433313369751,/n0ybibhJtQ5icDqTp8eRytcIHJx.jpg
Eternal Sunshine of the Spotless Mind,-0.5254937991499901,-0.11291885972023011,-0.10633016228675843,0.23935394883155825,0.44007649421691897,-0.06788915395736694,/5MwkWH9tYHv3mV9OdYTMR5qreIz.jpg
Rain Man,-0.6149392294180062,-0.07625352442264557,0.03118358552455902,0.20845429450273514,0.19958135187625886,-0.026384159922599792,/iTNHwO896WKkaoPtpMMS74d8VNi.jpg
Megamind,-0.041410264372825606,0.24879565536975862,0.12696366012096405,0.17134654819965361,-0.20408141911029815,0.11106660664081575,/uZ9ytt3sPTx62XTfN56ILSuYWRe.jpg
mother!,-0.17642479141553244,-0.11724944710731507,0.3544222891330719,0.3289823830127716,0.028840363025665283,-0.08660116791725159,/fjny9chXPx69ln1LMJxbwi5yHMt.jpg
Hidden Figures,0.1710442416369915,0.023792670667171473,0.16785933971405032,0.29110967367887497,0.06735557913780213,-0.04128469526767731,/9lfz2W2uGjyow3am00rsPJ8iOyq.jpg
Split,-0.5079125247895717,0.1503008544445038,0.33714598417282104,0.48399995863437656,-0.19729814529418946,-0.10323472321033478,/lli31lYTFpvxVBeFHWoe5PMfW5s.jpg
Deadpool 2,-0.05923263058066369,0.3505938291549683,0.04971814155578613,0.13924609422683715,-0.13042712807655335,0.23877698302268985,/to0spRl1CMDvyUbOnbb4fTk3VAd.jpg
Transformers: Dark of the Moon,-0.12359395623207092,0.4440834581851959,-0.07773778438568116,0.19550638198852538,-0.15553459525108337,-0.062032610177993774,/28YlCLrFhONteYSs9hKjD1Km0Cj.jpg
Grown Ups,0.04742480417092643,0.03544424027204514,0.0894892692565918,0.21327830255031588,-0.021551668643951416,0.2763265103101731,/cQGM5k1NtU85n4TUlrOrwijSCcm.jpg
Fast & Furious Presents: Hobbs & Shaw,0.32301150436202686,0.3841910302639008,0.04644952714443207,0.23806822597980498,-0.0875403642654419,0.2648823440074921,/qRyy2UmjC5ur9bDi3kpNNRCc5nc.jpg
F9,-0.4486711649224162,0.5313545137643814,0.16960862874984742,0.1567543178796768,-0.18300560712814332,0.01491844654083252,/deEmLILTPejEb6OGsXRJ5MCvyDW.jpg
Fast X,-0.5046866705641151,0.40806039571762087,0.28664369583129884,0.32060492038726807,-0.31675364375114445,0.0007696747779846191,/fiVW06jE7z9YnO4trhaMEdclSiC.jpg
The Karate Kid,-0.2661109300596374,0.26937510073184967,0.056817978620529175,0.23412835747003555,0.002701531350612643,-0.014700427651405334,/b1RBy3l297N0c7PHjlz35cClWju.jpg
Bad Boys for Life,-0.34325447119772434,0.4653265863656998,0.2012862801551819,0.34836454689502716,-0.250904780626297,0.000617295503616333,/y95lQLnuNKdPAzw9F9Ab8kJ80c3.jpg
Tangled,0.3381937578320503,0.31322308331727977,-0.05865070968866348,0.08589118719100952,0.026291686296463015,0.06891836643218995,/ym7Kst6a4uodryxqbGOxmewF235.jpg
Inside Man,-0.6487986147403717,0.11129214465618134,0.1832077741622925,0.45670955181121825,-0.1734309196472168,-0.005554139614105225,/ffMUgkDZICNiyaws1Jkv8qG8uFW.jpg
12 Angry Men,-0.4500286765396595,-0.13768613934516907,0.14081247448921203,0.254023814201355,-0.059319221973419184,-0.24421855807304382,/ow3wq89wM8qd5X7hWKxiRfsFf9C.jpg
"I, Tonya",-0.08814336663732925,-0.08304851353168488,0.024877876043319702,0.15836176872253419,0.025623118877410894,0.09632453024387361,/6gNXwSHxaksR1PjVZRqNapmkgj3.jpg
The Hitman's Bodyguard,-0.4078967094421387,0.4413627505302429,0.2275418281555176,0.43316303193569183,-0.2523892194032669,0.24537957012653352,/5CGjlz2vyBhW5xHW4eNOZIdgzYq.jpg
Lady Bird,0.12492623925209045,-0.14895145446062089,0.01501087099313736,0.2083383321762085,0.23806828379631043,0.17658443450927735,/gl66K7zRdtNYGrxyS2YDUP5ASZd.jpg
Murder on the Orient Express,-0.5070110922679305,0.0033155828714370728,0.1240413099527359,0.4496263444423676,-0.016153076291084284,-0.046774864196777344,/7GtdJU6iAg6fjQu3E3zta3bIAQh.jpg
Real Steel,-0.06807786536713441,0.13625448048114777,0.0029574334621429443,0.22550003379583358,-0.06313944607973099,0.028400614857673645,/4GIeI5K5YdDUkR3mNQBoScpSFEf.jpg
Kill Bill: Vol. 2,-0.8346875667572021,0.47898497581481936,0.3164437830448151,0.5811135977506637,-0.22719259262084962,-0.04688611626625061,/vr9w5OrpAPjCdccZ6xheBqGkxwM.jpg
Corpse Bride,0.18507051467895508,0.2818058840930462,0.122048619389534,0.1975060164928436,0.27096293568611146,0.005282016396522531,/isb2Qow76GpqYmsSyfdMfsYAjts.jpg
Paul,-0.18591589406132697,0.24147123992443084,-0.02007324993610382,0.1516958773136139,-0.07965686917304993,0.16487542986869813,/bX8TP2qRWh2OcmeUHGn1ENDkCu6.jpg
RED,-0.060752592767987945,0.676234894990921,0.20436331033706667,0.3476145744323731,-0.23718017041683198,0.21677395820617676,/8eeK3OB5PeSRQD7BpZcGZKkehG.jpg
Contagion,-0.5381981458049268,0.011494077742099762,0.1084002286195755,0.41352978646755223,-0.08500154316425323,-0.09545351564884186,/qL0IooP0bjXy0KXl9KEyPo22ll0.jpg
Wind River,-0.5172026287764311,0.038153260946273804,0.13905391693115235,0.48513259887695315,-0.026318261027336115,-0.05141729116439819,/pySivdR845Hom4u4T2WNkJxe6Ad.jpg
Life,0.005574315786361694,0.036148592829704285,0.1981904149055481,0.29998426139354706,-0.10833024978637695,-0.04922686517238617,/wztfli5NgYDgurVgShNflvnyA3Z.jpg
Annabelle: Creation,-0.4648155919276178,0.08111003264784813,0.29394230246543884,0.17393764704465867,-0.13201603889465333,-0.05207509875297546,/tb86j8jVCVsdZnzf8I6cIi65IeM.jpg
Train to Busan,-0.44860566705465316,0.6043418526649476,0.5061739444732666,0.5619389325380326,-0.4676275491714478,-0.13004323422908784,/vNVFt6dtcqnI7hqa6LFBUibuFiw.jpg
Call Me by Your Name,0.10486699044704437,-0.09527378380298615,-0.026340365409851074,0.181455472111702,0.5089946389198303,0.015656068921089172,/mZ4gBdfkhP9tvLH1DO4m4HYtiyi.jpg
The Irishman,-0.2645646892488003,0.029749274253845215,0.13886673748493195,0.19312674403190613,0.09262801408767701,-0.024426937103271484,/mbm8k3GFhXS0ROd9AD1gqYbIFbM.jpg
The Shape of Water,-0.43503208334247273,-0.0549500197172165,0.07700122892856598,0.22141321897506716,0.2547309279441834,-0.16829776763916016,/9zfwPffUXpBrEP26yp0q1ckXDcj.jpg
Isle of Dogs,-0.11442401837557553,0.16325389742851257,0.0055374205112457275,0.0552557110786438,-0.04473225772380829,0.22721592783927919,/c0nUX6Q1ZB0P2t1Jo6EeFSVnOGQ.jpg
Darkest Hour,-0.7861402835696936,-0.10078849494457245,0.118824303150177,0.11082779467105866,0.07729191184043885,-0.07811498641967773,/xa6G3aKlysQeVg9wOb0dRcIGlWu.jpg
Godzilla vs. Kong,-0.0465068519115448,0.575468248128891,-0.053182852268219005,0.3222685635089874,0.007974407076835638,-0.2592107355594635,/pgqgaUx1cJb5oZQQ5v0tNARCeBp.jpg
Alita: Battle Angel,-0.026340193673968317,0.375221049785614,0.06279358267784119,0.16088057607412337,-0.06823626756668091,-0.06913477182388306,/xRWht48C2V8XNfzvPehyClOvDni.jpg
Bright,-0.28048719838261604,0.34585848748683934,0.0777000218629837,0.3773402124643326,-0.3479902118444443,-0.05702574551105499,/whkT53Sv2vKAUiknQ13pqcWaPXB.jpg
Gifted,0.08491004829605421,-0.07244277596473694,-0.20209982693195344,0.10717945396900178,0.2666194319725037,0.1630783796310425,/9Ts7Vc4wLlpI9oox9mkVUE1tBHy.jpg
Beetlejuice,-0.21174618434160947,0.12203086763620377,0.04912105202674866,0.11568220257759095,-0.023029059171676636,0.1791841697692871,/nnl6OWkyPpuMm595hmAxNW3rZFn.jpg
Red Sparrow,-0.46669797599315643,0.2831201791763306,0.1862356126308441,0.7012529671192169,-0.27837920784950254,-0.026260122656822205,/cdefNr6aS00IwVbSlxdFJnfmzKh.jpg
Ocean's Eight,-0.15545542165637016,0.30496146827936177,0.050558304786682134,0.2211771994829178,-0.1491856336593628,0.24772721230983735,/MvYpKlpFukTivnlBhizGbkAe3v.jpg
Ralph Breaks the Internet,0.2769479781389237,0.14909764528274536,0.029247552156448364,0.049714505672454834,-0.011068505048751828,0.23330531716346742,/iVCrhBcpDaHGvv7CLYbK6PuXZo1.jpg
Bird Box,-0.7064187981188297,0.016636982560157776,0.4228097230195999,0.5388148635625839,-0.19661972522735596,-0.2316378653049469,/rGfGfgL2pEPCfhIvqHXieXFn7gp.jpg
What Happened to Monday,-0.32780052969853085,0.2807566404342652,0.023570868372917178,0.45562478601932527,-0.3046384423971176,-0.015234112739562988,/atOgZMJpMrTdpqvPiHVPfBhR61l.jpg
Wonder,0.09341888129711151,-0.08083154857158661,-0.004901528358459473,0.20074299573898316,0.14302299320697787,-0.008651554584503174,/sONh3LYGFcVDTy8pm1tbSOB13Li.jpg
Snow White and the Seven Dwarfs,0.07169713973999023,0.07251428067684174,-0.03172817826271057,0.06101861596107483,0.09976475238800049,0.03406912088394165,/3VAHfuNb6Z7UiW12iYKANSPBl8m.jpg
The Transporter,-0.22777886440356573,0.48154606819152834,0.018824163079261783,0.2687259912490845,-0.16629928946495057,0.06540539860725403,/dncJ81z1BahrT3ogLvlxOUC5n4u.jpg
"The Chronicles of Narnia: The Lion, the Witch and the Wardrobe",0.09688857719302178,0.13511834442615508,0.06391853839159012,0.030681729316711426,0.0006440311670303372,-0.061093658208847046,/iREd0rNCjYdf5Ar0vfaW32yrkm.jpg
Men in Black 3,0.15350685715675355,0.21522824168205262,-0.05421203374862671,0.07828598022460938,-0.15397462844848633,0.3353937387466431,/90DdoEStzeObs96fsYf4GG544iN.jpg
Batman Forever,-0.37409820556640627,0.40262767970561986,0.09818121790885925,0.18255639374256133,-0.07049304246902466,-0.09778818488121033,/i0fJS8M5UKoETjjJ0zwUiKaR8tr.jpg
The Batman,-0.47795191034674644,0.2567542910575867,0.36719162464141847,0.571684581041336,-0.2180892586708069,-0.05489891767501831,/74xTEgt7R36Fpooo50r9T25onhq.jpg
Batman & Robin,-0.3775966423563659,0.37003923058509824,0.07074787616729736,0.20034949779510497,-0.1294136941432953,-0.05157417058944702,/i7hEUpDuMN2LOrCEifFyGSHZQSY.jpg
Due Date,0.08361690938472749,-0.040988451242446905,-0.040550410747528076,0.19170889854431153,0.11880520582199097,0.25342549085617067,/sBxWS09pOOyXZ0dcnqfqqCAQGan.jpg
Get Out,-0.3261525481939316,0.1212064415216446,0.2521861374378204,0.5057951331138612,-0.2008494257926941,0.04473481178283692,/tFXcEccSQMf3lfhfXKSU9iRBpa3.jpg
Ad Astra,-0.2705639660358429,-0.0453207552433014,0.06419143080711365,0.167755788564682,-0.009754621982574457,-0.13858142495155334,/xBHvZcjRiWyobQ9kxBhO6B2dtRI.jpg
Maleficent: Mistress of Evil,-0.5125591720143954,0.2099232167005539,0.09012335538864136,0.23953019380569457,0.09538664221763611,-0.16574442386627197,/vloNTScJ3w7jwNwtNGoG8DbTThv.jpg
Aladdin,0.28505221316590906,0.24374392330646516,-0.036173298954963684,0.19957211911678313,0.46107099652290345,0.08843714594841004,/ykUEbfpkf8d0w49pHh0AD2KrT52.jpg
The Lion King,-0.21444822847843167,0.07115832269191741,0.0647931694984436,0.2274193972349167,0.18913147747516634,-0.0750730037689209,/dzBtMocZuJbjLOXvrl4zGYigDzh.jpg
The Pianist,-0.44248916674405336,-0.06675847917795182,0.23109663128852842,0.13150163888931277,0.07435023188591004,-0.13500458002090454,/2hFvxCCWrTmCYwfy7yum0GKRi3Y.jpg
The Conjuring: The Devil Made Me Do It,-0.4962314839164416,0.20906543135643008,0.5309355020523071,0.7318380355834961,-0.300875198841095,-0.2832913398742676,/rQfX2xx8TUoNvyk892yKWNikJaM.jpg
Scream,-0.6839475989341736,0.38586922287940983,0.6358706474304199,0.889056557416916,-0.28171964764595037,-0.13421382665634157,/lr9ZIrmuwVmZhpZuTCW8D9g0ZJe.jpg
Schindler's List,-0.8821763008832931,-0.013567264378070834,0.24249666333198547,0.2161084920167923,-0.023843121528625486,-0.08141690492630005,/sF1U4EUQS8YHUYjNl3pMGNIQyr0.jpg
Halloween,-0.43898728117346764,0.2216731533408165,0.4646028488874435,0.5172377169132233,-0.2290985107421875,-0.10225812673568725,/f7JAX5EGk4GgsEnus6OxyzwpFp7.jpg
Bohemian Rhapsody,0.462378886838754,-0.029986968636512762,0.09381075203418732,0.21378318071365357,0.06488982439041138,-0.14092040061950684,/lHu1wtNaczFPGFDTrjCSzeLPTKN.jpg
Scary Movie,-0.46663697734475135,0.013184875249862671,0.14748728275299072,0.20144550502300262,-0.18583369255065918,0.12460352182388307,/fVQFPRuw3yWXojYDJvA5EoFjUOY.jpg
Bumblebee,-0.555479452945292,0.41207180023193357,0.06386487185955048,0.194101545214653,-0.1430945098400116,-0.09264199435710907,/fw02ONlDhrYjTSZV8XO6hhU3ds3.jpg
Scary Movie 2,-0.022074319918950397,-0.06053799390792847,0.07548366487026215,0.047582536935806274,-0.0429769903421402,0.10512710809707643,/7Eb1JWK0Cb0rbfsYjwfc9g0PbQH.jpg
Ice Age,-0.1517331331968307,0.21958306133747102,0.059165358543395996,0.15647587180137634,-0.05210752487182617,0.18796239912509918,/gLhHHZUzeseRXShoDyC4VqLgsNv.jpg
Ghostbusters: Afterlife,0.28560121804475785,0.22815421223640442,-0.004176110029220581,0.11310269236564637,-0.04890182614326477,0.23013165712356567,/sg4xJaufDiQl7caFEskBtQXfD4x.jpg
Vertigo,-0.2115463063120842,0.23134734481573108,0.049569353461265564,0.6771002918481827,0.21439747214317326,0.006363396048545838,/15uOEfqBNTVtDUT7hGBVCka0rZz.jpg
Rampage,-0.639242094848305,0.3255561426281929,-0.20146248042583467,0.19870865643024443,0.07059287726879121,-0.058322906494140625,/MGADip4thVSErP34FAAfzFBTZ5.jpg
Mortal Engines,-0.2792096734046936,0.17676594257354736,0.21601158380508423,0.18741708993911743,-0.1041308045387268,-0.10565370321273804,/gLhYg9NIvIPKVRTtvzCWnp1qJWG.jpg
"The Good, the Bad and the Ugly",-0.26456959959533477,0.03997167944908142,-0.05190072953701019,0.1519078269600868,0.022814005613327026,-0.011430472135543823,/bX2xnavhMYjWDoZp1VM6VnU1xwe.jpg
Spider-Man: Far From Home,-0.3994516745209694,0.404121407866478,0.11579793691635132,0.2602527022361755,-0.2213158965110779,-0.018398070335388178,/4q2NNj4S5dG2RLF9CpXsej7yXl.jpg
Ghostbusters,-0.3022180965170264,0.19417065083980561,0.048813194036483765,0.2015473425388336,-0.2764240264892578,0.05552802681922914,/wJmWliwXIgZOCCVOcGRBhce7xPS.jpg
Cube,-0.15057137608528137,0.160454398393631,0.07823597192764283,0.47995980978012087,-0.28494358658790586,0.008779346942901611,/x4BTjxdrOKC27FcSkBh8KPEgnum.jpg
Love & Other Drugs,0.0077809400856495015,-0.06144017577171326,0.01077926903963089,0.22041513919830324,0.5168570220470429,0.14278429448604585,/wZLM2uKJRYNchLmiCIjosX0rXy8.jpg
Pride & Prejudice,-0.661617174744606,-0.07093748301267624,0.049596190452575684,0.2610601127147675,0.29811634421348576,-0.03161191940307617,/v5gShop7147X33ytbcC2u05KDuc.jpg
The Day After Tomorrow,-0.5881385296583176,0.29503393173217773,0.10832271277904511,0.29887973964214326,-0.14031312465667725,-0.07511648535728455,/Wr4HeYQRvwVCxzOV5TmGE7UkXq.jpg
Black Adam,0.05726219713687897,0.38787502646446226,0.004162490367889404,0.10826500058174134,-0.11296389102935792,0.02043694257736206,/rCtreCr4xiYEWDQTebybolIh6Xe.jpg
The Suicide Squad,0.000492724776268022,0.5062882900238037,0.07392634153366089,0.2393306732177734,-0.0831892192363739,0.20463041186332703,/q61qEyssk2ku3okWICKArlAdhBn.jpg
Dune,-0.11176324263215065,0.17582495659589767,-0.021789631247520452,0.1041882187128067,0.0453977718949318,-0.050433576107025146,/d5NXSklXo0qyIYkgV94XAgMIckC.jpg
The Nun,-0.5596012137830257,0.19314166009426117,0.32105743885040283,0.2733836680650711,-0.19190621972084046,-0.20614410519599916,/sFC1ElvoKGdHJIWRpNB3xWJ9lJA.jpg
Happy Death Day,0.0980945885181427,0.001589745283126831,0.326732674241066,0.32803574204444885,-0.04481038451194763,0.09297021925449372,/cTaEIUYTt52ooq9quVbAQ7NpGwo.jpg
127 Hours,-0.18571643978357316,0.16857756078243255,0.06990042626857758,0.4114861071109772,-0.08994996547698975,-0.03424574434757233,/h0RMdn0rfl9l5hWXz3tUh6QVkhi.jpg
Black Swan,-0.11777457917730015,0.18984891176223756,0.38532584309577944,0.6309261232614518,-0.07893840074539185,-0.03887147784233093,/viWheBd44bouiLCHgNMvahLThqx.jpg
True Grit,-0.25575860859826205,0.07159946411848067,0.049613505601882935,0.1807749703526497,0.09184182286262513,0.023402109742164612,/tCrB8pcjadZjsDk7rleGJaIv78k.jpg
Game Night,-0.010285130701959133,0.15876885652542116,0.08290838599205018,0.27877907156944276,-0.0784238338470459,0.2923750162124634,/85R8LMyn9f2Lev2YPBF8Nughrkv.jpg
Skyscraper,-0.11843809988349677,0.5163917735219002,-0.0491009533405304,0.4108784943819046,-0.2772245466709137,-0.017767280340194702,/52ml62vClzrlqvXZq2FEW6UF6c1.jpg
A Quiet Place,-0.36463355521361035,-0.10235241651535035,0.30346715450286865,0.3281895160675049,-0.15025268495082852,-0.14226973056793213,/nAU74GmpUk7t5iklEp3bufwDq4n.jpg
Guardians of the Galaxy Vol. 3,-0.08060735017061232,0.46740121841430665,-0.09255141615867615,0.11633016467094422,-0.1543777048587799,0.12379019975662232,/r2J02Z2OpNTctfOSN1Ydgii51I3.jpg
Pokémon Detective Pikachu,-0.1111192559202512,0.41888808608055117,0.03447425365447998,0.3600715786218643,-0.14898986220359803,0.05819260179996491,/uhWvnFgg3BNlcUz0Re1HfQqIcCD.jpg
Hugo,0.04192048460245133,0.054027605056762684,0.0684695765376091,0.1369962751865387,0.10600774884223939,0.015740782022476196,/1dxRq3o3l3bVWNRvvSb7rRf68qp.jpg
Battleship,-0.7814953749999404,0.6426293969154357,0.1225892186164856,0.5174218416213989,-0.319924932718277,-0.109000064432621,/9b0Im7SfedHiajTwzSL9zGyBI7M.jpg
Rango,-0.07077775100866954,0.16220335066318511,0.005173236131668091,0.09888174384832382,-0.07161357700824737,0.272490930557251,/A5MP1guV8pbruieG0tnpPIbaJtt.jpg
Green Lantern,-0.024534866213798523,0.5015878647565841,-0.03217505216598511,0.3797406852245331,-0.18686068654060364,-0.0355178564786911,/fj21HwUprqjjwTdkKC1XZurRSpV.jpg
"Love, Simon",-0.004141600430011744,-0.13703153133392335,-0.04932018667459488,0.3032199442386627,0.518162727355957,0.19086828529834748,/snIsqVPmlu4LPjvToHpDotxa7Eh.jpg
Glass,-0.5460913762450218,-0.05755092203617096,-0.03440623879432679,0.3954283773899079,0.05951039195060731,-0.1566396951675415,/svIDTNUoajS8dLEo7EosxvyAsgJ.jpg
Jungle Cruise,0.3269018597900868,0.34369768798351286,0.09133955836296082,0.16024975776672362,-0.10818580090999604,0.14169223308563234,/yKy9ELL8CON5sqDg4yIvBb5LTZL.jpg
Enchanted,-0.3549172475934028,0.1196756362915039,0.039143502712249756,0.2936012178659439,0.33530432581901554,0.07798358500003816,/8KCNzCArLlvLdQoHx6npua2VSVc.jpg
The Hangover Part II,-0.3486723486334085,-0.009513884782791138,0.000781819224357605,0.07955310493707657,-0.0057061463594436646,0.24655444622039796,/cKZu0Fdkj7dmwbfMpgDqVVCkLJQ.jpg
The King's Speech,-0.09667017161846161,-0.06124494075775147,-0.12351330220699311,0.130608206987381,0.19527335166931153,0.07074819505214691,/pVNKXVQFukBaCz6ML7GH3kiPlQP.jpg
A Beautiful Mind,0.1772426525130868,-0.06616755425930024,-0.03215394020080567,0.26308400332927706,0.4539245814085007,-0.01175341010093689,/rEIg5yJdNOt9fmX4P8gU9LeNoTQ.jpg
Doctor Strange in the Multiverse of Madness,0.13276974856853485,0.3760364711284637,0.06739610433578491,0.20694467723369597,-0.17018662989139557,-0.1544424593448639,/ddJcSKbcp4rKZTmuyWaMhuwcfMz.jpg
Gemini Man,-0.7403384819626808,0.5377373963594436,0.24241154193878173,0.3964925706386566,-0.3362290382385254,-0.1416880190372467,/uTALxjQU8e1lhmNjP9nnJ3t2pRU.jpg
Romeo + Juliet,-0.4121775249019265,-0.09261034280061722,0.1720338225364685,0.3600220382213592,0.3824895799160004,-0.15289197862148285,/eLf4jclPijOqfEp6bDAmezRFxk5.jpg
Sonic the Hedgehog,0.7805303062001864,0.35647781491279606,0.016388028860092163,0.16930904537439345,-0.029709812998771665,0.17226560950279238,/aQvJ5WPzZgYVDrxLX4R6cLJCEaQ.jpg
Panic Room,-0.696490366384387,0.1214635729789734,0.17847227454185488,0.42913706898689274,-0.1134299635887146,-0.11113375425338745,/hANYbvfwxmkC9E4yY6YyJxYxlSJ.jpg
The Kissing Booth,0.10291718145211538,-0.025317326188087463,-0.006294116377830505,0.11457783281803131,0.3118321418762207,0.16227437257766725,/vcQNnnXgKLacoYF4LNWgkNiDXPd.jpg
The Machinist,-0.6895945814127723,-0.07586947828531265,0.07824051678180695,0.31936361193656926,-0.05784118175506592,-0.04192487895488739,/diAYqR4xdF9Hnj7qun6DEQhRrT2.jpg
Source Code,-0.3030542797808136,0.19357747435569764,0.06818495988845825,0.45041889846324923,-0.20146714746952057,0.006866857409477234,/nTr0lvAzeQmUjgSgDEHTJpnrxTz.jpg
John Wick: Chapter 3 - Parabellum,-0.4911421000957489,0.5478469371795655,0.3434524178504944,0.4264773726463318,-0.3214459538459778,-0.1107269674539566,/ziEuG1essDuWuC5lpWUaw1uXY2O.jpg
Us,-0.5888963370273511,0.07512656897306443,0.3434677004814148,0.47506023049354557,-0.14548144340515137,-0.10708652436733246,/ux2dU1jQ2ACIMShzB3yP93Udpzc.jpg
Mortal Kombat,-0.05969269076983134,0.4296231999993324,0.017155587673187256,0.1690081462264061,-0.15960629880428315,-0.0312885046005249,/ybrX94xQm8lXYpZAPRmwD9iIbWP.jpg
Rio,0.08149567712098363,0.23377612382173538,-0.03542414307594299,0.10138504952192307,0.04972423911094666,0.1976787269115448,/4nJxhUknKV8Gqdhov8pU1YWDYfb.jpg
Hot Fuzz,-0.1649117442158361,0.2834769815206528,0.12826665341854096,0.12081043720245362,-0.13539228439331055,0.15463326573371888,/zPib4ukTSdXvHP9pxGkFCe34f3y.jpg
Wonder Woman 1984,-0.059224939346313475,0.47059775739908216,0.059728994965553284,0.18307505846023558,-0.14958751797676087,-0.08536243438720703,/8UlWHLMpgZm9bx6QYh0NFoq67TZ.jpg
Once Upon a Time... in Hollywood,0.12902250960469247,0.06453213095664978,0.08040310740470887,0.36085005402565007,-0.01703435182571411,0.1814271926879883,/8j58iEBw9pOXFD2L0nt0ZXeHviB.jpg
To All the Boys I've Loved Before,-0.16666852273046967,-0.03619540482759476,0.08153190016746521,0.19112706780433653,0.6436137199401855,0.18496444523334504,/hKHZhUbIyUAjcSrqJThFGYIR6kI.jpg
Uncut Gems,-0.2801757678389549,0.23279531449079513,0.16992903649806979,0.5184716522693634,-0.005745630264282223,0.14880857467651368,/sg0xxJeb3u1C4kAxhSuTwTNpEDt.jpg
It Chapter Two,-0.6943934442475438,0.08178385496139527,0.43375388383865354,0.46947317421436313,-0.20387805700302125,-0.12597931921482086,/zfE0R94v1E8cuKAerbskfD3VfUt.jpg
Joker,-0.5705598199119171,0.0891640841960907,0.23709302544593813,0.38918005228042607,-0.04793781042098999,0.005624055862426758,/udDclJoHjfjb8Ekgsd4FDteOkCU.jpg
Independence Day: Resurgence,-0.7334583103656769,0.5083567857742309,0.09399005770683289,0.35747169256210326,-0.22255962193012238,-0.09811267256736755,/9S50foUIYGwiNPWOxi1WJF6IPwI.jpg
Men in Black: International,-0.4626670630648732,0.5156019389629364,0.176132932305336,0.3200454592704773,-0.20453842580318451,-0.00955592393875121,/dPrUPFcgLfNbmDL8V69vcrTyEfb.jpg
A Good Day to Die Hard,-0.48334781527519227,0.5012111842632294,0.11505836248397827,0.3693251311779022,-0.32609167098999026,-0.13856720924377441,/qJ0csDXAVFMsNn0cRcjy6W6PxAK.jpg
xXx: Return of Xander Cage,-0.5354342237114906,0.39108827412128444,0.17851529121398926,0.24756890833377837,-0.277098736166954,-0.21567337214946747,/hba8zREJpP1AYhaXgb2oJLQeO0K.jpg
Creed II,-0.5401403095573187,0.2329703837633133,-0.11809471547603607,0.42151716947555545,0.07008241713047028,-0.0372521835565567,/v3QyboWRoA4O9RbcsqH8tJMe8EB.jpg
BlacKkKlansman,-0.20865247584879398,-0.025117389857769012,0.15569151043891907,0.17666167616844178,-0.008473956584930414,0.18450279235839845,/8jxqAvSDoneSKRczaK8v9X5gqBp.jpg
Good Will Hunting,-0.02781130969524384,-0.06038804650306702,-0.03310598731040955,0.28616745471954347,0.29877882003784184,-0.03522530198097229,/z2FnLKpFi1HPO7BEJxdkv6hpJSU.jpg
Cars 2,-0.5142627812922,0.179938206076622,0.059322237968444824,0.17437854409217834,0.013515809178352364,0.11686365008354188,/okIz1HyxeVOMzYwwHUjH2pHi74I.jpg
Green Book,0.12654872536659242,-0.02619140148162842,0.011384904384613037,0.13205093741416932,0.0796382337808609,0.18578824520111084,/7BsvSuDQuoqhWmU2fL7W2GOcZHU.jpg
Dracula Untold,-0.35541555657982826,0.21695746183395387,0.3152756690979004,0.15977487564086915,-0.23268876671791078,-0.02805420756340027,/m5h3NtZ2ZfryIHl1MvatmANvIqQ.jpg
Insidious,-0.5765467420220375,0.09420644342899323,0.36360434889793397,0.40531039237976074,-0.16859254837036133,-0.30393707752227783,/1egpmVXuXed58TH2UOnX1nATTrf.jpg
The Dark Knight Rises,-0.40877243503928185,0.33549338877201085,0.15266602039337157,0.4453358560800552,-0.09901173412799835,-0.0504438579082489,/hr0L2aueqlP2BYUblTTjmtn0hw4.jpg
The Bourne Legacy,-0.3441069888261457,0.2657611101865769,0.08753377497196198,0.3507806211709976,-0.27080529630184175,-0.04324059188365936,/1aExL5DTGHj25ZfIC3dDwS84RWi.jpg
Gravity,-0.29697330910712477,0.07117347419261932,0.04774300456047058,0.41296682059764867,-0.06880667805671692,-0.07000657916069031,/kZ2nZw8D681aphje8NJi8EfbL1U.jpg
Dredd,-0.6333229869071927,0.2253698378801346,0.07935601472854614,0.213824126124382,-0.2725526750087738,-0.08487698435783386,/wLx65gtGVnUFCxceHWGszcruCZj.jpg
The Hobbit: An Unexpected Journey,0.004118025302886963,0.38538927435874937,-0.07270984947681428,0.2585905283689499,-0.03392231464385986,-0.03240923583507538,/yHA9Fc37VmpUA5UncTxxo3rTGVA.jpg
Marriage Story,0.1222046185284853,0.02288489937782287,0.010484904050827026,0.19819584339857102,0.12780559659004212,-0.16965723037719727,/2JRyCKaRKyJAVpsIHeLvPw5nHmw.jpg
The Curious Case of Benjamin Button,-0.1275942198932171,-0.15091461911797524,0.08454355597496033,0.20460701882839205,0.30901457667350773,-0.02707687020301819,/26wEWZYt6yJkwRVkjcbwJEFh9IS.jpg
Howl's Moving Castle,0.012453547120094305,0.14817892909049987,0.07938009202480314,0.21577145755290986,0.022013366222381592,-0.13686716556549072,/13kOl2v0nD2OLbVSHnHk8GUFEhO.jpg
Hereditary,-0.8464556422084569,0.1756460040807724,0.5331394731998443,0.7183502644300461,-0.12854347825050355,-0.2797276782989502,/hjlZSXM86wJrfCv5VKfR5DI2VeU.jpg
Burn After Reading,-0.17037917120116097,-0.09681801348924637,-0.003599017858505249,0.17931236922740937,0.11333516836166382,0.25425725877285005,/jdwSkQu3XirmX18MNj8CqFWsCk.jpg
Kung Fu Panda 2,-0.1426444156095385,-0.02296312153339386,-0.018738275766372686,0.13718974590301514,-0.03602875471115112,0.12642751336097718,/mtqqD00vB4PGRt20gWtGqFhrkd0.jpg
10 Things I Hate About You,0.07472215427884035,-0.11336421817541123,-0.03589445352554321,0.18479959070682528,0.3386092364788056,0.22754880487918855,/ujERk3aKABXU3NDXOAxEQYTHe9A.jpg
The Croods,-0.46309220492839814,0.09692733883857726,0.16250211000442505,0.2328891158103943,-0.09829704165458679,-0.020543712377548207,/27zvjVOtOi5ped1HSlJKNsKXkFH.jpg
Man of Steel,0.5049284070730209,0.41438728421926496,-0.2113409459590912,0.10968818068504334,-0.06758782267570496,0.0158185213804245,/dksTL9NXc3GqPBRHYHcy1aIwjS.jpg
John Carter,-0.10962483978697232,0.4180441707372665,0.028036601841449738,0.13294425159692763,-0.17452209293842316,-0.01846754550933838,/lCxz1Yus07QCQQCb6I0Dr3Lmqpx.jpg
In Time,-0.48936364371329544,0.31513577997684483,0.14924343526363373,0.4570104762911797,-0.16888866424560547,0.001336798071861267,/3Mwj2sIONQckOZP3YwsUXF7U5I4.jpg
X-Men: First Class,-0.021790397167205808,0.4102637194097042,0.07420572638511658,0.35837746560573575,-0.2237432435154915,-0.08909830451011658,/hNEokmUke0dazoBhttFN0o3L7Xv.jpg
Birds of Prey (and the Fantabulous Emancipation of One Harley Quinn),-0.43064058423042295,0.24090411067008974,0.08160768449306488,0.20131662786006926,-0.0746651291847229,-0.13415899872779846,/h4VB6m0RwcicVEZvzftYZyKXs6K.jpg
Parasite,0.1398966831271537,0.09472377374768257,0.06796209812164307,0.47741864323616034,-0.007238045334815979,0.32622713565826417,/7IiTTgloJzvGI1TAYymCfbfl3vT.jpg
The Green Mile,-0.6448393695056438,0.012385815382003784,0.14917991161346436,0.19841671586036683,0.11881641745567323,0.017269432544708252,/8VG8fDNiy50H4FedGwdSVUPoaJe.jpg
Enola Holmes,-0.308596633374691,0.3062852159142494,0.13242434561252595,0.3890661597251892,0.09104471504688263,-0.05503518462181091,/riYInlsq2kf1AWoGm80JQW5dLKp.jpg
Black Widow,-0.4496366158127785,0.3124950587749481,0.09148630499839783,0.26244412660598754,-0.10169920921325684,-0.35628026723861694,/7JPpIjhD2V0sKyFvhB9khUMa30d.jpg
American Gangster,0.3590662404894829,0.10856692418456078,0.1329790711402893,0.17603755593299866,-0.05939320623874664,0.056051377654075626,/m7kJge9DG86Bj7hsBW6xFCMyDkY.jpg
Cowboys & Aliens,-0.46090458519756794,0.2857515990734101,0.061706948280334475,0.31864553689956665,-0.17349631786346437,-0.017351984977722168,/9uZsGCP4rvOHVGCpMpYq5gNCuNI.jpg
Reservoir Dogs,-0.9480966160073877,0.2574348866939545,0.30613571107387544,0.4057192802429199,-0.3479204535484314,-0.058242470026016235,/xi8Iu6qyTfyZVDVy60raIOYJJmk.jpg
The Help,-0.21726187666257224,-0.14734896123409272,-0.06181505918502808,0.17287396490573884,0.15516523718833924,-0.00360870361328125,/3kmfoWWEc9Vtyuaf9v5VipRgdjx.jpg
The Super Mario Bros. Movie,0.38088247478008275,0.1692122459411621,-0.005518049001693726,0.08881603181362152,0.0042039036750793485,0.28094483613967897,/qNBAXBIQlnOThrVvA6mA2B5ggV6.jpg
The Lighthouse,-0.5729817003011703,-0.024737742543220517,0.21395680904388426,0.5431872546672821,-0.07777968049049377,-0.1262393593788147,/f1tIYarTbkBdIT1aW0gzelDwknv.jpg
The Mule,-0.04394475626759231,0.04040990769863129,0.12439457178115845,0.17865902781486512,0.012812143564224249,0.04645586013793945,/oeZh7yEz3PMnZLgBPhrafFHRbVz.jpg
Friends with Benefits,0.3655290648341179,-0.00889943540096283,0.04038132727146149,0.20502256155014037,0.33702145814895634,0.17537444531917573,/nKhhDFCdzxeJ3GUunQ570LDpUkz.jpg
Just Go with It,-0.09870702922344204,0.09481784701347351,-0.16086713075637818,0.15208555310964583,0.5149260997772217,0.2195506662130356,/3rz7bfGsPGcI6cfY002n9VrUgao.jpg
Black Panther: Wakanda Forever,-0.561200887709856,0.5137047290802003,0.10775013566017151,0.2300453573465347,-0.10139734148979188,-0.031251947879791256,/sv1xJUazXeYqALzczSZ3O6nkH75.jpg
The Twilight Saga: Breaking Dawn - Part 1,-0.5119797736406326,0.2380475714802742,0.02902844548225403,0.17848035991191863,0.2299152135848999,-0.1197490319609642,/qs8LsHKYlVRmJbFUiSUhhRAygwj.jpg
The Twilight Saga: Breaking Dawn - Part 2,-0.3969835707917809,0.07419228851795195,-0.060504990816116336,0.3469636142253876,0.33855395913124087,-0.07362616807222366,/7IGdPaKujv0BjI0Zd0m0a4CzEjJ.jpg
"Crazy, Stupid, Love.",0.5221118229042208,-0.05431117415428162,-0.02931004762649536,0.21060153245925906,0.5202664732933044,0.34325526952743535,/p4RafgAPk558muOjnBMHhMArjS2.jpg
Jurassic World Dominion,-0.7681299515068531,0.4383723199367523,-0.011105290055274969,0.25050132274627684,-0.22927606105804443,-0.1086609810590744,/jbAvCACjLf1ZG0unB2tdmx5HAf1.jpg
Love Actually,-0.02617792213956513,-0.10518721342086793,-0.07404199838638306,0.21506997346878054,0.5432300567626953,0.17094041109085084,/7QPeVsr9rcFU9Gl90yg0gTOTpVv.jpg
Onward,0.18726627727349598,0.14447685480117797,0.06359685957431793,0.08936662971973419,0.023702192306518557,0.1158604145050049,/f4aul3FyD3jv3v4bul1IrkWZvzq.jpg
Soul,0.5911399528384209,-0.1037892945110798,-0.016459479928016663,0.12178847789764405,0.2043809235095978,0.2202091932296753,/6jmppcaubzLF8wkXM36ganVISCo.jpg
Luca,0.4379964947700501,0.23944031596183776,0.003101363778114319,0.15311431884765625,0.04749755859375,0.19389281868934632,/9x4i9uKGXt8IiiIF5Ey0DIoY738.jpg
Turning Red,-0.3398155322298408,0.10317974090576172,-0.0395277738571167,0.04031813144683838,0.09644961655139923,0.32038037776947026,/qsdjk9oAKSQMWs0Vt5Pyfh6O4GZ.jpg
Notting Hill,0.28937326272328695,0.14675961658358574,-0.36675912439823155,0.3612311214208603,0.8472858828306198,0.28115333735942843,/hHRIf2XHeQMbyRb3HUx19SF5Ujw.jpg
6 Underground,0.16224203457434974,0.3344833135604859,0.15086573958396912,0.5096248626708985,-0.28689431428909307,0.021764275431633007,/lnWkyG3LLgbbrIEeyl5mK5VRFe4.jpg
One Flew Over the Cuckoo's Nest,-0.8328328381602963,-0.10246313214302064,0.12174904346466064,0.19211736917495728,-0.032914394140243525,-0.11091186106204987,/kjWsMh72V6d8KRLV4EOoSJLT1H7.jpg
Red Notice,-0.0335461601614952,0.40020683705806737,0.11754342019557953,0.2540838152170181,-0.1970282256603241,0.197101828455925,/lAXONuqg41NwUMuzMiFvicDET9Y.jpg
Jumanji: The Next Level,-0.10407637357711791,0.11507506072521209,-0.019326210021972656,0.11437040567398071,-0.08862495422363281,0.11029207408428193,/4kh9dxAiClS2GMUpkRyzGwpNWWX.jpg
Fast Five,-0.5251397641206329,0.3897926449775696,0.20639638006687167,0.3872765749692917,-0.27239991426467897,-0.01054808497428894,/gEfQjjQwY7fh5bI4GlG0RrBu7Pz.jpg
Jojo Rabbit,-0.31401432752609254,0.036364972591400146,0.20151215195655822,0.17615208625793458,0.04712035059928894,0.17968656420707704,/7GsM4mtM0worCtIVeiQt28HieeN.jpg
Horrible Bosses,-0.6914860043674707,0.010201616585254675,0.16922511756420136,0.10263480246067047,-0.04393501579761505,0.2177966058254242,/uQkUwgyFHAm0jGQERPG6Z9o9Zbj.jpg
Limitless,-0.34051528200507164,0.0777994602918625,0.12742899656295775,0.5216834485530853,-0.14687881469726563,-0.07085031270980835,/kCokPP4WCQRrrAuZ7FcpIyHr8b2.jpg
A Quiet Place Part II,-0.4401598831017812,0.07628211975097657,0.33503042459487914,0.51120345890522,-0.27959778189659124,-0.15684780478477478,/4q2hz2m8hubgvijz8Ez0T2Os2Yv.jpg
The Gentlemen,-0.43994504287838937,0.25205366462469103,0.07493034601211548,0.1515183001756668,-0.16061046719551086,0.2913866221904755,/jtrhTYB7xSrJxR1vusu99nvnZ1g.jpg
Escape Room,-0.055378496646881104,0.10131136178970337,0.2769798219203949,0.5969122469425201,-0.3958568692207336,-0.20446628332138062,/8Ls1tZ6qjGzfGHjBB7ihOnf7f0b.jpg
Casino,-0.5503479083999991,0.08627535402774811,0.18153891563415528,0.2625576913356781,0.03501874804496766,-0.09245219826698303,/gziIkUSnYuj9ChCi8qOu2ZunpSC.jpg
Eternals,-0.349750155583024,0.39906237125396726,-0.04135627150535584,0.17636655569076537,-0.05152890086174011,-0.025795072317123413,/lFByFSLV5WDJEv3KabbdAF959F2.jpg
The Polar Express,0.4958484143018722,0.24479080438613893,0.011910438537597656,0.14712637662887573,0.022915709018707278,-0.04400640308856964,/eOoCzH0MqeGr2taUZO4SwG416PF.jpg
Five Feet Apart,0.07630090788006783,-0.03273928165435791,0.023818954825401306,0.2609785318374634,0.5479575991630554,0.05448985517024994,/kreTuJBkUjVWePRfhHZuYfhNE1T.jpg
Raya and the Last Dragon,-0.39252601712942126,0.3686820402741432,0.1129511147737503,0.23770959973335265,-0.12540276646614074,-0.1583080291748047,/5nVhgCzxKbK47OLIKxCR1syulOn.jpg
Midsommar,-0.8288603037595749,-0.03113714158535004,0.3478648543357849,0.5496860489249229,0.035903364419937134,-0.10309788584709167,/7LEI8ulZzO5gy9Ww2NVCrKmHeDZ.jpg
1917,-0.6570261202286929,0.24360797703266143,0.2354254364967346,0.32292475700378415,-0.1517738878726959,-0.03187878429889679,/iZf0KyrE25z1sage4SYFLCCrMi9.jpg
300: Rise of an Empire,-0.18970999419689177,0.2351042300462723,0.22896713465452195,0.2812122076749801,-0.23500926196575167,-0.02527507022023201,/wYDdWN1McB1Sio4z1dPSkb40Z78.jpg
Deadpool & Wolverine,-0.42531033903360366,0.1877007305622101,0.06661435961723328,0.19641711115837096,-0.19424042701721192,0.08701847195625306,/8cdWjvZQUExUUTzyp4t6EDMubfO.jpg
Terminator Salvation,-0.12066778354346752,0.35583065003156666,0.06336508989334107,0.29235923290252686,-0.31260390281677247,-0.08588726073503494,/gw6JhlekZgtKUFlDTezq3j5JEPK.jpg
After,-0.12817144989967347,-0.15855491757392884,0.0037395060062408447,0.23214116096496581,0.46636229157447817,-0.0882958471775055,/u3B2YKUjWABcxXZ6Nm9h10hLUbh.jpg
Psycho,-0.6252811605110764,0.19419744312763215,0.29778246134519576,0.573113176226616,-0.17794111073017121,0.03089659333229065,/yz4QVqPx3h1hD1DfqqQkCq3rmxW.jpg
Star Trek Into Darkness,-0.6807545050978661,0.3968862801790237,0.09644944965839386,0.22693860828876494,-0.24106088876724244,-0.1180693507194519,/Aim3kVNh1MPIxPEFeJrl9e9Uf1a.jpg
There's Something About Mary,0.09183888994157316,0.03780781775712967,-0.01824548840522766,0.1210068866610527,0.2290220081806183,0.33511026501655583,/slJD1Dvnsf15LoeqhERsyzisAdn.jpg
Extraction,-0.8101358823478222,0.3321053564548493,0.1360326290130615,0.46764443814754486,-0.3765700578689575,-0.06428864598274231,/nygOUcBKPHFTbxsYRFZVePqgPK6.jpg
Everything Everywhere All at Once,0.23165438175201417,0.559237152338028,0.07551865577697754,0.24502261877059933,-0.15239588022232056,0.15029096126556396,/u68AjlvlutfEIcpmbYpKcdi09ut.jpg
Knives Out,-0.2278714507818222,0.03683766573667527,0.21828887462615967,0.37287515103816987,-0.04388865828514099,0.10709646046161653,/pThyQovXQrw2m0s9x82twj48Jq4.jpg
Fight Club,-0.6239706051846345,0.009494200348854065,0.11663704216480256,0.4814868360757828,0.021044254302978516,-0.054748356342315674,/pB8BM7pdSp6B6Ih7QZ4DrQ3PmJK.jpg
Free Guy,0.3573144644498825,0.29779412746429446,-0.006278917193412781,0.004481494426727295,0.004562690854072571,0.18876728117465974,/dxraF0qPr1OEgJk17ltQTO84kQF.jpg
RoboCop,-0.669905660673976,0.3789066776633263,-0.055934661626815804,0.4191495478153229,-0.2132546752691269,-0.07989034056663513,/esmAU0fCO28FbS6bUBKLAzJrohZ.jpg
Bee Movie,0.036889568157494085,0.12887344285845756,-0.026889562606811523,0.04515445604920387,-0.017083775997161862,0.3279466450214386,/aWe27GmvfVYAd7p0KEtJZWwLWk5.jpg
Spider-Man,-0.33686685936991123,0.20232461094856263,0.043014004826545715,0.13931407332420348,-0.0764467716217041,0.01500585675239563,/kjdJntyBeEvqm9w97QGBdxPptzj.jpg
Spider-Man 2,-0.5984382319729775,0.3416950613260269,0.09191560745239258,0.22469441890716552,-0.07549849152565002,-0.04219304025173187,/eg8XHjA7jkM3ulBLnfGTczR9ytI.jpg
Spider-Man 3,-0.23556232657283543,0.3840313613414764,0.04854026436805725,0.2657716512680054,-0.0357607901096344,-0.04708382487297058,/qFmwhVUoUSXjkKRmca5yGDEXBIj.jpg
El Camino: A Breaking Bad Movie,0.010818998329341412,0.13804659843444825,0.16723515987396242,0.3703256726264954,-0.06269323825836182,-0.010513544082641602,/ePXuKdXZuJx8hHMNr2yM4jY2L7Z.jpg
Constantine,-0.49570792602996033,0.20929182767868043,0.21474477052688598,0.1665699914097786,-0.08945648968219758,-0.15585634112358093,/vPYgvd2MwHlxTamAOjwVQp4qs1W.jpg
Die Hard,-0.5869044959545135,0.42183410227298734,0.10119231343269348,0.4500321328639984,-0.36107708215713497,-0.06917910277843475,/7Bjd8kfmDSOzpmhySpEhkUyK2oH.jpg
Mission: Impossible - Ghost Protocol,-0.7808901758864522,0.543150019645691,0.08559002280235291,0.512582129240036,-0.34183160662651063,-0.08882899582386017,/eRZTGx7GsiKqPch96k27LK005ZL.jpg
Starship Troopers,-0.19560124427080156,0.5504990860819817,-0.04712019860744476,0.5853796243667603,-0.30534579455852506,-0.06465194374322891,/cxCmv23O7p3hyHwqoktHYkZcGsY.jpg
The Mummy,-0.39574350719340146,0.4434288188815117,0.07273711264133453,0.21593821644783018,-0.12642205357551575,-0.10205350399017334,/yhIsVvcUm7QxzLfT6HW2wLf5ajY.jpg
The Ring,-0.6953303979709744,0.14296657145023345,0.43112573623657224,0.5670903742313385,-0.22536278367042542,-0.16566279530525208,/AeRpUynJKDpJveklBJipOYrVxCS.jpg
Shang-Chi and the Legend of the Ten Rings,-0.13852362409234048,0.38528293967247007,0.04454082250595093,0.2311077952384949,-0.14257991909980774,0.047529399394989014,/d08HqqeBQSwN8i8MEvpsZ8Cb438.jpg
Rear Window,-0.6656088992953301,0.13927704691886902,0.22979504466056822,0.5994540303945541,-0.1493086725473404,-0.06063677370548248,/ILVF0eJxHMddjxeQhswFtpMtqx.jpg
Ready or Not,0.0696601301431656,0.2516939103603363,0.27783681750297545,0.30208779275417325,-0.033778315782547,0.20668742179870606,/oJD9KQFoObZmxAS1je56SIFVNJt.jpg
Apollo 13,-0.451718039996922,-0.09712172150611878,0.01579444110393524,0.16094089150428773,0.10483191013336182,-0.035521917045116425,/tVeKscCm2fY1xDXZk8PgnZ87h9S.jpg
Encanto,0.7396750174462795,0.09502084851264954,-0.24659648537635803,0.16094879806041718,0.2632448852062225,0.13801917552948,/4j0PNHkMr5ax3IA8tjtxcmPU3QT.jpg
Spider-Man: Across the Spider-Verse,0.28362416848540306,0.416013291478157,-0.09180516600608826,0.10824705958366394,-0.05522952973842621,0.03494274616241455,/8Vt6mWEReuy4Of61Lnj5Xj704m8.jpg
The Invisible Man,-0.3588081980124116,0.08977366834878922,0.5179022014141083,0.39881597757339476,-0.17823509573936464,-0.23252448439598083,/5EufsDwXdY2CVttYOk2WtYhgKpa.jpg
The Hobbit: The Desolation of Smaug,-0.06446270644664764,0.36590331271290777,-0.003451988101005554,0.14138783067464827,-0.19234195947647095,-0.03666909039020538,/xQYiXsheRCDBA39DOrmaw1aSpbk.jpg
The Lone Ranger,-0.26662323996424675,0.33484949767589567,-0.011897772550582886,0.1996579051017761,-0.24099547266960145,-0.07596662640571594,/yDuJGq8biNMW7zM3w95UaDJv0KG.jpg
Project X,0.03328598737716676,0.1168480932712555,-0.15678998827934265,0.059148466587066656,-0.15751022100448608,0.3342171365022659,/lUPDGT3lyRrq8SvWuNWG2DP64bR.jpg
Tenet,-0.4334969807416201,0.3599502176046372,0.06761874556541443,0.47558878958225254,-0.4098561525344848,-0.08483248949050903,/aCIFMriQh8rvhxpN1IWGgvH0Tlg.jpg
Jaws,-0.5828989030527217,0.42574318647384646,0.3212413191795349,0.5290381252765656,-0.15202995240688325,0.01824434518814087,/tjbLSFwi0I3phZwh8zoHWNfbsEp.jpg
Ice Age: Continental Drift,-0.23422320634126662,0.18668756037950515,0.0724770724773407,0.22756192088127136,-0.05011397302150726,0.09489670097827912,/dfp1BZF7FxbBUyzHvMOI9t8NWDD.jpg
Pirates of the Caribbean: Dead Man's Chest,-0.5003345790319145,0.377049608528614,0.050098612904548645,0.21020579636096953,-0.14178784787654877,-0.0793515294790268,/uXEqmloGyP7UXAiphJUu2v2pcuE.jpg
Venom: Let There Be Carnage,-0.3412705957889557,0.41614977419376376,0.17068419158458709,0.4125431418418884,-0.25130570530891416,-0.18560093641281128,/pzKsRuKLFmYrW5Q0q8E8G78Tcgo.jpg
The Kissing Booth 2,0.41980374306440355,0.013969749212265015,-0.03992310166358948,0.08565962612628937,0.29797099232673646,0.1733390510082245,/mb7wQv0adK3kjOUr9n93mANHhPJ.jpg
2 Fast 2 Furious,-0.18810033425688744,0.3828149825334549,0.17856845408678057,0.3711990565061569,-0.2716588869690895,-0.016878940165042877,/6nDZExrDKIXvSAghsFKVFRVJuSf.jpg
"Monsters, Inc.",0.10575787276029588,0.08233976364135742,0.13580510020256042,0.17437082529067993,0.0007690370082855252,0.1093017876148224,/wFSpyMsp7H0ttERbxY7Trlv8xry.jpg
Sherlock Holmes: A Game of Shadows,-0.3095558099448681,0.4591166198253631,0.1538138896226883,0.385881707072258,-0.12383130788803101,-0.13869692385196686,/vskIKrMNUAhns05dx8WYBQfcJEs.jpg
Snow White and the Huntsman,-0.05528858304023743,0.10260435491800307,0.04446136951446533,0.22356708198785782,0.05247934758663178,-0.012945324182510376,/8HUa5kRubYbnAD5UVpnhTGGgMTW.jpg
Big Fish,-0.2640164562811454,0.03600970208644866,0.06981585919857025,0.19784574806690217,0.2567399114370346,-0.14766812324523926,/tjK063yCgaBAluVU72rZ6PKPH2l.jpg
The Mist,-0.973829304939136,0.11636336743831635,0.1519562005996704,0.42153744399547577,0.07362554073333744,-0.13193312287330627,/1CvJ6diBACKPVGOpcWuY4XPQdqX.jpg
The Da Vinci Code,-0.3655561342835426,0.14438258707523347,-0.22528842687606815,0.6195949837565422,0.2910497665405274,-0.21271821856498718,/9ejKfNk0LBhSI9AahH4f9NJNZNM.jpg
Into the Wild,-0.1620548814535141,-0.05359667241573335,-0.08918369412422181,0.08908452689647675,0.12920684814453126,-0.08427059650421143,/jnLnLYP5pGDfri04gxtAqAvkHMw.jpg
The Menu,0.4886564269661903,0.318107932806015,0.1571337401866913,0.3831504762172699,-0.08205363750457764,0.37548858642578126,/fPtUgMcLIboqlTlPrq0bQpKK8eq.jpg
The Terminal,-0.6724472764879466,-0.12861809730529786,-0.0510369896888733,0.14107412695884705,0.10952739119529725,0.173375603556633,/cPB3ZMM4UdsSAhNdS4c7ps5nypY.jpg
Midnight in Paris,0.2071060359477997,-0.01587187498807907,0.03845673054456711,0.14067961573600768,0.2955588519573212,0.13357771635055543,/4wBG5kbfagTQclETblPRRGihk0I.jpg
Titanic,-0.33111196309328084,-0.08032386600971222,0.024014189839363098,0.2098275810480118,0.6260515809059144,-0.045775145292282104,/9xjZS2rlVxm8SFx8kPC3aIGCOYQ.jpg
City of God,-0.1984439796457688,-0.011609762907028198,0.12223661541938782,0.2008681356906891,0.04518005847930909,0.02558949589729309,/k7eYdWvhYQyRQoU2TB2A2Xu2TfD.jpg
Kick-Ass 2,-0.4892570713801044,0.5012452572584152,0.14680084586143494,0.2986966758966446,-0.1099531352519989,-0.00800621509552002,/1go2A3gdQjaMuHWquybgoJlQRcX.jpg
Looper,-0.5794264510273933,0.33211927413940434,0.0597435861825943,0.31835953891277313,-0.2667366236448288,0.0251142680644989,/sNjL6SqErDBE8OUZlrDLkexfsCj.jpg
Full Metal Jacket,-0.43790606781840324,0.009326756000518799,0.33452830910682674,0.2817808359861374,-0.10123839676380157,-0.020930737257003784,/kMKyx1k8hWWscYFnPbnxxN4Eqo4.jpg
E.T. the Extra-Terrestrial,-0.2682712584733963,0.288642019033432,0.01564560830593109,0.16605168879032134,0.008359509706497195,-0.02020869731903076,/an0nD6uq6byfxXCfk6lQBzdL2J1.jpg
Independence Day,-0.26090326470633346,0.497367388010025,0.009077712893486023,0.14415985643863677,-0.20012346506118775,-0.022259332239627838,/p0BPQGSPoSa8Ml0DAf2mB2kCU0R.jpg
The Matrix,-0.3135151559486985,0.2368597209453583,0.06652107834815979,0.13842405676841735,-0.1616711676120758,-0.04743720591068268,/p96dm7sCMn4VYAStA6siNz30G1r.jpg
Hansel & Gretel: Witch Hunters,-0.3841602709144354,0.1757804721593857,0.2830200046300888,0.2168442666530609,-0.2680168867111206,-0.09403049945831299,/j343Rpj3WeNvP0SV80zveve70io.jpg
Moneyball,-0.1565732043236494,-0.08784290254116059,-0.1648568943142891,0.14348711669445038,0.1281795769929886,0.09446951746940613,/4yIQq1e6iOcaZ5rLDG3lZBP3j7a.jpg
John Wick: Chapter 4,-0.27509860694408417,0.4742283165454865,0.1821197956800461,0.41428224742412567,-0.40960685610771175,0.009114742279052734,/vZloFAK7NmvMGKE7VkF5UHaz0I.jpg
The Matrix Reloaded,-0.6377207808196544,0.46519121229648586,0.10678766965866089,0.3620702922344208,-0.28489760756492616,-0.17467881739139557,/aA5qHS0FbSXO8PxcxUIHbDrJyuh.jpg
The Matrix Revolutions,-0.7011341524620851,0.4772291153669357,0.05955653190612793,0.3577992618083954,-0.3525126546621322,-0.12667864561080933,/bkkS61w94ZVMNVd8KEyyJl2tnY5.jpg
Men in Black,0.16468196281542383,0.40664894729852674,0.03147905319929123,0.12947123050689696,-0.19665460884571076,0.23151710331439973,/uLOmOF5IzWoyrgIF5MfUnh5pa1X.jpg
Men in Black II,-0.4613404043018818,0.2556124895811081,0.03313557803630829,0.21660809516906737,-0.2050473153591156,0.08534174859523774,/enA22EPyzc2WQ1VVyY7zxresQQr.jpg
Bram Stoker's Dracula,0.007607217878103256,0.040786534547805786,0.2958642244338989,0.17735341787338255,0.03567979335784913,-0.00096091628074646,/n39glC4GkBeCbwdenES8ZBodim8.jpg
After We Collided,-0.2800308093428612,-0.13623712062835694,0.0230972021818161,0.21248125433921816,0.43975608944892886,-0.04575994610786438,/kiX7UYfOpYrMFSAGbI6j1pFkLzQ.jpg
The Passion of the Christ,-0.4988743010250961,-0.07706889361143113,-0.06952792406082153,0.20697849094867707,0.08717515170574189,-0.045683808624744415,/v9f9MMrq2nGQrN7cHnQRmEq9lSE.jpg
Nobody,-0.7908665455877781,0.25761929452419285,0.1493799865245819,0.3893801271915436,-0.2684613585472107,-0.08141952753067017,/oBgWY00bEFeZ9N25wWVyuQddbAo.jpg
The Last Samurai,-0.7372212700545787,0.1510500252246857,0.1013795644044876,0.28937971591949463,-0.15551947355270385,-0.041607826948165894,/a8jmJPs5eZBARmnuEEvZwbjwyz4.jpg
Thor: Love and Thunder,0.09789990335702897,0.22411732077598573,0.09269624948501587,0.1213665783405304,-0.09702572822570801,0.16688598394393922,/pIkRyD18kl4FhoCNQuWxWu5cBLM.jpg
Rise of the Planet of the Apes,-0.11370476384957633,0.22370092272758488,0.02935953736305237,0.5907295465469361,-0.1927582085132599,-0.08166584372520447,/oqA45qMyyo1TtrnVEBKxqmTPhbN.jpg
The Platform,-0.09292421154677868,0.026251718401908875,0.1307475745677948,0.4247747987508774,-0.13160715997219086,-0.07179895043373108,/iXvQnzy6JCAx1PiQEKXuTY04ZHl.jpg
2001: A Space Odyssey,0.14032804779708385,0.23163198083639144,-0.0016022846102714539,0.21316621899604798,-0.057047039270401,-0.01640954613685608,/ve72VxNqjGM69Uky4WTo2bK6rfq.jpg
Ghostbusters,-0.25221809651702637,0.044170650839805606,-0.15118680596351625,0.2515473425388336,0.0235759735107422,0.15552802681922914,/7E8nLijS9AwwUEPu2oFYOVKhdFA.jpg
Grease,0.22271601408720018,0.02412060648202896,-0.19123658984899522,0.12899388670921325,0.45014637112617495,0.19419865012168885,/2rM7fQKpb7cs1Iq7IBqub9LFDzJ.jpg
Brave,0.06297748088836669,0.4582607209682465,0.2749257206916809,0.453480914235115,-0.132272469997406,-0.05827839970588683,/1XAuDtMWpL0sYSFK0R6EZate2Ux.jpg
Monsters University,-0.14964722593625387,0.0621471181511879,0.10819140374660492,0.2601612269878387,0.04574899673461914,-0.1069219708442688,/y7thwJ7z5Bplv6vwl6RI0yteaDD.jpg
Dark Shadows,-0.26880263965576884,0.013337808847427371,0.17050257921218873,0.26913372576236727,0.0007467567920684814,0.20372884273529054,/fd9Ck4cxVlmtXsbeGtQW7WFuUFI.jpg
The Matrix Resurrections,-0.08043599501252174,0.4334563076496124,0.017723992466926575,0.09407957196235657,-0.1619894564151764,-0.07141438126564026,/8c4a8kE7PizaGQQnditMmI1xbRp.jpg
Trainspotting,-0.2613656256347895,-0.016568851470947263,0.08600277304649354,0.13400349617004395,0.06811711788177491,0.1108063817024231,/y0HmDV0bZDTtXWHqqYYbT9XoshB.jpg
Interview with the Vampire,-0.4967988789081573,-0.06833415031433106,0.4377401053905487,0.5570540428161621,0.03375396132469177,-0.20487499237060547,/2162lAT2MP36MyJd2sttmj5du5T.jpg
The Usual Suspects,-0.8046666042258342,0.11832409203052521,0.20196574330329897,0.4684548556804657,-0.1829797625541687,-0.010849803686141968,/99X2SgyFunJFXGAYnDv3sb9pnUD.jpg
Twelve Monkeys,0.08771368116140364,0.1984821766614914,0.26118596792221066,0.8414473354816436,-0.2954137700796128,-0.04937034845352173,/gt3iyguaCIw8DpQZI1LIN5TohM2.jpg
The Wizard of Oz,-0.013184824585914592,0.21801016628742217,0.11192979216575623,0.27155337631702425,0.014401707053184512,-0.04393461346626282,/lbezZTzzOcomu2ezKJBUsIPtqA6.jpg
Bridget Jones's Diary,0.042008408407370246,-0.06980390846729279,0.044544059038162234,0.35809625983238225,0.42455547451972964,0.17891878008842468,/dkauRl9TosBFikftrC3OVcKWDoz.jpg
Spider-Man: No Way Home,-0.7666874806396663,0.39672637581825254,0.10107912123203278,0.15670134425163268,-0.17687991857528687,-0.03506886959075928,/1g0dhYtq4irTY1GPXvft6k4YLjm.jpg
Life Is Beautiful,0.39100854396820073,0.044520345330238326,-0.048033824563026434,0.19300543367862702,0.13235376477241517,0.26461704373359685,/mfnkSeeVOBVheuyn2lo4tfmOPQb.jpg
Wrath of Man,-0.10916180536150932,0.11375791430473328,0.18345344960689547,0.4892644077539444,-0.06208473920822144,0.08087316155433655,/M7SUK85sKjaStg4TKhlAVyGlz3.jpg
Catch Me If You Can,-0.31174734234809875,0.05720752477645874,0.09860066175460816,0.2166110709309578,-0.0395159363746643,0.04759497940540314,/sdYgEkKCDPWNU6KnoL4qd8xZ4w7.jpg
Ant-Man and the Wasp: Quantumania,-0.009517884999513629,0.4412549376487732,0.17013260126113894,0.34521895647048945,-0.1475822687149048,0.06165871024131775,/qnqGbB22YJ7dSs4o6M7exTpNxPz.jpg
Requiem for a Dream,-0.934063333335022,-0.02484407275915146,0.18606618642807007,0.17201710343360901,0.06633613109588624,-0.06648626923561096,/nOd6vjEmzCT0k4VYqsA2hwyi87C.jpg
A.I. Artificial Intelligence,-0.29804549403488634,0.09985074698925017,0.046622201800346375,0.1855090320110321,0.0907107949256897,-0.021686822175979614,/8MZSGX5JORoO72EfuAEcejH5yHn.jpg
Total Recall,-0.20005740341730416,0.309319044649601,0.10641438066959381,0.3792575001716614,-0.2477464497089386,-0.10493993759155273,/hVUxVVzZ0WvvPIpKwsMPMDOQyqi.jpg
Don't Look Up,-0.21317408625036477,0.11638016998767853,0.03574182093143463,0.17777376472949982,-0.04263797402381897,0.15964449644088746,/th4E1yqsE8DGpAseLiUrI60Hf8V.jpg
The Great Gatsby,0.08127142190933229,-0.0027892887592315674,0.009768807888031,0.3865755319595337,0.34452338814735417,-0.1157077956199646,/tyxfCBQv6Ap74jcu3xd7aBiaa29.jpg
21 Jump Street,-0.02369782961905001,0.360672852396965,0.11705753803253174,0.13042715489864348,-0.20133128613233567,0.3608214437961579,/8v3Sqv9UcIUC4ebmpKWROqPBINZ.jpg
Drive,-0.4337543778121471,0.17711194455623627,0.2531398802995682,0.5475413143634796,-0.18861523270606995,-0.08476987481117249,/602vevIURmpDfzbnv5Ubi6wIkQm.jpg
I Am Legend,-0.7014680375655492,-0.03696078062057495,0.13399519324302672,0.5801497042179107,-0.0908684241771698,-0.11565423011779785,/iPDkaSdKk2jRLTM65UOEoKtsIZ8.jpg
8 Mile,0.10214630514383316,-0.06646466851234437,-0.062435431778430944,0.12672772109508515,0.15341026782989503,0.026882246136665344,/7BmQj8qE1FLuLTf7Xjf9sdIHzoa.jpg
Troy,0.08368029197057088,0.29646390676498413,0.11982112675905227,0.16416947841644286,-0.10120940506458283,-0.1045723706483841,/a07wLy4ONfpsjnBqMwhlWTJTcm.jpg
The Girl with the Dragon Tattoo,-0.5639611364445752,0.1329238682985306,0.22774453163146974,0.5684245079755783,-0.12791599929332734,-0.032993167638778687,/8bokS83zGdhaXgN9tjidUKmAftW.jpg
Glass Onion: A Knives Out Mystery,0.3035068571567536,0.16522824168205263,0.0457879662513733,0.3282859802246094,-0.05397462844848633,0.4353937387466431,/vDGr1YdrlfbU9wxTOdpf3zChmv9.jpg
National Treasure: Book of Secrets,-0.19182264804840088,0.46660206913948055,0.1563794046640396,0.7003578275442124,-0.2015167850255966,-0.021695569157600403,/dc9F1vNOGbgeZrO9ejNkbgHPlfw.jpg
365 Days,-0.14982772320508958,-0.10122728943824769,0.1338221788406372,0.3081294745206833,0.313158068060875,-0.07197968661785126,/6KwrHucIE3CvNT7kTm2MAlZ4fYF.jpg
Transformers: Rise of the Beasts,-0.22373855113983154,0.44211570024490354,0.061388760805130005,0.19331573247909545,-0.2834546774625778,-0.15294182300567627,/gPbM0MK8CP8A174rmUwGsADNYKD.jpg
Oldboy,-0.7268166691064835,0.16755482554435733,0.1872760891914368,0.7647484183311464,-0.31023300886154176,0.023337906599044805,/pWDtjs568ZfOTMbURQBYuT4Qxka.jpg
Harry Potter and the Philosopher's Stone,0.2354192417114973,0.17511662244796752,0.04201200604438782,0.055321961641311646,-0.07275603711605072,0.06813168525695801,/wuMc08IPKEatf9rnMNXvIDxqP4W.jpg
Harry Potter and the Chamber of Secrets,-0.7091566221788526,0.1680903524160385,0.11766427755355835,0.14949044585227966,-0.11165143549442291,-0.11560091376304626,/sdEOH0992YZ0QSxgXNIGLq1ToUi.jpg
Harry Potter and the Prisoner of Azkaban,-0.8212588541209698,0.1207287698984146,0.0573858767747879,0.15759426355361938,-0.10775399208068848,-0.06152954697608948,/aWxwnYoe8p2d2fcxOqtvAtJ72Rw.jpg
Harry Potter and the Goblet of Fire,-0.07351230531930925,0.1566320151090622,0.049434348940849304,0.08553208410739899,-0.10289859771728516,-0.0032597631216049194,/fECBtHlr0RB3foNHDiCBXeg9Bv9.jpg
Harry Potter and the Order of the Phoenix,-0.5313393056392669,0.14824275821447372,0.08586457371711731,0.12621597945690155,-0.05290752649307251,-0.0857674777507782,/5aOyriWkPec0zUDxmHFP9qMmBaj.jpg
Sonic the Hedgehog 2,0.5576838776469231,0.4930083274841309,0.01415795087814331,0.11671933084726334,-0.14332313388586043,0.17144768476486208,/6DrHO1jr3qVrViUO6s6kFiAGM7.jpg
Pearl Harbor,0.027721960097551346,0.318668007850647,0.14381306767463684,0.21771240085363386,0.15585071742534637,-0.037790894508361816,/y8A0Cvp8WQmZ3bjbnsL53lY0dsC.jpg
Aliens,-0.3685124911367893,0.3958966419100761,0.07391573041677475,0.3615781217813492,-0.34022958278656007,0.01683949530124665,/r1x5JGpyqZU8PYhbs4UcrO1Xb6x.jpg
Pulp Fiction,-0.46698185820132493,0.21000243425369264,0.13363873064517975,0.3005310669541359,-0.05617967247962952,0.2129368007183075,/vQWk5YBFWF4bZaofAbv0tShwBvQ.jpg
Django Unchained,-0.09109021909534931,-0.13713183104991913,0.025921329855918884,0.297528338432312,0.1315325003862381,-0.028071798384189606,/7oWY8VDWW7thTzWh3OKYRkWUlD5.jpg
Iron Man 3,-0.2447382534543673,0.4159433305263519,0.08788987994194031,0.22120800912380217,-0.13978225588798524,-0.06615552306175232,/qhPtAc1TKbMPqNvcdXSOn9Bn7hZ.jpg
Elysium,-0.37300022939840954,0.22623417973518373,-0.03924412727355957,0.40674426257610324,-0.20369792580604554,0.04984959959983826,/uiiXHBd9oUrtUa4YqZiAoy05cRz.jpg
Pacific Rim,-0.28402573615312576,0.4657560050487518,-0.09369291067123414,0.23557596206665038,-0.012704366445541376,-0.08325721323490143,/8wo4eN8dWKaKlxhSvBz19uvj8gA.jpg
Oz the Great and Powerful,-0.024056026525795443,0.2076590448617935,-0.09663253128528596,0.11963431537151337,-0.01580570340156555,-0.071522057056427,/tkzfAUEKoUp4YFNbZV9hfpZOz0z.jpg
Argo,-0.7725706503260881,0.08559270203113556,0.08557658195495606,0.4628083288669586,-0.10628348588943481,-0.10085994005203247,/m5gPWFZFIp4UJFABgWyLkbXv8GX.jpg
Warcraft,-0.06660076727469762,0.3792604565620422,0.05416014790534973,0.19576311409473418,-0.1264771431684494,-0.07353872060775757,/nZIIOs06YigBnvmlJ2hxZeA8eTO.jpg
Meet the Fockers,-0.047810639937718724,0.025987304747104645,0.056211188435554504,0.11018825247883797,0.17905856370925904,0.19099338054656984,/59fXm6N2x7QSbvt6BaBxTNBXGL8.jpg
Dune: Part Two,-0.24406240582466127,0.31051191687583923,-0.18242232203483583,0.13975738286972045,0.17287166118621827,0.01694603681564331,/1pdfLvkbY9ohJlCjQH2CZjjYVvJ.jpg
The Shining,-0.4927749273677667,0.5615601599216461,0.38232271671295165,0.7453118354082107,-0.09398231506347657,0.0057908463478088465,/uAR0AWqhQL1hQa69UDEbb2rE5Wx.jpg
The 40 Year Old Virgin,-0.09304126484526526,-0.06667058914899826,-0.01674012839794159,0.044215920567512515,0.19127689003944398,0.21586589217185975,/mVeoqL37gzhMXQVpONi9DGOQ3tZ.jpg
No Country for Old Men,-0.567469559982419,0.20073210895061494,0.3167661815881729,0.4257080674171448,-0.20633912682533265,-0.12844042479991913,/6d5XOczc226jECq0LIX0siKtgHR.jpg
Million Dollar Baby,-0.5863940265029669,-0.1385492593050003,-0.06067598462104798,0.14704445600509644,0.22349464595317842,-0.09578433632850647,/jcfEqKdWF1zeyvECPqp3mkWLct2.jpg
The Hunger Games,-0.3132255285978317,0.4711863815784454,-0.014235760271549228,0.3371901959180832,-0.23892999291419983,-0.04307672381401062,/yXCbOiVDCxO71zI7cuwBRXdftq8.jpg
Prometheus,-0.1170785774787267,0.22571053504943847,0.08266862481832504,0.36769693791866304,-0.13226677477359772,-0.16012907028198242,/qsYQflQhOuhDpQ0W2aOcwqgDAeI.jpg
Van Helsing,-0.5498698125282923,0.5068775355815887,0.38196015655994414,0.46375221312046044,-0.2659555941820145,-0.15056642889976501,/gsFun8nATm52aGHeT8ueAel98nE.jpg
Bullet Train,-0.06122510284185406,0.31611229777336125,0.053187626600265506,0.34242935478687286,-0.2982123911380768,0.17145728766918183,/j8szC8OgrejDQjjMKSVXyaAjw3V.jpg
Cloverfield,-0.5995941440264384,0.45698432922363286,0.08210879564285278,0.47087565064430237,-0.28748632669448854,-0.13347402215003967,/qIegUGJqyMMCRjkKV1s7A9MqdJ8.jpg
Ted,0.6674414247274398,-0.002441219985485077,0.019397974014282227,0.08667926490306854,0.07764173150062562,0.28963561058044435,/tZPTcdGTpxq4yJx1YxqBl0gthNz.jpg
World War Z,-0.7183588928853473,0.3094884186983109,0.37659659981727595,0.6931596398353577,-0.4703207451105118,-0.13623803853988647,/aCnVdvExw6UWSeQfr0tUH3jr4qG.jpg
G.I. Joe: Retaliation,-0.38919589744182304,0.4910376191139221,0.1165610283613205,0.38680316507816315,-0.30923735797405244,-0.0873570442199707,/3rWIZMzTKcCtV0eHJ70Z4Ru659f.jpg
American History X,-0.5298670822754502,-0.1172717571258545,0.07652467489242554,0.2284012943506241,0.0064008295536041315,-0.032073572278022766,/x2drgoXYZ8484lqyDj7L1CEVR4T.jpg
Juno,0.36905070543289187,-0.14421524703502656,-0.0794994592666626,0.1766922861337662,0.3213744640350342,0.20077793002128602,/jNIn2tVhpvFD6P9IojldI3mNYcn.jpg
There Will Be Blood,0.044553120930989586,-0.059973409771919256,-0.0066095441579818726,0.12958282828330994,0.07817191481590272,0.04954054206609726,/fa0RDkAlCec0STeMNAhPaF89q6U.jpg
War of the Worlds,-0.2001570239663124,0.323972687125206,0.045455101132392886,0.27354408502578736,-0.12702756226062775,0.00921650230884552,/6Biy7R9LfumYshur3YKhpj56MpB.jpg
Top Gun,-0.21333563327789307,0.31163528263568885,0.04400614202022553,0.23935082256793977,-0.014827021956443781,0.055745769739151005,/xUuHj3CgmZQ9P2cMaqQs4J0d4Zc.jpg
Chicken Run,0.05425335516532265,0.01089286059141159,0.0738750696182251,0.1313086897134781,0.0025652527809143094,0.1860299974679947,/oYbVT9e0k2ZSrRhDSCw2Yqshe1n.jpg
Tropic Thunder,-0.2535878942133143,0.47904700040817266,0.14815110266208648,0.28451225608587266,-0.1539111018180847,0.11393663406372072,/zAurB9mNxfYRoVrVjAJJwGV3sPg.jpg
The Sixth Sense,-0.5726962298154831,0.011030621826648712,-0.02692807316780091,0.7385829448699951,0.03200705766677857,-0.09864678978919983,/vOyfUXNFSnaTk7Vk5AjpsKTUWsu.jpg
Shaun of the Dead,0.45162954926490784,0.10199646055698396,0.2820519357919693,0.3624557137489319,-0.12159525036811829,0.29762086987495423,/dgXPhzNJH8HFTBjXPB177yNx6RI.jpg
Shooter,-0.45663192719221113,0.22072611451148988,0.15845597088336943,0.4635675609111786,-0.16004160642623902,0.019608497619628906,/2aWGxo1E5polpBjPvtBRkWp7qaS.jpg
Mars Attacks!,0.09282833039760591,0.03187530040740967,0.07845721691846848,0.043338811397552496,-0.12840020656585693,0.29784247577190404,/vUbGCNSEilGvxRQZi2kfTPRP0pS.jpg
V for Vendetta,-0.541338412463665,0.30908282399177556,0.057393822073936465,0.37649576365947723,-0.30404479503631593,-0.05887120962142944,/piZOwjyk1g51oPHonc7zaQY3WOv.jpg
Face/Off,-0.7927438776940107,0.469459679722786,0.22996554672718048,0.46645348072052,-0.18209782838821412,-0.05299590110778808,/69Xzn8UdPbVnmqSChKz2RTpoNfB.jpg
From Dusk Till Dawn,-0.37177086445902074,0.4158737897872925,0.42790242433547976,0.4121007651090622,-0.34641190171241765,-0.08884763717651367,/uBoQytp3KTQFaVqTe6d0ECGaKh9.jpg
Déjà Vu,-0.22507457435131073,0.3525286495685578,0.10639468133449555,0.37480373680591583,-0.21694586873054506,-0.04205390810966492,/eTX6hklzFOiEVqVukNCEedZKhix.jpg
Oblivion,-0.33704039454460144,0.38516775369644163,0.011204361915588379,0.3289278745651245,-0.16099767982959748,0.01661732792854309,/5Onf4TW3mZn3oLeKVr9W4FGomQQ.jpg
Now You See Me,-0.411553089852844,0.3522694289684296,0.17026443481445314,0.49378212690353396,-0.1663595497608185,0.021114577054977417,/tWsNYbrqy1p1w6K9zRk0mSchztT.jpg
The Black Phone,-0.6251669716089964,0.14554896354675295,0.49034684300422665,0.49220980107784273,-0.31269989609718324,-0.11904022097587585,/p9ZUzCyy9wRTDuuQexkQ78R2BgF.jpg
Jack Reacher,-0.5683631006628275,0.3305656641721726,0.21972599029541018,0.5073379337787628,-0.27939189076423643,-0.01277431845664978,/uQBbjrLVsUibWxNDGA4Czzo8lwz.jpg
The Expendables 2,-0.4826617447193712,0.47644687145948406,0.04876062572002411,0.3490220606327057,-0.2923691689968109,-0.022603347897529602,/74rTIGyGoIu5KSxDVMdr8H3MtMo.jpg
The Wolverine,-0.24344536662101746,0.3871948182582855,0.14086775481700897,0.27478675842285155,-0.27108984291553495,-0.15937641263008118,/t2wVAcoRlKvEIVSbiYDb8d0QqqS.jpg
Monty Python and the Holy Grail,0.4553304851055146,0.4177131712436676,0.032778605818748474,0.2366460919380188,-0.05396753549575806,0.3640683168172837,/7nTkHjETdGMYK1phHwDbPsrzbYl.jpg
12 Years a Slave,-0.6757688532272974,-0.07768902778625489,-0.012130677700042725,0.22044726312160492,0.039819991588592535,-0.12346687912940979,/xdANQijuNrJaw1HA61rDccME4Tm.jpg
Percy Jackson: Sea of Monsters,0.10971754640340806,0.17536749839782714,0.008982926607131958,0.0957876443862915,0.05766748189926148,0.01670929789543152,/tAu90qEpLqwqiZLsMqpaMVr55oN.jpg
Thor: The Dark World,-0.34104270508719814,0.37109641581773756,0.026649951934814453,0.1598065823316574,-0.136572203040123,-0.13531826436519623,/wp6OxE4poJ4G7c0U2ZIXasTSMR7.jpg
Mad Max: Fury Road,-0.34236816316843033,0.3423136830329895,0.1251181960105896,0.20789349377155303,-0.12340906858444214,-0.1935819685459137,/hA2ple9q4qnwxp3hKVNhroipsir.jpg
Hotel Transylvania,0.15422288415332638,0.10684220790863037,0.09647390246391296,0.07111908495426178,0.06018329560756684,0.06623081982135773,/eJGvzGrsfe2sqTUPv5IwLWXjVuR.jpg
The Dictator,0.050141158699989336,0.13139331638813018,0.01770874857902527,0.1276523768901825,-0.1326218843460083,0.15863518714904787,/n0W7kajF4GFMRk2c0wWwMQqTaDM.jpg
Avatar: The Way of Water,-0.043580517172813416,0.3671222984790802,-0.16850021183490754,0.24815671443939208,-0.1759556233882904,-0.20268020033836365,/t6HIqrRAclMCA60NsSmeqe9RmNV.jpg
Prey,0.06379900872707367,0.4633719861507416,0.00962082743644714,0.38724452555179595,-0.13816774487495423,-0.0033155488967895504,/2FKjLRt7oK1bRRIrxgWmthbBdFh.jpg
Harry Potter and the Half-Blood Prince,-0.2593853294849396,0.1274492084980011,0.15589964687824248,0.21782246083021164,0.01982818394899369,-0.07377330958843231,/z7uo9zmQdQwU5ZJHFpv2Upl30i1.jpg
Chronicle,-0.1854709640145302,0.046575102210044864,-0.0037855386734008817,0.394871461391449,-0.008370557427406305,0.01708038568496704,/kdyrdFIt29FUmLIKvedAc2j4rpo.jpg
Jupiter Ascending,-0.014455758035182953,0.26975900381803514,0.04930437356233597,0.058794337511062625,-0.13284312784671784,-0.052129343152046204,/kHmFYqjbDq7mURGYhCHGgJUGdir.jpg
GoodFellas,-0.5546425506472588,0.017813846468925476,0.20754698514938355,0.2033490300178528,-0.14250662326812744,-0.13086798787117004,/9OkCLM73MIU2CrKZbqiT8Ln1wY2.jpg
Memento,-0.5763114660978317,0.039607381820678716,0.20395593643188475,0.7842503190040588,-0.1150107741355896,-0.2848055958747864,/fKTPH2WvH8nHTXeBYBVhawtRqtR.jpg
Home Alone,-0.10876671299338339,-0.0002421185374259921,-0.034204140305519104,0.05543743818998337,-0.02573483884334564,0.3641235411167145,/i5We88HdO9Nsrv8xLyo4toNsLUM.jpg
Home Alone 2: Lost in New York,0.08295590803027156,0.2637064278125763,-0.008877649903297424,0.20143376886844636,-0.04463721513748169,0.3655824393033982,/9CAkQ9nfrDaIAyncWndwg0tfC8g.jpg
Little Miss Sunshine,-0.4832627930367986,-0.15930573493242264,-0.1573272615671158,0.13888753801584244,0.3072851479053498,0.15784452557563783,/wKn7AJw730emlmzLSmJtzquwaeW.jpg
The Intouchables,0.37085025496780877,-0.06983866095542908,-0.008123129606246948,0.1435381531715393,0.0682096540927887,0.2783797693252564,/i97FM40bOMKvKIo3hjQviETE5yf.jpg
Blade Runner,-0.448668300639838,0.0026261359453201294,0.07711091935634613,0.3809847488999367,-0.11502885818481445,-0.025511570274829865,/63N9uy8nd9j7Eog2axPQ8lbr3Wj.jpg
Gattaca,-0.33588459705933926,0.07943717241287232,0.03647165298461914,0.480759871006012,-0.01677668988704681,-0.01372787356376648,/eSKr5Fl1MEC7zpAXaLWBWSBjgJq.jpg
Mr. & Mrs. Smith,-0.063318021222949,0.3535829365253449,0.10679959058761597,0.42604375779628756,-0.12591635286808014,0.19448542714118958,/kjD700RtyhveN3ZbOnSvUSne0Qj.jpg
Zack Snyder's Justice League,-0.34669090807437897,0.42912248373031614,0.03851282596588135,0.188082355260849,-0.25541468560695646,-0.1290486752986908,/tnAuB8q5vv7Ax9UAEje5Xi4BXik.jpg
Platoon,-0.6066115949302912,0.17757456898689272,0.21297270953655242,0.22825963199138644,-0.127407568693161,-0.04307454824447632,/m3mmFkPQKvPZq5exmh0bDuXlD9T.jpg
Poor Things,0.9733780175447464,0.25723291635513307,0.1486753851175308,0.44226089715957634,0.24066256284713747,0.14739699780941012,/kCGlIMHnOm8JPXq3rXM6c5wMxcT.jpg
Ender's Game,-0.2573863076046109,0.37383409440517423,0.05146399140357971,0.247090807557106,-0.15687308311462403,-0.09584769606590271,/a0YKfNbBIBk4CB7V0yxjUKQhqah.jpg
The Impossible,-0.14336112942546608,0.1104438528418541,0.007410708069801333,0.33957694768905644,-0.0333426296710968,0.04679569602012634,/k0DLCiDbnYywOHiISALbl2EH2NE.jpg
Madagascar 3: Europe's Most Wanted,0.11704579293727879,0.2967725664377212,0.03941861540079117,0.11025163531303406,-0.055108335614204404,0.27016953676939015,/ekraj4ksvIKeuvQVEevEJkuybZd.jpg
21,-0.09393053791589207,0.041470929980278015,0.05083919167518616,0.11368379592895508,0.03711064755916596,0.07242146134376526,/efG8Po57alqSlhqHU1lXJ3duG6t.jpg
Se7en,-0.8569095611572265,0.19254903197288514,0.4197469353675842,0.8908040642738342,-0.2997029352188111,-0.17938333749771118,/191nKfP0ehp3uIvWqgPbFmI4lv9.jpg
Alien³,-0.9708820535801351,0.27925716042518617,0.3683164745569229,0.25269632935523983,-0.3518539041280746,-0.17591699957847595,/xh5wI0UoW7DfS1IyLy3d2CgrCEP.jpg
Alien Resurrection,-0.4068534284830093,0.26851093471050264,0.3368232250213623,0.22828969955444334,-0.2879334807395935,-0.1229642778635025,/9aRDMlU5Zwpysilm0WCWzU2PCFv.jpg
Shrek,0.404376749197642,0.20842438638210298,0.04144149273633957,0.13918527960777283,0.1201383650302887,0.24531369209289552,/iB64vpL3dIObOtMZgX3RqdVdQDc.jpg
Shrek 2,0.18899270296096807,0.23036006838083267,0.045065343379974365,0.15673185437917708,0.27992069721221924,0.2365315330028534,/2yYP0PQjG8zVqturh1BAqu2Tixl.jpg
Shrek the Third,-0.05106206089258189,0.1739642858505249,0.09872459173202515,0.10908016562461853,-0.02636663913726807,0.1525246322154999,/n4SexGGQzI26E269tfpa80MZaGV.jpg
Jack the Giant Slayer,-0.010222293436527252,0.3171095475554466,-0.011385627090930939,0.27938472628593447,0.03132709860801697,0.00708182156085968,/9jSI7saUX9Qz0JLh19jX2ulEwL7.jpg
Rise of the Guardians,-0.13128678649663925,0.3786116600036621,0.04627150297164917,0.13614629507064818,-0.12495459914207459,-0.008866041898727417,/sW4qOa9yF0Ikg7lppncQ0n5UhKX.jpg
Aladdin,0.18505221316590906,0.19374392330646514,-0.036173298954963684,0.24957211911678312,0.46107099652290345,-0.011562854051589966,/eLFfl7vS8dkeG1hKp5mwbm37V83.jpg
Jumper,-0.6635949033312499,0.34507434666156767,0.014856305718421933,0.2850186616182327,0.016189357638359075,-0.05836005508899689,/3pPZ9JhNz3VMmASVir5SMHvTDUU.jpg
Sinister,-0.25557403825223446,0.13608262836933138,0.5141893088817596,0.7212022721767426,-0.3628986448049545,-0.17713811993598938,/nzx10sca3arCeYBAomHan4Q6wa1.jpg
Warm Bodies,-0.16401653941720723,-0.009889021515846252,0.3239220827817917,0.2521790623664856,0.03611681461334229,0.1288880228996277,/c9aMzKmb5yqxLYLRbvrxJh2xlKY.jpg
Taken 2,-0.7512949416413903,0.4647229209542274,0.18239366412162783,0.43628792762756347,-0.23493508696556092,-0.08407093584537506,/yzAlcuJhpnxRPjaj7AHBRbNPQCJ.jpg
Wreck-It Ralph,0.4087210685014725,0.23963689506053926,0.023661881685256958,0.11558175086975098,0.020983862876892093,0.2428342413902283,/zWoIgZ7mgmPkaZjG0102BSKFIqQ.jpg
Silver Linings Playbook,-0.3738870700023003,-0.18489081263542176,0.0848056972026825,0.1784972041845322,0.2861822426319123,0.17010311484336854,/y7iOVneBvITlBdhy6tVqXVOa1Js.jpg
Les Misérables,-0.4213978499174118,-0.06104839146137238,0.02582952380180359,0.2407180428504944,0.25375848412513735,-0.004220317602157592,/6CuzBs2Lb8At7qQr64mLXg2RYRb.jpg
After Earth,-0.2913853466510773,0.4280653059482574,-0.01796524822711945,0.16175589263439177,-0.05035640299320221,-0.10430680215358734,/iXMvYIlzzJBs352CfeiQcBvovZt.jpg
How to Train Your Dragon 2,0.08867376546065012,0.4780654728412629,-0.19248191714286805,0.3952511355280876,0.2839518249034882,0.13548717021942142,/d13Uj86LdbDLrfDoHR5aDOFYyJC.jpg
Fast & Furious 6,0.07301150436202686,0.3841910302639008,0.1964495271444321,0.538068225979805,-0.1875403642654419,-0.035117655992507935,/thSmnRdrzPBBospIOJjLZBReqzo.jpg
In Bruges,0.2924710610881448,0.1925154969096184,0.1106656700372696,0.235366353392601,0.06625070273876191,0.32798716068267825,/vz3Vd6nfq9YZrVvyYx5RHFaYKV3.jpg
Cloud Atlas,-0.10380967706441879,-0.08209276795387269,-0.0021786391735076904,0.18240854740142823,0.1057218074798584,-0.003807365894317627,/8naVv2Xu3rWI5JKHz0vCujx6GaJ.jpg
Ice Age: Dawn of the Dinosaurs,-0.12768622934818266,0.10099741220474243,0.01402251422405243,0.09065264463424683,0.012753564119338992,0.1524572938680649,/cXOLaxcNjNAYmEx1trZxOTKhK3Q.jpg
Cast Away,-0.2217653375118971,0.00807768404483794,0.02157549560070038,0.18994677662849427,0.05830595493316651,-0.025064408779144287,/7lLJgKnAicAcR5UEuo8xhSMj18w.jpg
Superbad,0.10636949241161348,-0.09315831959247589,-0.07609058171510696,0.019761115312576294,-0.009324073791503906,0.23370144963264466,/ek8e8txUyUwd2BNqj6lFEerJfbq.jpg
Moonrise Kingdom,-0.1837656885385513,-0.12875541150569916,-0.0010963439941406306,0.37182579338550564,0.5540428757667542,0.061222639679908764,/y4SXcbNl6CEF2t36icuzuBioj7K.jpg
Transformers: Revenge of the Fallen,-0.8086224857717752,0.3793944031000137,0.01848110556602478,0.15532772541046141,-0.18304038643836976,-0.08683755993843079,/pLBb0whOzVDtJvyD4DPeQyQNOqp.jpg
My Neighbor Totoro,0.3807750441133976,-0.013276875019073486,-0.11482784003019333,0.06469091773033142,0.1251214683055878,0.025958627462387085,/rtGDOeG9LzoerkDGZF9dnVeLppL.jpg
Dumb and Dumber,0.04805543621381125,0.0355386883020401,0.03702682852745057,0.1826030597090721,0.00756208598613739,0.26223952770233155,/4LdpBXiCyGKkR8FGHgjKlphrfUc.jpg
Hitch,0.2760552138090134,-0.11549841463565827,-0.09404715895652771,0.23803822100162508,0.32770781517028813,0.28869782090187074,/x3W9H3nhGQbWSlyI8Amp2F6Z6cz.jpg
The Perks of Being a Wallflower,-0.26907338500022887,-0.18514556288719178,0.09715506434440613,0.263717395067215,0.2656421184539795,-0.1311628520488739,/aKCvdFFF5n80P2VdS7d8YBwbCjh.jpg
Raiders of the Lost Ark,-0.2866402916610241,0.5851398080587387,0.036520615220069885,0.2253133416175842,-0.15829697847366334,-0.07950406104326248,/ceG9VzoRAVGwivFU403Wc3AHRys.jpg
Boyhood,0.22631884117921194,-0.11341816782951356,0.07225596904754639,0.18708332479000092,0.04180551171302796,-0.14231574535369873,/2BvtvDUyxiMJ4dmKfiQf4qdOHQN.jpg
The Mask,-0.3772440962959081,0.0936471238732338,0.10889026522636414,0.15787907242774962,0.21960623860359194,0.25036073029041295,/jPC2eYub74zwf2tPGVtzSlBW6Oy.jpg
Black Hawk Down,-0.35920571559108794,0.342062808573246,0.2964969664812088,0.1644927218556404,-0.2008053153753281,-0.08711802214384079,/7fU5dSqKRL4XHeEUz62rCKBfYok.jpg
Who Framed Roger Rabbit,-0.44594020703807474,0.18277465701103213,0.09028592705726624,0.163254976272583,0.1722377508878708,0.1594088834524155,/lYfRc57Kx9VgLZ48iulu0HKnM15.jpg
Saving Private Ryan,-0.25408991053700447,0.03588999807834625,0.21289675831794738,0.20890401154756547,0.03166352510452271,0.09360205233097077,/uqx37cS8cpHg8U35f9U5IBlrCV3.jpg
The Lion King,-0.3144482284784317,0.07115832269191741,0.0647931694984436,0.2274193972349167,0.18913147747516634,-0.0750730037689209,/sKCr78MXSLixwmZ8DyJLrpMsd15.jpg
Total Recall,-0.20005740341730416,0.35931904464960096,0.05641438066959381,0.17925750017166137,-0.1477464497089386,-0.10493993759155273,/wVbeL6fkbTKSmNfalj4VoAUUqJv.jpg
Toy Story,-0.06770047486892766,0.14759739637374877,-0.002874895930290222,0.03864423185586929,0.008061367273330691,0.22113984525203706,/uXDfjJbdP4ijW5hWSBrPrlKpxab.jpg
Toy Story 2,0.07790182232856752,-0.06683185696601868,0.02139464020729065,0.11497259140014648,-0.06092281341552734,0.22738878130912782,/4rbcp3ng8n1MKHjpeqW0L7Fnpzz.jpg
Taken,-0.28650009762495754,0.320487055182457,0.05673165917396546,0.31629328429698944,-0.22179859578609468,0.0017671287059783936,/ognkaUSNgJe1a2pjB4UNdzEo5jT.jpg
Noah,-0.17193597741425037,0.09141767323017119,0.004042476415634155,0.1927582010626793,0.08318994045257569,-0.09692183136940002,/vVLkHabnF5lVpCpqyhZBI5iCYMA.jpg
Indiana Jones and the Temple of Doom,-0.4947441969998181,0.3853291630744934,0.08463433384895325,0.22636764049530028,-0.16355038285255433,-0.1537749469280243,/gpdVNUaa4LhRMLfJOPj1AZdhAZ3.jpg
Terminator Genisys,-0.4584532164037228,0.4627877891063691,0.13461098372936248,0.48529431819915775,-0.2896527171134949,-0.11502014100551605,/oZRVDpNtmHk8M1VYy1aeOWUXgbC.jpg
Oppenheimer,-0.10295812785625458,0.11525577008724211,0.16480572819709777,0.4037586748600006,0.05148304104804993,-0.07551579177379608,/8Gxv8gSFCU0XGDykEGv7zR1n2ua.jpg
Flight,-0.5094878021627665,-0.14664559662342072,0.01448032259941101,0.15463853478431702,0.012575840950012213,-0.008452147245407104,/tFsHDNclXoCKy2xMxskzXXMaFJS.jpg
Life of Pi,-0.6944891551509499,0.022377315163612355,0.07018637657165527,0.25546119213104246,0.07911779582500458,-0.04612274467945099,/iLgRu4hhSr6V1uManX6ukDriiSc.jpg
Hook,0.19327970296144487,0.2127981573343277,0.070592001080513,0.0955301895737648,-0.019844931364059445,0.18698601126670839,/a6rB1lGXoGms7gWxRfJneQmAjNV.jpg
Dirty Dancing,-0.43412450266381103,-0.07823036089539528,0.007154598832130432,0.20070348829030993,0.4136138647794724,-0.020713001489639282,/9Jw6jys7q9gjzVX5zm1z0gC8gY9.jpg
Jumanji,0.17872762779394785,0.11519109606742858,-0.062435185909271246,0.10462518036365509,0.07614436149597169,-0.01624983549118042,/vgpXmVaVyUL7GGiDeiK1mKEKzcX.jpg
How the Grinch Stole Christmas,-0.5067137170583009,-0.016099050641059875,-0.010194733738899231,0.19080417454242707,0.13801696717739106,0.2795392096042633,/1WZbbPApEivA421gCOluuzMMKCk.jpg
Journey to the Center of the Earth,0.20535726615538202,0.3753915563225746,-0.017666921019554138,0.11744474172592163,-0.07457210421562195,0.13630319833755494,/kL55wY0s2H9JdwfjoWIp9plvYnl.jpg
Indiana Jones and the Last Crusade,-0.4170022497574488,0.4752727016806602,0.0779140293598175,0.16842985451221465,-0.12425652742385865,-0.05143387198448181,/sizg1AU8f8JDZX4QIgE4pjUMBvx.jpg
Wanted,-0.749761188402772,0.3981730878353119,0.314082944393158,0.44014300405979156,-0.3079201400279999,-0.15360908210277557,/cbDMsV4VJAL2xJ2JXdWWjmUXZkT.jpg
Hancock,-0.34906529150903226,0.24494092985987664,0.01982247829437256,0.18870748877525328,-0.02653670310974121,-0.015507906675338745,/7DyuV2G0hLEqHeueDfOqhZ2DVut.jpg
Bad Boys II,-0.38838653564453124,0.3087680965662003,0.23579254150390624,0.28850426375865934,-0.23617604970932007,0.1052746891975403,/yCvB5fG5aEPqa1St7ihY6KEAsHD.jpg
Twilight,-0.08681048080325127,-0.09202592670917512,-0.09199384450912476,0.2203677982091904,0.5454634428024292,-0.02222137153148651,/3Gkb6jm6962ADUPaCBqzz9CTbn9.jpg
Transformers: Age of Extinction,-0.12191170507243701,0.4151474818587303,-0.08161690682172776,0.15217069089412688,-0.13664914667606354,0.024188563227653503,/jyzrfx2WaeY60kYZpPYepSjGz4S.jpg
Cars,-0.06596103012561796,0.10747160911560058,0.04609622061252594,0.19152411818504333,0.07772981524467469,0.18853471875190736,/2Touk3m5gzsqr1VsvxypdyHY5ci.jpg
Gremlins,-0.27680959450080994,0.10887584984302522,0.42754179835319517,0.31325910687446595,-0.20718536376953126,0.3747279715538025,/6m0F7fsXjQvUbCZrPWcJNrjvIui.jpg
The Jungle Book,0.07422155737876893,0.22276179641485214,0.07848329842090607,0.1580660194158554,-0.05500386357307434,-0.08741016685962677,/9BgcTVV43dZ8A1TpuXWkuNTXtfI.jpg
The Substance,0.05894137248396873,0.34373742938041685,0.1429244220256805,0.4485684156417847,-0.06925907731056213,0.11229050993919373,/lqoMzCcZYEFK729d6qzt349fB4o.jpg
Click,0.35585024356842043,-0.07867409586906433,-0.09968832731246949,0.08619194328784943,0.010592250525951391,0.30692511916160586,/oL0k5JA53PyoHSZqKb3cNkhwBCE.jpg
The Goonies,-0.13492809560682087,0.1741239108145237,0.012471899390220642,0.06671777367591858,0.06063153147697449,0.15600561797618867,/eBU7gCjTCj9n2LTxvCSIXXOvHkD.jpg
Despicable Me 2,-0.07181127419074382,0.1568810284137726,0.14990175068378447,0.3899505257606506,0.05807795524597169,0.19847532331943513,/5Fh4NdoEnCjCK9wLjdJ9DJNFl2b.jpg
Dr. Strangelove or: How I Learned to Stop Worrying and Love the Bomb,-0.05256239487789577,0.29989449381828304,0.2671224296092987,0.14490314126014708,-0.21765551269054412,0.46629671752452856,/4UQJ60D2NRD9OPrTdjBHfpLl3c4.jpg
Ferris Bueller's Day Off,0.29884321441253026,-0.02073855698108673,-0.06955733150243759,0.03016800433397293,-0.05672495812177658,0.3420731544494629,/9LTQNCvoLsKXP0LtaKAaYVtRaQL.jpg
Anastasia,-0.39124242067337034,0.27991389930248256,0.19498022198677062,0.2989177227020264,0.05220620632171631,-0.08889089524745941,/bppGWGA8zq1sRvTdDJnUzVW9GcH.jpg
The Nightmare Before Christmas,-0.4597795769572258,0.08838094919919968,0.11124040484428406,0.2567234426736832,-0.043659326434135434,0.004020680189132691,/oQffRNjK8e19rF7xVYEN8ew0j7b.jpg
Halloween,-0.43898728117346764,0.1716731533408165,0.41460284888744353,0.41723771691322326,-0.2290985107421875,-0.10225812673568725,/wijlZ3HaYMvlDTPqJoTCWKFkCPU.jpg
Daredevil,-0.02798131704330445,0.3416967511177063,0.03323625028133392,0.19092761278152465,-0.21991021037101746,-0.015286430716514587,/oCDBwSkntYamuw8VJIxMRCtDBmi.jpg
A Bug's Life,0.049609157443046586,0.11689952909946441,0.010861620306968689,0.09975719451904297,-0.04955254942178726,0.2398067831993103,/Ah3J9OJVc2CNCuH2zMydXy9fmIC.jpg
Heat,-0.4060429044999182,0.2751006811857224,0.14101908206939698,0.2885908305644989,-0.05851408839225769,0.019861478805541993,/umSVjVdbVwtx5ryCA2QXL44Durm.jpg
Armageddon,-0.7880777366459369,0.5284850150346756,0.1193361759185791,0.35612842440605164,-0.3309350281953812,-0.02195566475391388,/eTM3qtGhDU8cvjpoa6KEt5E2auU.jpg
Ice Age: The Meltdown,-0.1613266888385017,0.19055184125900268,0.036382123827934265,0.15321660041809082,0.0043019086122512845,0.14708600640296937,/zDduhCHasKQ9YOTvlOreHem7Wbi.jpg
Kung Fu Panda,0.06160660323997341,0.3282147854566574,-0.058612740039825445,0.13755113184452056,-0.038094368577003476,0.18894819617271424,/wWt4JYXTg5Wr3xBW2phBrMKgp3x.jpg
Man on Fire,-0.7978860460221767,0.1240776151418686,0.11450238823890686,0.50307155251503,-0.2652572751045227,-0.07421346008777618,/grCGLCcTHv9TChibzOwzUpykcjB.jpg
Madagascar,0.25628897547721863,0.24421703815460205,0.03458032011985779,0.06417880952358246,-0.0857545256614685,0.43281119465827944,/zMpJY5CJKUufG9OTw0In4eAFqPX.jpg
Final Destination,-0.9473505055531859,0.16783567070960997,0.3646594762802124,0.2747092187404633,-0.19882691502571107,-0.07393404841423035,/1mXhlQMnlfvJ2frxTjZSQNnA9Vp.jpg
Mission: Impossible,-0.8308901758864522,0.5431500196456909,0.08559002280235291,0.412582129240036,-0.34183160662651063,-0.08882899582386017,/l5uxY5m5OInWpcExIpKG6AR3rgL.jpg
Prince of Persia: The Sands of Time,0.1113666519522667,0.4054564893245697,0.07230943441390991,0.13761218190193175,-0.13902581334114075,0.020106136798858643,/r9nw8LMdewMvRdNkEy0GH8yQ4n0.jpg
Mission: Impossible II,-0.3110324248671532,0.5293199241161346,0.10874435603618622,0.35403645038604736,-0.2741821974515915,-0.0402291864156723,/hfnrual76gPeNFduhD4xzHWpfTw.jpg
The Exorcist,-0.5548632498830557,0.17978771179914477,0.4982866287231445,0.3975280284881592,-0.09773061275482178,-0.0879218727350235,/5x0CeVHJI8tcDx8tUUwYHQSNILq.jpg
Mission: Impossible III,-0.5641950105316936,0.5427736341953278,0.1082161694765091,0.5844788968563079,-0.21604066371917724,-0.05740937173366546,/vKGYCpmQyV9uHybWDzXuII8Los5.jpg
The Fast and the Furious: Tokyo Drift,-0.39891938492655754,0.3004065185785294,0.20426499247550967,0.45224840044975284,-0.28746183812618253,-0.016264721751213074,/46xqGOwHbh2TH2avWSw3SMXph4E.jpg
The Italian Job,-0.40793669829145074,0.3349003076553345,0.13268808126449586,0.19687515795230864,-0.15324140191078187,-0.04005458950996399,/eSkjK4kctyrWpFhxl35GPvSs6tI.jpg
Rush,0.05064842104911804,0.1360109955072403,-0.16803936362266542,0.3343505203723907,0.1887042045593262,-0.12465192377567291,/95BDrWmcfJDEa2WCfjmLgi67jhi.jpg
Children of Men,-0.5582262386050489,0.20686176121234895,0.08813758492469788,0.5200439810752868,-0.15190318822860718,-0.06296198070049286,/8Xgvmx7WWc7Z9Ws9RAYk7uya2kh.jpg
RoboCop,-0.669905660673976,0.3789066776633263,0.0940653383731842,0.21914954781532286,-0.2132546752691269,-0.07989034056663513,/gM5ql3BKYmHG3WtZ0buKXN7xY8O.jpg
The Place Beyond the Pines,-0.5259408358484506,0.07306506037712097,0.17042177319526675,0.40425122976303096,-0.029421800374984736,-0.11175765097141266,/vY5j2xQzMGWmxBuhQo0HfA4Lxqb.jpg
Bad Boys,-0.5670112034926811,0.3849519729614258,0.17188998460769656,0.32672542333602905,-0.3114100515842438,0.21749914884567262,/x1ygBecKHfXX4M2kRhmFKWfWbJc.jpg
Fantastic Four,-0.11975331045687199,0.26830531358718873,-0.037842115759849554,0.18904668390750884,-0.03939521312713623,-0.11726999282836914,/5qLP3JVg8NE3zdZd48lqhx7iN5Q.jpg
Hannibal,-0.3396541186250173,0.2513788312673569,0.33550372719764704,0.5919671878218651,-0.0858984887599945,-0.04457522928714752,/v5wAZwRqpGWmyAaaJ8BBHYuNXnj.jpg
Unbreakable,-0.5390923506269852,0.027518033981323242,0.10121332406997681,0.8777684718370438,0.06608732640743256,-0.06583112478256226,/mLuehrGLiK5zFCyRmDDOH6gbfPf.jpg
Elemental,0.6185329556465149,-0.007661700248718262,-0.11712203025817872,0.1339354395866394,0.23925107717514038,0.2211997926235199,/4Y1WNkd88JXmGfhtWR7dmDAo1T2.jpg
The Fast and the Furious,0.02301150436202685,0.48419103026390076,0.1964495271444321,0.488068225979805,-0.1875403642654419,-0.015117655992507934,/gqY0ITBgT7A82poL9jv851qdnIb.jpg
Gladiator,-0.12694070984919867,0.25121912360191345,0.008043542504310608,0.24463891386985778,-0.02343715727329254,-0.0131615549325943,/ty8TGRuvJLPUmAR1H1nRIsgwvim.jpg
The Rock,-0.30109710743916884,0.5483592301607132,0.0985882043838501,0.3770524919033051,-0.23393161296844484,0.037274882197380066,/eBcoxveWzzXQrCrwWMGAROcqgpP.jpg
The Incredibles,0.27738136073405095,0.5209224492311478,-0.04317287206649781,0.20929228365421293,0.014746177196502688,0.03614877581596375,/2LqaLgk4Z226KkgPJuiOQ58wvrm.jpg
Happy Feet,0.297042403370142,-0.02028617262840271,-0.002095341682434082,0.05973842740058899,0.1688962519168854,0.21027722656726838,/za41IHkj6LnkilfTzv5B2qmthKD.jpg
Teenage Mutant Ninja Turtles,-0.5089106552302838,0.329129359126091,0.12882749736309052,0.21682079434394835,-0.30545096695423124,0.059083592891693126,/azL2ThbJMIkts3ZMt3j1YgBUeDB.jpg
The Princess Diaries,0.21870296845833462,0.04463234841823578,0.010654747486114502,0.12770544290542601,0.29700323939323425,0.166919322013855,/qSw4lzhDGeM5MjQc86BLzJALhBs.jpg
Avengers: Age of Ultron,-0.38840168714523315,0.4615858256816864,-0.007213085889816284,0.24274565577507018,-0.2903946995735168,-0.13523563742637634,/4ssDuvEDkSArWEdyBl2X5EHvYKU.jpg
